{"type": "FeatureCollection", "features": [{"type": "Feature", "properties": {}, "geometry": {"type": "LineString", "coordinates": [[73.1055, 35.3396], [72.9054, 35.1452], [72.8005, 35.0777]]}}, {"type": "Feature", "properties": {}, "geometry": {"type": "LineString", "coordinates": [[73.726, 34.6544], [73.7641, 34.6883], [73.8249, 34.7284], [73.9435, 34.73], [74.0129, 34.7273], [74.0808, 34.7146], [74.115, 34.7106], [74.1331, 34.7201]]}}, {"type": "Feature", "properties": {}, "geometry": {"type": "LineString", "coordinates": [[73.7502, 34.054], [73.7289, 34.1088], [73.6791, 34.1445], [73.6736, 34.1848], [73.4723, 34.3953]]}}, {"type": "Feature", "properties": {}, "geometry": {"type": "LineString", "coordinates": [[73.4578, 34.387], [73.4, 34.4293], [73.3434, 34.5893]]}}, {"type": "Feature", "properties": {}, "geometry": {"type": "LineString", "coordinates": [[74.1099, 34.0868], [73.8269, 34.1961], [73.7517, 34.2612]]}}, {"type": "Feature", "properties": {}, "geometry": {"type": "LineString", "coordinates": [[73.6205, 34.0467], [73.5898, 33.9463], [73.5513, 33.8508], [73.5084, 33.7544], [73.4426, 33.6939], [73.3684, 33.6036], [73.2747, 33.5248], [73.2017, 33.4894]]}}, {"type": "Feature", "properties": {}, "geometry": {"type": "LineString", "coordinates": [[73.8516, 36.657], [73.3683, 36.7127], [72.9872, 36.6151]]}}, {"type": "Feature", "properties": {}, "geometry": {"type": "LineString", "coordinates": [[73.0288, 36.8499], [72.8449, 36.8077], [72.6931, 36.7459], [72.5731, 36.671], [72.4685, 36.5315], [72.3179, 36.4387], [71.985, 36.2835], [71.9183, 36.1613], [71.629, 35.9754]]}}, {"type": "Feature", "properties": {}, "geometry": {"type": "LineString", "coordinates": [[73.7463, 36.8122], [73.3737, 36.8592], [73.2313, 36.8026], [73.0951, 36.8118], [72.9477, 36.7713], [72.7865, 36.692]]}}, {"type": "Feature", "properties": {}, "geometry": {"type": "LineString", "coordinates": [[73.7906, 36.4218], [73.4358, 36.4455], [73.0645, 36.3988], [72.8275, 36.2932], [72.6596, 36.2518]]}}, {"type": "Feature", "properties": {}, "geometry": {"type": "LineString", "coordinates": [[74.2642, 35.1814], [74.1131, 35.1439], [74.0251, 35.1427], [73.8845, 35.1212], [73.4081, 34.8742], [73.3583, 34.8326], [73.2743, 34.8271], [73.161, 34.8307], [73.0684, 34.8346]]}}, {"type": "Feature", "properties": {}, "geometry": {"type": "LineString", "coordinates": [[73.3517, 34.4087], [73.3053, 34.5382], [73.2988, 34.6017], [73.325, 34.6658], [73.3653, 34.7295], [73.4111, 34.8002], [73.4676, 34.8398], [73.5373, 34.873]]}}, {"type": "Feature", "properties": {}, "geometry": {"type": "LineString", "coordinates": [[73.4916, 34.0013], [73.3864, 33.871], [73.2391, 33.7643], [73.1659, 33.7069], [73.0186, 33.6441], [72.87, 33.6308], [72.7417, 33.6196], [72.5914, 33.5969], [72.4523, 33.6151], [72.324, 33.6496], [72.1124, 33.7152], [71.9002, 33.707], [71.687, 33.641], [71.5335, 33.6097], [71.3467, 33.6055], [71.2248, 33.599], [71.1497, 33.5841]]}}, {"type": "Feature", "properties": {}, "geometry": {"type": "LineString", "coordinates": [[73.1913, 33.5839], [72.9979, 33.5063], [72.9134, 33.5012], [72.7522, 33.4337], [72.5183, 33.3984], [72.0821, 33.469]]}}, {"type": "Feature", "properties": {}, "geometry": {"type": "LineString", "coordinates": [[73.3894, 34.3377], [73.4013, 34.1744], [73.3559, 34.0746], [73.2353, 33.9637], [73.048, 33.8436], [72.872, 33.8001], [72.7362, 33.7794], [72.6124, 33.7605], [72.4491, 33.7823], [72.2454, 33.8268], [72.085, 33.8491], [71.9705, 33.8231], [71.8427, 33.7867], [71.7214, 33.7107]]}}, {"type": "Feature", "properties": {}, "geometry": {"type": "LineString", "coordinates": [[73.5113, 32.8168], [73.3563, 32.7167], [73.2666, 32.7199], [73.1365, 32.729], [73.0686, 32.6571], [72.9553, 32.6272], [72.7683, 32.6555], [72.6113, 32.5827], [72.3413, 32.5265], [72.2729, 32.4393], [72.1342, 32.3897]]}}, {"type": "Feature", "properties": {}, "geometry": {"type": "LineString", "coordinates": [[74.0534, 32.9774], [73.8222, 32.816], [73.4405, 32.6261], [73.2201, 32.5187], [72.9531, 32.4935], [72.7533, 32.5147]]}}, {"type": "Feature", "properties": {}, "geometry": {"type": "LineString", "coordinates": [[73.5666, 33.2015], [73.4247, 33.0518], [73.2585, 32.9843], [73.1437, 32.8904], [73.0388, 32.8001], [72.9063, 32.7414], [72.7618, 32.7447]]}}, {"type": "Feature", "properties": {}, "geometry": {"type": "LineString", "coordinates": [[73.5553, 34.8989], [73.6317, 34.8702], [73.6533, 34.7746], [73.6411, 34.709], [73.6399, 34.6635], [73.6831, 34.6421]]}}, {"type": "Feature", "properties": {}, "geometry": {"type": "LineString", "coordinates": [[73.7517, 34.2612], [73.705, 34.4451], [73.5379, 34.563], [73.4996, 34.6478]]}}, {"type": "Feature", "properties": {}, "geometry": {"type": "LineString", "coordinates": [[73.4981, 34.6485], [73.433, 34.6657], [73.384, 34.6492], [73.3449, 34.5915]]}}, {"type": "Feature", "properties": {}, "geometry": {"type": "LineString", "coordinates": [[73.9903, 35.2175], [73.9192, 35.2065], [73.8071, 35.1844], [73.5871, 35.0848], [73.394, 35.037], [73.2184, 35.0543], [73.0617, 35.0363]]}}, {"type": "Feature", "properties": {"name": "Komachi-Odani"}, "geometry": {"type": "LineString", "coordinates": [[133.4036, 35.3749], [133.4093, 35.3689], [133.4136, 35.3637], [133.4178, 35.3585], [133.421, 35.3542], [133.4238, 35.3497], [133.4261, 35.3448], [133.4275, 35.3405], [133.4282, 35.3344], [133.4288, 35.3295], [133.4296, 35.3252], [133.4348, 35.3213], [133.4404, 35.3196], [133.4442, 35.3164], [133.448, 35.3119], [133.4514, 35.307], [133.4556, 35.3003], [133.4596, 35.292], [133.4632, 35.2806]]}}, {"type": "Feature", "properties": {"name": "Hanamure"}, "geometry": {"type": "LineString", "coordinates": [[131.2711, 33.1431], [131.2787, 33.1482], [131.2845, 33.1507], [131.2929, 33.1543], [131.2984, 33.157], [131.306, 33.1583], [131.3106, 33.1599], [131.3208, 33.1633], [131.3248, 33.1652], [131.3318, 33.1665], [131.3359, 33.1665]]}}, {"type": "Feature", "properties": {"name": "Kitsuki-oki-higashi"}, "geometry": {"type": "LineString", "coordinates": [[131.864, 33.3537], [131.8583, 33.3564], [131.8519, 33.3606], [131.8443, 33.3634], [131.8367, 33.3652], [131.8263, 33.3687], [131.8155, 33.3704], [131.8061, 33.3708], [131.7954, 33.3721], [131.7865, 33.3713], [131.7784, 33.3704], [131.7709, 33.3704], [131.7653, 33.3706], [131.758, 33.369], [131.7541, 33.3679], [131.7501, 33.3675], [131.7484, 33.3667]]}}, {"type": "Feature", "properties": {"name": "Shimogo"}, "geometry": {"type": "LineString", "coordinates": [[131.395, 34.1133], [131.3928, 34.1084], [131.3889, 34.1011], [131.384, 34.0936], [131.3757, 34.0816], [131.3634, 34.0681], [131.355, 34.0566], [131.3515, 34.0503], [131.3474, 34.0425], [131.3439, 34.0357], [131.3362, 34.0247], [131.3297, 34.0158], [131.3248, 34.0081], [131.3204, 34.0006], [131.318, 33.9943], [131.3163, 33.9876], [131.3153, 33.9807], [131.3143, 33.9741]]}}, {"type": "Feature", "properties": {"name": "Yasuda"}, "geometry": {"type": "LineString", "coordinates": [[134.0681, 33.5914], [134.0609, 33.5809], [134.0567, 33.5751], [134.0516, 33.5666], [134.043, 33.5532], [134.0358, 33.544], [134.0282, 33.5339], [134.0163, 33.5173], [134.0063, 33.5043], [134.0011, 33.4965], [133.999, 33.4923], [133.996, 33.4813], [133.9917, 33.4662], [133.9891, 33.4544], [133.987, 33.4474], [133.984, 33.4344]]}}, {"type": "Feature", "properties": {"name": "Kitsuki-oki"}, "geometry": {"type": "LineString", "coordinates": [[131.6397, 33.3461], [131.6417, 33.3468], [131.645, 33.3466], [131.6508, 33.3458], [131.6556, 33.3445], [131.6653, 33.3429], [131.6781, 33.3422], [131.6868, 33.3386], [131.6954, 33.3373], [131.7039, 33.3381], [131.7151, 33.3378], [131.7297, 33.3346], [131.7343, 33.3323], [131.74, 33.3286], [131.745, 33.3257], [131.7469, 33.3237], [131.7494, 33.3224], [131.755, 33.3202], [131.7639, 33.3183], [131.7759, 33.3178], [131.7918, 33.3156], [131.8023, 33.3141], [131.8135, 33.3143], [131.8211, 33.3144], [131.8303, 33.3151], [131.8331, 33.315], [131.8372, 33.3158], [131.841, 33.3181], [131.845, 33.321], [131.8506, 33.3225], [131.8549, 33.3237], [131.8591, 33.3246], [131.8634, 33.3267]]}}, {"type": "Feature", "properties": {"name": "Tateishiyama"}, "geometry": {"type": "LineString", "coordinates": [[131.2899, 33.3023], [131.2942, 33.3044], [131.299, 33.3047], [131.3033, 33.3041], [131.307, 33.3036], [131.3111, 33.3035], [131.3145, 33.3035], [131.3194, 33.3054], [131.3258, 33.3069], [131.3334, 33.3075], [131.3385, 33.3066], [131.3431, 33.3047], [131.3466, 33.3028], [131.3518, 33.3018], [131.361, 33.3014], [131.3626, 33.3011], [131.3667, 33.3004], [131.3715, 33.2991], [131.376, 33.2982], [131.3817, 33.2978], [131.3855, 33.2979], [131.3874, 33.2982], [131.3908, 33.2985], [131.3946, 33.2988], [131.3978, 33.2991]]}}, {"type": "Feature", "properties": {"name": "Tachibanawan-minami"}, "geometry": {"type": "LineString", "coordinates": [[129.876, 32.6321], [129.8846, 32.6334], [129.8949, 32.6379], [129.9055, 32.6458], [129.9144, 32.6521], [129.9263, 32.6582], [129.9393, 32.6638], [129.9465, 32.6681], [129.9549, 32.6703], [129.963, 32.6716], [129.9695, 32.672], [129.9779, 32.6729], [129.9859, 32.6742], [129.9972, 32.6788], [130.0037, 32.6812], [130.0135, 32.685], [130.0207, 32.6885], [130.0315, 32.6892], [130.0412, 32.6863], [130.0523, 32.6795], [130.0607, 32.6748], [130.0682, 32.6732], [130.0749, 32.6727], [130.0802, 32.674], [130.0841, 32.6747], [130.0882, 32.6751], [130.0928, 32.6749], [130.0996, 32.6744], [130.1066, 32.6746], [130.1123, 32.6742], [130.1156, 32.674]]}}, {"type": "Feature", "properties": {"name": "Fukae"}, "geometry": {"type": "LineString", "coordinates": [[130.2492, 32.7455], [130.2539, 32.7437], [130.2596, 32.7433], [130.2652, 32.7436], [130.2704, 32.7426], [130.2799, 32.7406], [130.2868, 32.7389], [130.2917, 32.7371], [130.2948, 32.7347], [130.298, 32.7322], [130.3029, 32.7295], [130.3112, 32.7242], [130.3253, 32.7169], [130.3332, 32.7131], [130.3421, 32.7099], [130.3504, 32.7047], [130.3565, 32.7004], [130.3674, 32.6957], [130.3714, 32.6948], [130.3743, 32.6937], [130.3799, 32.6928], [130.3829, 32.6919], [130.3862, 32.6904], [130.3902, 32.6901], [130.3984, 32.6911], [130.4033, 32.6928], [130.4109, 32.6962], [130.414, 32.6973], [130.4165, 32.698], [130.422, 32.7008], [130.4247, 32.7016], [130.4314, 32.7025], [130.4383, 32.7027], [130.4438, 32.7037], [130.4567, 32.7071], [130.464, 32.7088], [130.4682, 32.7094], [130.4905, 32.7134]]}}, {"type": "Feature", "properties": {"name": "Oharako"}, "geometry": {"type": "LineString", "coordinates": [[131.7091, 34.3216], [131.6957, 34.3102], [131.6871, 34.3035], [131.6798, 34.2987], [131.6713, 34.2936], [131.6589, 34.2875], [131.6475, 34.2828], [131.6347, 34.2765], [131.6268, 34.273], [131.6197, 34.2684], [131.6085, 34.2606], [131.5996, 34.2535], [131.5907, 34.2476], [131.5813, 34.2426], [131.5731, 34.2394], [131.5672, 34.2365], [131.5614, 34.2327], [131.5544, 34.2272], [131.547, 34.2185], [131.5448, 34.2059], [131.5448, 34.2002], [131.542, 34.1953], [131.5362, 34.1887], [131.5301, 34.1779], [131.527, 34.1721], [131.524, 34.1617], [131.525, 34.1523], [131.5252, 34.1458], [131.5256, 34.1392], [131.5265, 34.135]]}}, {"type": "Feature", "properties": {"name": "Hijiu"}, "geometry": {"type": "LineString", "coordinates": [[131.1571, 33.3212], [131.1618, 33.3215], [131.1687, 33.3207], [131.1715, 33.3201], [131.1742, 33.3186], [131.1763, 33.3182], [131.1842, 33.3193], [131.1904, 33.3204], [131.1987, 33.321], [131.2096, 33.3213], [131.2152, 33.3213], [131.221, 33.3206], [131.2262, 33.3201], [131.2381, 33.3207], [131.2418, 33.3218], [131.2452, 33.323], [131.2482, 33.3237], [131.2517, 33.325], [131.2561, 33.3256], [131.2612, 33.3274], [131.2639, 33.3276], [131.2674, 33.3276], [131.2711, 33.3268], [131.2773, 33.3257], [131.285, 33.3262], [131.2915, 33.3268], [131.2969, 33.3255], [131.3036, 33.3238], [131.3095, 33.3216], [131.3128, 33.3209], [131.3204, 33.32], [131.3267, 33.3184], [131.3315, 33.3171], [131.3346, 33.317], [131.3379, 33.3187], [131.3436, 33.3225], [131.3473, 33.3242], [131.3527, 33.3252], [131.3586, 33.3253], [131.3641, 33.325], [131.37, 33.3239], [131.3741, 33.3235], [131.3808, 33.3236], [131.3908, 33.3236], [131.3995, 33.3244], [131.4074, 33.3259], [131.4125, 33.3271], [131.4189, 33.3297], [131.4269, 33.334], [131.4352, 33.3403], [131.4418, 33.3436], [131.4486, 33.3465], [131.4541, 33.3485], [131.4634, 33.3497], [131.4745, 33.3487], [131.4806, 33.3481], [131.4878, 33.347], [131.4938, 33.3462], [131.4968, 33.3456]]}}, {"type": "Feature", "properties": {"name": "Nishiyama"}, "geometry": {"type": "LineString", "coordinates": [[130.4853, 33.8393], [130.4874, 33.838], [130.489, 33.8357], [130.4914, 33.8335], [130.4929, 33.8318], [130.495, 33.8282], [130.4956, 33.8253], [130.4963, 33.8217], [130.4982, 33.8158], [130.5028, 33.8088], [130.5091, 33.8013], [130.5143, 33.796], [130.5187, 33.7911], [130.5207, 33.7865], [130.5222, 33.7818], [130.5243, 33.776], [130.5282, 33.77], [130.5332, 33.7646], [130.5384, 33.7596], [130.5444, 33.7545], [130.5466, 33.7525], [130.5512, 33.7459], [130.5562, 33.7395], [130.5604, 33.735], [130.5654, 33.7304], [130.5685, 33.7263], [130.57, 33.7223], [130.5745, 33.7157], [130.5818, 33.7063], [130.5852, 33.7021], [130.5881, 33.6973], [130.5915, 33.6896], [130.5948, 33.6848], [130.6025, 33.6781], [130.6067, 33.6727], [130.6104, 33.6675], [130.6168, 33.6624], [130.6253, 33.6559], [130.6355, 33.6467], [130.6381, 33.6438], [130.6408, 33.6392], [130.6424, 33.6366], [130.6451, 33.6332], [130.6507, 33.6288], [130.6563, 33.6235], [130.6591, 33.6195], [130.6618, 33.6143], [130.6619, 33.6134]]}}, {"type": "Feature", "properties": {"name": "Suonada-minami"}, "geometry": {"type": "LineString", "coordinates": [[131.5854, 33.8835], [131.5785, 33.8776], [131.571, 33.8689], [131.5648, 33.8622], [131.5623, 33.8576], [131.5556, 33.8475], [131.5463, 33.8374], [131.5394, 33.8308], [131.5323, 33.8275], [131.5266, 33.8246], [131.5189, 33.8189], [131.5054, 33.8075], [131.4961, 33.7997], [131.4915, 33.7949], [131.488, 33.7915], [131.4849, 33.7893], [131.4779, 33.7852], [131.4749, 33.7815], [131.4725, 33.777], [131.4696, 33.7733], [131.4668, 33.7695], [131.4595, 33.7635], [131.4566, 33.7605], [131.4554, 33.7571], [131.4528, 33.7522], [131.4491, 33.7482], [131.4465, 33.7452], [131.443, 33.7391], [131.4368, 33.7317], [131.4281, 33.7233], [131.4257, 33.7207], [131.4228, 33.7172], [131.4211, 33.7147], [131.4175, 33.7088], [131.4153, 33.7061], [131.413, 33.704], [131.4093, 33.7007], [131.4033, 33.6946], [131.3995, 33.6914], [131.3955, 33.6882], [131.3921, 33.6852], [131.3874, 33.6806], [131.3846, 33.6788], [131.3803, 33.6729]]}}, {"type": "Feature", "properties": {"name": "Aio-oki"}, "geometry": {"type": "LineString", "coordinates": [[131.5262, 33.9261], [131.5209, 33.9201], [131.5184, 33.9169], [131.5135, 33.9101], [131.5089, 33.9038], [131.5035, 33.8982], [131.4949, 33.8917], [131.4885, 33.887], [131.4815, 33.8823], [131.4741, 33.876], [131.4717, 33.8728], [131.4636, 33.8658], [131.4582, 33.8613], [131.4528, 33.8548], [131.4461, 33.8449], [131.4374, 33.835], [131.4317, 33.8295], [131.427, 33.8249], [131.4224, 33.8215], [131.4182, 33.8177], [131.4149, 33.8137], [131.4121, 33.8083], [131.4099, 33.8056], [131.4056, 33.8004], [131.4014, 33.797], [131.3989, 33.7935], [131.3965, 33.7904], [131.3931, 33.7876], [131.3909, 33.7841], [131.3872, 33.779], [131.3827, 33.7745], [131.3776, 33.7688], [131.3738, 33.7647]]}}, {"type": "Feature", "properties": {"name": "Gotanda"}, "geometry": {"type": "LineString", "coordinates": [[130.2548, 31.7297], [130.2671, 31.7292], [130.2802, 31.7287], [130.2936, 31.7291], [130.3039, 31.7288], [130.3122, 31.7301], [130.3165, 31.7319], [130.3271, 31.7352], [130.3347, 31.7368], [130.3432, 31.7378], [130.3533, 31.74], [130.3624, 31.7441], [130.373, 31.7499], [130.3817, 31.7548], [130.3887, 31.7589], [130.3948, 31.7614], [130.4064, 31.7667], [130.4273, 31.773], [130.4401, 31.7762], [130.4516, 31.7798], [130.463, 31.783], [130.4739, 31.7866], [130.4809, 31.7896], [130.4845, 31.7935]]}}, {"type": "Feature", "properties": {"name": "Ube-nantooki-nanto"}, "geometry": {"type": "LineString", "coordinates": [[131.3987, 33.8556], [131.3952, 33.8496], [131.3932, 33.8477], [131.3905, 33.8448], [131.3892, 33.8425], [131.386, 33.8362], [131.3797, 33.8278], [131.3743, 33.8224], [131.3667, 33.8158], [131.3641, 33.8133], [131.3586, 33.8063], [131.35, 33.7971], [131.3462, 33.7932], [131.3411, 33.7902], [131.3385, 33.7864], [131.3373, 33.7805], [131.3353, 33.7772], [131.3321, 33.7742], [131.3286, 33.7723]]}}, {"type": "Feature", "properties": {"name": "Ube-oki"}, "geometry": {"type": "LineString", "coordinates": [[131.2655, 33.8395], [131.2678, 33.8356], [131.2701, 33.8305], [131.2725, 33.8254], [131.2762, 33.8188], [131.279, 33.814], [131.281, 33.8066], [131.284, 33.7958], [131.2874, 33.785], [131.2917, 33.7719], [131.2942, 33.7644], [131.2962, 33.7611], [131.2998, 33.7567], [131.3065, 33.7521], [131.3095, 33.7485]]}}, {"type": "Feature", "properties": {"name": "Gyodozaki"}, "geometry": {"type": "LineString", "coordinates": [[134.1177, 33.2982], [134.1272, 33.3072], [134.1425, 33.3238], [134.15, 33.3339], [134.1597, 33.3455], [134.1687, 33.3566], [134.1712, 33.3608], [134.1735, 33.364], [134.1835, 33.3789], [134.1929, 33.3902], [134.2006, 33.3997], [134.2067, 33.4059], [134.2127, 33.4112], [134.2173, 33.4146]]}}, {"type": "Feature", "properties": {"name": "Funai"}, "geometry": {"type": "LineString", "coordinates": [[131.4382, 33.2947], [131.442, 33.2945], [131.4458, 33.2938], [131.4492, 33.2916], [131.4565, 33.2889], [131.466, 33.2863], [131.4746, 33.2838], [131.479, 33.2813], [131.4824, 33.2789], [131.4861, 33.2749], [131.4892, 33.273], [131.497, 33.2703], [131.5078, 33.2679], [131.5109, 33.2666], [131.5139, 33.2654], [131.5172, 33.2652], [131.5249, 33.2647], [131.5312, 33.2637], [131.5395, 33.2622], [131.5459, 33.2603], [131.5533, 33.2582], [131.5625, 33.2561], [131.5701, 33.2537], [131.573, 33.253], [131.5815, 33.2517], [131.5894, 33.2496], [131.5958, 33.2467], [131.6041, 33.2434], [131.6132, 33.2402], [131.6217, 33.2378], [131.6277, 33.2368], [131.6351, 33.2373], [131.6389, 33.2413], [131.6428, 33.2442], [131.6471, 33.2457], [131.6537, 33.247], [131.6585, 33.2471], [131.6622, 33.248], [131.6675, 33.2485], [131.6744, 33.2497], [131.6832, 33.2506], [131.6951, 33.2513], [131.7072, 33.252], [131.7116, 33.2524], [131.713, 33.2532], [131.7148, 33.2533]]}}, {"type": "Feature", "properties": {"name": "Chijiwa"}, "geometry": {"type": "LineString", "coordinates": [[130.0675, 32.7592], [130.0704, 32.7612], [130.0778, 32.7643], [130.083, 32.7669], [130.0912, 32.7697], [130.0985, 32.7716], [130.1038, 32.7717], [130.1116, 32.7718], [130.1173, 32.7714], [130.1276, 32.7706], [130.1398, 32.7705], [130.1516, 32.773], [130.1643, 32.7756], [130.177, 32.7777], [130.1927, 32.7776], [130.2058, 32.7744], [130.2123, 32.7716], [130.2174, 32.7697], [130.221, 32.7692], [130.2251, 32.7693], [130.2301, 32.7694], [130.241, 32.7686], [130.2539, 32.7662], [130.2688, 32.7623], [130.2804, 32.7577], [130.2897, 32.7519], [130.2975, 32.7485], [130.3084, 32.7462], [130.3166, 32.744], [130.3226, 32.7435], [130.3326, 32.7443], [130.34, 32.7445], [130.346, 32.7442]]}}, {"type": "Feature", "properties": {"name": "Tokusa-Jifuku"}, "geometry": {"type": "LineString", "coordinates": [[131.7783, 34.4398], [131.7649, 34.4281], [131.7542, 34.4176], [131.744, 34.4088], [131.7313, 34.3997], [131.7068, 34.3846], [131.6808, 34.3697], [131.6619, 34.3576], [131.6382, 34.3471], [131.6294, 34.3438], [131.6203, 34.3355], [131.6037, 34.3217], [131.5888, 34.3114], [131.5742, 34.2998], [131.5669, 34.2909], [131.5585, 34.2816], [131.5495, 34.2755], [131.5409, 34.2686], [131.5298, 34.2603], [131.5247, 34.2556], [131.5203, 34.2495], [131.5163, 34.2408], [131.514, 34.2327], [131.5119, 34.2238], [131.5106, 34.2188], [131.5079, 34.2138], [131.5037, 34.2101], [131.5002, 34.2075], [131.4934, 34.2032]]}}, {"type": "Feature", "properties": {"name": "Chichio"}, "geometry": {"type": "LineString", "coordinates": [[134.6429, 34.1786], [134.6343, 34.1776], [134.6227, 34.1763], [134.6148, 34.1754], [134.6093, 34.1754], [134.6035, 34.1743], [134.5911, 34.1715], [134.585, 34.1702], [134.5776, 34.1694], [134.5711, 34.1689], [134.5621, 34.1676], [134.554, 34.1665], [134.5471, 34.1642], [134.5405, 34.1614], [134.5322, 34.1566], [134.5287, 34.1554], [134.524, 34.1554], [134.5187, 34.1569], [134.5147, 34.1575], [134.5099, 34.1574], [134.5039, 34.1563], [134.4993, 34.155], [134.4954, 34.1538], [134.4921, 34.153], [134.487, 34.151], [134.4844, 34.1502], [134.4788, 34.1498], [134.475, 34.1489], [134.4721, 34.148], [134.4682, 34.147], [134.4615, 34.1461], [134.4585, 34.145], [134.4559, 34.1433], [134.4523, 34.1426], [134.445, 34.1414], [134.4424, 34.1405], [134.4375, 34.139], [134.427, 34.1371], [134.4183, 34.1358], [134.4127, 34.1358], [134.4045, 34.1357], [134.3962, 34.1351], [134.3917, 34.1344], [134.3879, 34.133], [134.3825, 34.1306], [134.3782, 34.1293], [134.375, 34.1287], [134.3681, 34.1284], [134.3649, 34.1273], [134.3621, 34.1269], [134.3581, 34.1252], [134.3514, 34.1211], [134.3459, 34.1196], [134.3382, 34.1192], [134.3324, 34.1185], [134.3292, 34.1189], [134.3259, 34.1193], [134.3214, 34.1196], [134.3177, 34.1192], [134.3114, 34.1174], [134.3044, 34.115], [134.298, 34.1136], [134.2914, 34.112], [134.2837, 34.1094], [134.2779, 34.1089], [134.2703, 34.1078], [134.2646, 34.1071], [134.2553, 34.1057], [134.2475, 34.1054], [134.2406, 34.1043], [134.2245, 34.1019], [134.2198, 34.1], [134.2171, 34.0995], [134.2104, 34.0972], [134.2021, 34.0951], [134.1971, 34.0935], [134.1904, 34.0924], [134.1846, 34.0911], [134.179, 34.0904], [134.1718, 34.0898], [134.1658, 34.0882], [134.1573, 34.0865], [134.1545, 34.086], [134.1513, 34.0845], [134.1477, 34.0817], [134.1397, 34.0787], [134.1336, 34.0764], [134.1268, 34.075], [134.1199, 34.0733], [134.113, 34.0728], [134.1066, 34.0732], [134.1015, 34.073], [134.0951, 34.0732], [134.0914, 34.0738], [134.0882, 34.0732]]}}, {"type": "Feature", "properties": {"name": "Yasaka"}, "geometry": {"type": "LineString", "coordinates": [[132.1852, 34.7796], [132.1806, 34.777], [132.1747, 34.7733], [132.1708, 34.77], [132.1601, 34.7634], [132.1521, 34.7595], [132.144, 34.7546], [132.1368, 34.7515], [132.1282, 34.7476], [132.1129, 34.741], [132.0943, 34.7317], [132.0759, 34.7189], [132.0626, 34.7106], [132.0496, 34.7002], [132.0437, 34.6966], [132.033, 34.6912], [132.025, 34.6881], [132.0176, 34.6822], [132.006, 34.6746], [132.0007, 34.6728], [131.9944, 34.6701], [131.9905, 34.6676], [131.9789, 34.6608], [131.9676, 34.6555], [131.961, 34.6523], [131.9557, 34.6486], [131.9493, 34.6414], [131.9417, 34.6332], [131.9376, 34.6289], [131.9322, 34.626], [131.931, 34.6238], [131.9258, 34.6148], [131.9195, 34.6072], [131.9094, 34.5976], [131.9016, 34.59], [131.8908, 34.5802], [131.8832, 34.5746], [131.8764, 34.5708], [131.8678, 34.5654], [131.8625, 34.5624], [131.8546, 34.5546], [131.8458, 34.546], [131.8404, 34.5413], [131.8365, 34.5349], [131.8283, 34.5192], [131.8219, 34.5083], [131.8163, 34.4991], [131.8108, 34.4907], [131.8087, 34.4855]]}}, {"type": "Feature", "properties": {"name": "Itsukaichi"}, "geometry": {"type": "LineString", "coordinates": [[132.3924, 34.4836], [132.3905, 34.4808], [132.3847, 34.4713], [132.3744, 34.455], [132.3671, 34.4436], [132.3644, 34.4407], [132.3604, 34.4344], [132.3579, 34.428], [132.356, 34.4235], [132.3548, 34.4204], [132.3502, 34.4124], [132.3478, 34.4062], [132.3429, 34.396], [132.3409, 34.3928], [132.3388, 34.3887], [132.3331, 34.3735], [132.3247, 34.3518], [132.3162, 34.3275]]}}, {"type": "Feature", "properties": {"name": "Kandamisaki"}, "geometry": {"type": "LineString", "coordinates": [[130.7278, 34.376], [130.7362, 34.3701], [130.7483, 34.3614], [130.7551, 34.358], [130.766, 34.3497], [130.7781, 34.3373], [130.7859, 34.3315], [130.7963, 34.3227], [130.8103, 34.313], [130.8275, 34.3025], [130.8558, 34.2855], [130.8791, 34.2715], [130.8862, 34.2671], [130.8928, 34.2622], [130.8954, 34.261], [130.8994, 34.2576]]}}, {"type": "Feature", "properties": {"name": "Onita"}, "geometry": {"type": "LineString", "coordinates": [[129.9425, 32.9688], [129.9507, 32.9627], [129.9616, 32.9557], [129.9659, 32.9499], [129.9702, 32.9452], [129.9749, 32.9364], [129.9803, 32.9278], [129.9893, 32.9187], [129.9976, 32.9105], [130.0103, 32.901], [130.0181, 32.8967], [130.0295, 32.8923], [130.0413, 32.8886], [130.0476, 32.8859], [130.0557, 32.8816], [130.06, 32.8796], [130.0667, 32.8775]]}}, {"type": "Feature", "properties": {"name": "Senzan"}, "geometry": {"type": "LineString", "coordinates": [[134.8904, 34.425], [134.8908, 34.4216], [134.8901, 34.4184], [134.8882, 34.4168], [134.8855, 34.4161], [134.8818, 34.4143], [134.8767, 34.4103], [134.8734, 34.4073], [134.8689, 34.4011], [134.8656, 34.3987], [134.8615, 34.3966], [134.8587, 34.3942], [134.8573, 34.391], [134.8573, 34.3876], [134.8572, 34.3843], [134.8566, 34.3814], [134.8546, 34.3778], [134.8537, 34.3728], [134.8527, 34.3646], [134.8505, 34.358], [134.8477, 34.3526], [134.8416, 34.3459], [134.8377, 34.3418], [134.8367, 34.3398], [134.8355, 34.3371], [134.8319, 34.334], [134.8284, 34.3322], [134.822, 34.3308], [134.8162, 34.3305], [134.8119, 34.3305], [134.809, 34.3299]]}}, {"type": "Feature", "properties": {"name": "Koi-Hiroshima-seien"}, "geometry": {"type": "LineString", "coordinates": [[132.4545, 34.467], [132.4495, 34.4628], [132.4465, 34.4602], [132.4451, 34.4574], [132.4412, 34.4508], [132.4365, 34.4423], [132.4328, 34.4352], [132.4269, 34.4279], [132.4229, 34.4206], [132.4207, 34.4167], [132.4184, 34.4093], [132.4168, 34.4057], [132.4153, 34.4001], [132.4135, 34.3942], [132.4127, 34.3899], [132.4109, 34.3842]]}}, {"type": "Feature", "properties": {"name": "Kamiura"}, "geometry": {"type": "LineString", "coordinates": [[134.4784, 34.0532], [134.4727, 34.0526], [134.4608, 34.0526], [134.4511, 34.0514], [134.4438, 34.0504], [134.4341, 34.0497], [134.4196, 34.0494], [134.4073, 34.0497], [134.3966, 34.0502], [134.3883, 34.0507], [134.3764, 34.0522], [134.3689, 34.0536], [134.3589, 34.0543], [134.3544, 34.0539], [134.3474, 34.0545], [134.3431, 34.0552], [134.337, 34.0548], [134.3293, 34.0561], [134.326, 34.0561]]}}, {"type": "Feature", "properties": {"name": "Yu-oki"}, "geometry": {"type": "LineString", "coordinates": [[132.242, 34.0099], [132.2497, 34.0166], [132.2574, 34.0232], [132.2645, 34.0275], [132.2731, 34.0323], [132.2822, 34.0379], [132.2918, 34.0437], [132.3033, 34.0493], [132.3101, 34.0532], [132.3171, 34.0617], [132.3201, 34.0674], [132.322, 34.0761], [132.3252, 34.0889], [132.328, 34.0993], [132.3288, 34.1024]]}}, {"type": "Feature", "properties": {"name": "Iwatsubo"}, "geometry": {"type": "LineString", "coordinates": [[134.022, 35.4067], [134.0321, 35.4056], [134.048, 35.4043], [134.0694, 35.4038], [134.0992, 35.4021], [134.1049, 35.4024], [134.1337, 35.4002]]}}, {"type": "Feature", "properties": {"name": "Saganoseki"}, "geometry": {"type": "LineString", "coordinates": [[131.7104, 33.1985], [131.7138, 33.2008], [131.717, 33.2018], [131.7244, 33.2044], [131.7301, 33.2073], [131.7335, 33.2104], [131.7357, 33.2117], [131.7421, 33.2152], [131.7479, 33.2178], [131.7578, 33.2216], [131.7727, 33.2284], [131.7771, 33.2295], [131.7907, 33.2339], [131.8035, 33.2386], [131.8137, 33.2415], [131.8242, 33.2437], [131.8307, 33.2456], [131.8344, 33.246], [131.8411, 33.2473]]}}, {"type": "Feature", "properties": {"name": "Ametaki-Kamato"}, "geometry": {"type": "LineString", "coordinates": [[134.4713, 35.4486], [134.4573, 35.46], [134.4469, 35.4672], [134.438, 35.4722], [134.4279, 35.4755], [134.4151, 35.4788], [134.4011, 35.4841], [134.3829, 35.4911], [134.3743, 35.4951], [134.3647, 35.4997], [134.3551, 35.5034], [134.3463, 35.5077], [134.3186, 35.5222]]}}, {"type": "Feature", "properties": {"name": "Karakiyama"}, "geometry": {"type": "LineString", "coordinates": [[131.3606, 33.3422], [131.3668, 33.3441], [131.3748, 33.3457], [131.3817, 33.3465], [131.3869, 33.3469], [131.3953, 33.3494], [131.4029, 33.3519], [131.4113, 33.3536], [131.4179, 33.3545], [131.4265, 33.357], [131.436, 33.3594], [131.4406, 33.3606], [131.4468, 33.3624], [131.4523, 33.3642], [131.4581, 33.3662], [131.4671, 33.3707], [131.4727, 33.372], [131.4801, 33.3731], [131.4854, 33.3757], [131.4911, 33.3775], [131.4973, 33.3783], [131.5013, 33.379], [131.5073, 33.3796], [131.5159, 33.3799], [131.5257, 33.378], [131.5289, 33.3776], [131.5342, 33.378], [131.5388, 33.3783], [131.544, 33.3779], [131.5502, 33.3751], [131.5544, 33.3715], [131.5593, 33.3676], [131.5663, 33.3645], [131.5706, 33.3637], [131.576, 33.3636], [131.5808, 33.363], [131.5877, 33.3612], [131.5945, 33.3583], [131.5989, 33.3572]]}}, {"type": "Feature", "properties": {"name": "Nagao"}, "geometry": {"type": "LineString", "coordinates": [[133.9949, 34.2036], [133.9992, 34.2031], [134.0035, 34.2038], [134.0076, 34.2054], [134.0119, 34.2068], [134.0189, 34.2086], [134.0242, 34.2102], [134.0284, 34.2126], [134.0312, 34.2156], [134.0343, 34.2219], [134.0384, 34.2263], [134.0433, 34.2292], [134.0485, 34.2293], [134.059, 34.2297], [134.0691, 34.2293], [134.0723, 34.2293], [134.075, 34.2291], [134.0775, 34.2284], [134.0837, 34.2282], [134.091, 34.2283], [134.0982, 34.2292], [134.1012, 34.2298], [134.1032, 34.2304], [134.1061, 34.2328], [134.1092, 34.2346], [134.1154, 34.2368], [134.1198, 34.2377], [134.1217, 34.2381], [134.1255, 34.2396], [134.1312, 34.2421], [134.1359, 34.2437], [134.1398, 34.2449], [134.1433, 34.2451], [134.148, 34.2448], [134.1511, 34.2455], [134.1594, 34.2462], [134.1647, 34.2472], [134.1689, 34.2475], [134.1774, 34.2487], [134.1811, 34.2492], [134.1845, 34.2497], [134.1891, 34.2506], [134.1966, 34.2521], [134.1993, 34.2527], [134.2041, 34.2528], [134.2094, 34.2524], [134.2145, 34.2523], [134.2188, 34.2526], [134.2228, 34.2536], [134.2261, 34.2541], [134.2292, 34.2544], [134.2326, 34.2548], [134.2365, 34.2563], [134.2396, 34.2574], [134.2434, 34.2582], [134.2464, 34.2584], [134.2487, 34.2582]]}}, {"type": "Feature", "properties": {"name": "Hitoyoshi"}, "geometry": {"type": "LineString", "coordinates": [[130.8013, 32.1603], [130.8037, 32.1608], [130.8104, 32.163], [130.8169, 32.1645], [130.8204, 32.1656], [130.8247, 32.1681], [130.8264, 32.1711], [130.8275, 32.174], [130.8295, 32.1754], [130.8339, 32.1781], [130.8372, 32.1804], [130.8406, 32.1811], [130.8446, 32.1826], [130.8481, 32.1849], [130.8502, 32.1863], [130.8513, 32.1881], [130.8551, 32.1904], [130.8643, 32.1941], [130.8699, 32.196], [130.8732, 32.1965], [130.8842, 32.1975], [130.8962, 32.199], [130.9074, 32.2005], [130.9129, 32.202], [130.9206, 32.2063], [130.9264, 32.21], [130.9306, 32.2144], [130.934, 32.2185], [130.9409, 32.2253], [130.9494, 32.2339], [130.9594, 32.242], [130.9675, 32.2487], [130.9713, 32.2505], [130.9767, 32.2519], [130.9813, 32.254], [130.9864, 32.258], [130.9897, 32.2616], [130.9946, 32.2646], [130.9984, 32.2663]]}}, {"type": "Feature", "properties": {"name": "Kariya-oki"}, "geometry": {"type": "LineString", "coordinates": [[134.9974, 34.478], [135.0013, 34.4862], [135.0039, 34.4913], [135.0054, 34.495], [135.0107, 34.5028], [135.0128, 34.5084], [135.0165, 34.5164], [135.0192, 34.5207], [135.0229, 34.5246], [135.028, 34.5304], [135.0305, 34.5358], [135.0331, 34.5442], [135.0342, 34.5508], [135.0344, 34.5555], [135.0354, 34.5582], [135.0447, 34.5728], [135.0494, 34.5798], [135.0535, 34.585], [135.0572, 34.5895], [135.0628, 34.5948], [135.0656, 34.5971], [135.0732, 34.6047], [135.0806, 34.6137], [135.0884, 34.6219]]}}, {"type": "Feature", "properties": {"name": "Iyo"}, "geometry": {"type": "LineString", "coordinates": [[132.776, 33.7874], [132.7666, 33.7843], [132.764, 33.7833], [132.7632, 33.7819], [132.7618, 33.7773], [132.7607, 33.7757], [132.7592, 33.7748], [132.7542, 33.773], [132.7532, 33.772], [132.7516, 33.7686], [132.7502, 33.7668], [132.7484, 33.7651], [132.7448, 33.7626], [132.7371, 33.7583], [132.7242, 33.7512], [132.7136, 33.7444], [132.7019, 33.7372], [132.6877, 33.7271], [132.6747, 33.7179], [132.6672, 33.7128], [132.6628, 33.7106], [132.6579, 33.7085], [132.6522, 33.7046], [132.6478, 33.7023], [132.6421, 33.6995], [132.6405, 33.6991], [132.6293, 33.6951], [132.6209, 33.6925], [132.6168, 33.6905], [132.6101, 33.6878], [132.6037, 33.6856], [132.5973, 33.6825], [132.5864, 33.678], [132.5722, 33.6724], [132.5582, 33.6686], [132.5497, 33.6666], [132.5435, 33.6655], [132.5401, 33.6654]]}}, {"type": "Feature", "properties": {"name": "Futagawa"}, "geometry": {"type": "LineString", "coordinates": [[130.7792, 32.7482], [130.7826, 32.7492], [130.787, 32.7515], [130.7919, 32.7544], [130.7984, 32.7577], [130.8036, 32.7606], [130.8068, 32.7621], [130.8127, 32.7652], [130.8203, 32.7686], [130.8245, 32.7708], [130.8268, 32.7729], [130.8313, 32.779], [130.8336, 32.7821], [130.836, 32.7848], [130.841, 32.7888], [130.8464, 32.7918], [130.8505, 32.7947], [130.8535, 32.7969], [130.8574, 32.8014], [130.8622, 32.8066], [130.8697, 32.8121], [130.8756, 32.8153], [130.8824, 32.8179], [130.8874, 32.8191], [130.8935, 32.8207], [130.8978, 32.8226], [130.9028, 32.8264], [130.91, 32.8325], [130.9129, 32.8342], [130.9168, 32.836], [130.9197, 32.8389], [130.9224, 32.8403], [130.9279, 32.8423], [130.9347, 32.8455], [130.9405, 32.8485], [130.9436, 32.851], [130.9491, 32.8543], [130.9551, 32.8573], [130.9593, 32.8587], [130.9632, 32.8601], [130.9667, 32.8628], [130.9697, 32.8658], [130.974, 32.868], [130.9805, 32.8719], [130.9869, 32.8752]]}}, {"type": "Feature", "properties": {"name": "Kusatani"}, "geometry": {"type": "LineString", "coordinates": [[134.8885, 34.7279], [134.8962, 34.7323], [134.9028, 34.7347], [134.9064, 34.7372], [134.9085, 34.7378], [134.912, 34.7385], [134.9193, 34.7427], [134.9231, 34.7455], [134.9244, 34.7474], [134.9288, 34.7529], [134.931, 34.7545], [134.939, 34.7583], [134.9562, 34.7663], [134.9765, 34.7764], [134.9894, 34.7827], [134.9935, 34.7844], [135.0005, 34.7862], [135.0091, 34.7875]]}}, {"type": "Feature", "properties": {"name": "Goshodani"}, "geometry": {"type": "LineString", "coordinates": [[134.9971, 34.9369], [135.0058, 34.9403], [135.0108, 34.9434], [135.0192, 34.9466], [135.0262, 34.9495], [135.0308, 34.9536], [135.0433, 34.9652], [135.0504, 34.9718], [135.0554, 34.9747], [135.0612, 34.9783], [135.0824, 34.9878], [135.0983, 34.9958], [135.1067, 35.0006], [135.1181, 35.005], [135.1345, 35.012], [135.1441, 35.0149], [135.1501, 35.0173], [135.1617, 35.0243], [135.1728, 35.0316], [135.1805, 35.0359], [135.1925, 35.0422], [135.2084, 35.0495], [135.2181, 35.0536], [135.2287, 35.058], [135.2461, 35.0638], [135.2581, 35.0672], [135.2646, 35.0682]]}}, {"type": "Feature", "properties": {"name": "Yamauchi"}, "geometry": {"type": "LineString", "coordinates": [[132.8722, 34.8143], [132.8812, 34.8142], [132.8901, 34.8147], [132.8961, 34.8143], [132.9025, 34.8136], [132.9088, 34.8132], [132.9116, 34.8129], [132.9167, 34.8133], [132.9206, 34.8144], [132.9256, 34.8181], [132.9324, 34.8243], [132.9433, 34.8334], [132.9496, 34.8399], [132.956, 34.8486], [132.9663, 34.8632]]}}, {"type": "Feature", "properties": {"name": "Biwako"}, "geometry": {"type": "LineString", "coordinates": [[134.7527, 34.9626], [134.7582, 34.9626], [134.7639, 34.962], [134.7703, 34.9595], [134.7752, 34.9569], [134.7793, 34.9544], [134.7862, 34.952], [134.7978, 34.9484], [134.8062, 34.9458], [134.8104, 34.9439], [134.8162, 34.9399], [134.8212, 34.9356], [134.8261, 34.9303], [134.8436, 34.9162], [134.862, 34.9043], [134.8735, 34.8933], [134.8821, 34.8853], [134.8909, 34.8775], [134.8943, 34.874], [134.898, 34.8687], [134.9035, 34.8637], [134.9091, 34.8578], [134.9151, 34.8512], [134.9225, 34.8436], [134.9341, 34.8352], [134.945, 34.8284], [134.9522, 34.8228], [134.9653, 34.8129], [134.9739, 34.8057], [134.9787, 34.8014], [134.9846, 34.7994], [134.9893, 34.7968], [134.9954, 34.7944], [135.0039, 34.7908], [135.0104, 34.7893]]}}, {"type": "Feature", "properties": {"name": "Ayuhara"}, "geometry": {"type": "LineString", "coordinates": [[134.8767, 34.4306], [134.8732, 34.4284], [134.8717, 34.4261], [134.8696, 34.4218], [134.8651, 34.4186], [134.8602, 34.4163], [134.8515, 34.4131], [134.8443, 34.4104], [134.8372, 34.4085], [134.8309, 34.4057], [134.8249, 34.402], [134.8174, 34.3981], [134.8128, 34.395], [134.8073, 34.3918], [134.8018, 34.3877], [134.7945, 34.3835], [134.7888, 34.3792], [134.7781, 34.3711], [134.7705, 34.3643], [134.7628, 34.3571], [134.7541, 34.3497]]}}, {"type": "Feature", "properties": {"name": "Kakaji-oki"}, "geometry": {"type": "LineString", "coordinates": [[131.5626, 33.8526], [131.5622, 33.8448], [131.5623, 33.8368], [131.5627, 33.8337], [131.5633, 33.8284], [131.5631, 33.8236], [131.5617, 33.8195], [131.5595, 33.8158], [131.5533, 33.8089], [131.5476, 33.8019], [131.5397, 33.7921], [131.5338, 33.7828], [131.5289, 33.7774], [131.527, 33.7751], [131.5247, 33.7734], [131.5227, 33.769], [131.52, 33.7656], [131.518, 33.7632], [131.5141, 33.7605], [131.5127, 33.7585], [131.5115, 33.7567], [131.5083, 33.7481], [131.5069, 33.7442], [131.5045, 33.7385], [131.5014, 33.7341], [131.4945, 33.7278], [131.4885, 33.7227], [131.4835, 33.7195], [131.4805, 33.7157], [131.4781, 33.7129], [131.4776, 33.711]]}}, {"type": "Feature", "properties": {"name": "Kimondaira"}, "geometry": {"type": "LineString", "coordinates": [[130.5886, 31.282], [130.5862, 31.2801], [130.5805, 31.2775], [130.5734, 31.2753], [130.5691, 31.2741], [130.5644, 31.2728], [130.5609, 31.2696], [130.5572, 31.2645], [130.5542, 31.2583], [130.5511, 31.2544], [130.5469, 31.2516], [130.5421, 31.2487], [130.5394, 31.2451], [130.5376, 31.24], [130.5363, 31.2329], [130.5348, 31.2253], [130.5339, 31.2237], [130.532, 31.2192], [130.5295, 31.2145], [130.5271, 31.2108], [130.5251, 31.2078], [130.5221, 31.2043]]}}, {"type": "Feature", "properties": {"name": "Tokuyama"}, "geometry": {"type": "LineString", "coordinates": [[131.782, 34.0715], [131.7855, 34.0697], [131.7903, 34.0686], [131.7985, 34.0676], [131.8077, 34.066], [131.8176, 34.0648], [131.8248, 34.0639], [131.8278, 34.0635], [131.8315, 34.0623]]}}, {"type": "Feature", "properties": {"name": "Takehara"}, "geometry": {"type": "LineString", "coordinates": [[132.8202, 34.3162], [132.827, 34.3157], [132.8341, 34.3155], [132.8459, 34.3175], [132.8547, 34.3192], [132.8645, 34.322], [132.8777, 34.3293], [132.8931, 34.3411], [132.9076, 34.3536], [132.9237, 34.37], [132.9347, 34.3813], [132.9424, 34.3898], [132.947, 34.3956], [132.9529, 34.4026]]}}, {"type": "Feature", "properties": {"name": "Nakafuji"}, "geometry": {"type": "LineString", "coordinates": [[135.066, 35.5271], [135.0546, 35.5283], [135.0434, 35.5278], [135.0271, 35.5245], [135.013, 35.5192], [134.995, 35.5109], [134.9764, 35.5038], [134.9677, 35.5011], [134.9572, 35.4956], [134.9498, 35.4865]]}}, {"type": "Feature", "properties": {"name": "Hoyokaikyo"}, "geometry": {"type": "LineString", "coordinates": [[131.9632, 33.3553], [131.9598, 33.3542], [131.9578, 33.3527], [131.9566, 33.3513], [131.9536, 33.3501], [131.9487, 33.3483], [131.945, 33.3447], [131.9426, 33.3421], [131.9406, 33.3381], [131.9377, 33.3351], [131.9339, 33.3331], [131.929, 33.3307], [131.9207, 33.3285], [131.9126, 33.3248], [131.9058, 33.3213], [131.9007, 33.3196], [131.8951, 33.3167], [131.8829, 33.312], [131.8721, 33.3081], [131.8675, 33.3065], [131.8584, 33.3046], [131.8537, 33.3026], [131.847, 33.2991], [131.8449, 33.297], [131.8409, 33.2938], [131.8348, 33.2906], [131.8296, 33.2898], [131.8223, 33.2884], [131.8155, 33.2863], [131.8063, 33.2822], [131.7951, 33.2785], [131.7863, 33.277], [131.7733, 33.2755], [131.7645, 33.2751], [131.7554, 33.2743], [131.7482, 33.2731], [131.741, 33.272], [131.7378, 33.2719], [131.7333, 33.272], [131.7317, 33.272], [131.7295, 33.2715]]}}, {"type": "Feature", "properties": {"name": "Okamura"}, "geometry": {"type": "LineString", "coordinates": [[133.4128, 33.9621], [133.399, 33.9589], [133.3876, 33.9555], [133.379, 33.9534], [133.3723, 33.9523], [133.3637, 33.9499], [133.3533, 33.9463], [133.342, 33.9436], [133.3321, 33.9412], [133.3226, 33.9385], [133.3126, 33.9358], [133.2911, 33.93], [133.2792, 33.9266], [133.2662, 33.9234], [133.2591, 33.9219], [133.2488, 33.9195], [133.2345, 33.9149], [133.2244, 33.9115], [133.2156, 33.9082], [133.2022, 33.9036], [133.192, 33.9], [133.1808, 33.8963], [133.1705, 33.8936], [133.1585, 33.8906], [133.1487, 33.8896], [133.1413, 33.8892], [133.1337, 33.8882], [133.1255, 33.8874], [133.1182, 33.8864], [133.1087, 33.8849], [133.0976, 33.8831], [133.0885, 33.8818], [133.0829, 33.881]]}}, {"type": "Feature", "properties": {"name": "Fukuchiyama"}, "geometry": {"type": "LineString", "coordinates": [[130.7358, 33.9274], [130.7372, 33.919], [130.7393, 33.9113], [130.7421, 33.9038], [130.7431, 33.9021], [130.7461, 33.8992], [130.7481, 33.8955], [130.749, 33.8886], [130.7511, 33.8776], [130.7554, 33.8641], [130.7575, 33.8574], [130.7585, 33.8539], [130.7595, 33.8516], [130.7603, 33.8476], [130.76, 33.8436], [130.7585, 33.8375], [130.758, 33.835], [130.7584, 33.8311], [130.759, 33.8283], [130.7586, 33.8244], [130.7576, 33.822], [130.754, 33.8195], [130.7521, 33.8174], [130.7509, 33.8145], [130.7506, 33.8074], [130.751, 33.803], [130.7515, 33.7993], [130.7554, 33.7925], [130.7574, 33.7889], [130.7596, 33.7825], [130.7612, 33.7777], [130.7643, 33.7706], [130.766, 33.7654], [130.7671, 33.7632], [130.7708, 33.7573], [130.7714, 33.7552], [130.7719, 33.7479], [130.7732, 33.7428], [130.7756, 33.737], [130.7793, 33.7312], [130.7831, 33.727], [130.7869, 33.7229], [130.7926, 33.7142], [130.7984, 33.7061], [130.8027, 33.7018], [130.8054, 33.6976], [130.8109, 33.6869], [130.8159, 33.6798]]}}, {"type": "Feature", "properties": {"name": "Midorikawa"}, "geometry": {"type": "LineString", "coordinates": [[130.7505, 32.5626], [130.755, 32.5644], [130.7599, 32.5658], [130.7725, 32.571], [130.7832, 32.5758], [130.7971, 32.5822], [130.8041, 32.5872], [130.8124, 32.5935], [130.8147, 32.5961], [130.8175, 32.5984], [130.8236, 32.6027], [130.8307, 32.6066], [130.8372, 32.6091], [130.8409, 32.6101], [130.8551, 32.6125], [130.8633, 32.6129], [130.874, 32.6149], [130.8838, 32.6181], [130.8911, 32.6202], [130.8997, 32.6224], [130.9071, 32.6247], [130.9128, 32.6264], [130.9233, 32.6288], [130.93, 32.6295], [130.9388, 32.6303], [130.94, 32.6303], [130.9519, 32.6318], [130.9613, 32.6342], [130.9683, 32.6353], [130.9705, 32.6354], [130.9765, 32.6356], [130.986, 32.6356], [130.9923, 32.636], [130.9975, 32.6374], [131.0029, 32.6378], [131.0104, 32.6404], [131.0206, 32.6462], [131.0275, 32.6484], [131.0396, 32.6509], [131.0534, 32.6533], [131.0652, 32.6558], [131.0744, 32.6597]]}}, {"type": "Feature", "properties": {"name": "Shizuki"}, "geometry": {"type": "LineString", "coordinates": [[134.861, 34.5544], [134.8627, 34.5482], [134.8646, 34.5401], [134.8663, 34.5327], [134.8685, 34.5201], [134.8696, 34.505], [134.8704, 34.4986], [134.8716, 34.4933], [134.8727, 34.4892], [134.8748, 34.4836], [134.8774, 34.4792], [134.8795, 34.4759], [134.8804, 34.4737], [134.883, 34.4673], [134.886, 34.4621], [134.8906, 34.4576], [134.893, 34.454], [134.8942, 34.4502], [134.8943, 34.4447], [134.8954, 34.4404], [134.8972, 34.4381], [134.9012, 34.4347], [134.9025, 34.4335]]}}, {"type": "Feature", "properties": {"name": "Kawakami"}, "geometry": {"type": "LineString", "coordinates": [[133.2299, 33.9305], [133.2224, 33.9296], [133.2133, 33.9282], [133.2088, 33.9269], [133.2005, 33.9236], [133.1905, 33.9201], [133.1828, 33.9183], [133.173, 33.9178], [133.1642, 33.9173], [133.1609, 33.917], [133.1579, 33.9159], [133.149, 33.9118], [133.1416, 33.909], [133.1305, 33.9043], [133.1235, 33.902], [133.1157, 33.8996], [133.1078, 33.8961], [133.0974, 33.8913], [133.086, 33.8861], [133.0756, 33.8815], [133.0661, 33.8775], [133.0532, 33.8712], [133.0361, 33.8644], [133.0286, 33.8617], [133.0248, 33.8607], [133.0167, 33.8586], [133.0038, 33.8549], [132.9996, 33.8536], [132.9889, 33.8484], [132.9838, 33.8448], [132.983, 33.8424], [132.9834, 33.8404]]}}, {"type": "Feature", "properties": {"name": "Tsurukiba"}, "geometry": {"type": "LineString", "coordinates": [[130.7097, 32.4752], [130.7258, 32.4756], [130.7353, 32.4768], [130.7457, 32.4791], [130.7504, 32.4801], [130.7554, 32.4827], [130.7649, 32.4874], [130.7767, 32.4957], [130.7866, 32.5029], [130.7958, 32.511], [130.8005, 32.5154], [130.8042, 32.5192], [130.8074, 32.522], [130.8109, 32.5238], [130.8144, 32.5252]]}}, {"type": "Feature", "properties": {"name": "Kawakubo"}, "geometry": {"type": "LineString", "coordinates": [[130.2121, 33.3108], [130.2164, 33.3118], [130.223, 33.3141], [130.2299, 33.316], [130.2351, 33.3169], [130.2427, 33.3182], [130.2454, 33.3186], [130.2487, 33.3194], [130.2698, 33.3281], [130.2792, 33.33], [130.2871, 33.3317], [130.2918, 33.3325], [130.2983, 33.3335], [130.3068, 33.3341], [130.3151, 33.3337], [130.3234, 33.3324], [130.3352, 33.3303], [130.3424, 33.328], [130.3543, 33.3262], [130.3595, 33.326], [130.3624, 33.3255], [130.3651, 33.3248], [130.3668, 33.3249], [130.3705, 33.3255]]}}, {"type": "Feature", "properties": {"name": "Yabu"}, "geometry": {"type": "LineString", "coordinates": [[134.5539, 35.3882], [134.5778, 35.3891], [134.5923, 35.3886], [134.6309, 35.3882], [134.6417, 35.387], [134.6615, 35.3868], [134.6709, 35.3863], [134.6824, 35.3856], [134.6896, 35.3854], [134.7119, 35.3845], [134.7245, 35.3842], [134.7367, 35.3836], [134.7477, 35.3823], [134.764, 35.3794], [134.7801, 35.376], [134.7905, 35.371], [134.8151, 35.3636], [134.8304, 35.3583], [134.8381, 35.3573], [134.8484, 35.3542], [134.856, 35.3529], [134.8654, 35.3506], [134.8911, 35.3474], [134.9035, 35.3474], [134.9096, 35.3462], [134.9145, 35.3468], [134.9175, 35.3468], [134.9197, 35.3465], [134.9244, 35.3448], [134.929, 35.3443], [134.9321, 35.3441], [134.9361, 35.3429]]}}, {"type": "Feature", "properties": {"name": "Kumage"}, "geometry": {"type": "LineString", "coordinates": [[132.0929, 34.1557], [132.0875, 34.151], [132.0771, 34.1427], [132.0704, 34.1382], [132.0667, 34.1364], [132.0574, 34.1299], [132.0486, 34.1212], [132.043, 34.1172], [132.0387, 34.1136], [132.0329, 34.1073], [132.03, 34.1033], [132.0268, 34.0958], [132.0203, 34.0838], [132.0156, 34.0773], [132.0051, 34.0706], [131.9999, 34.0669], [131.9974, 34.0658], [131.9947, 34.0651], [131.9901, 34.0629], [131.981, 34.0593], [131.9729, 34.0542], [131.9645, 34.049], [131.9558, 34.0435], [131.9467, 34.0373], [131.9391, 34.0311], [131.9196, 34.0145], [131.9151, 34.0101], [131.912, 34.0055], [131.9079, 34.0008], [131.9019, 33.9963], [131.8968, 33.9927], [131.8907, 33.9886], [131.8878, 33.9867]]}}, {"type": "Feature", "properties": {"name": "Kokura-higashi"}, "geometry": {"type": "LineString", "coordinates": [[130.9087, 33.8881], [130.9056, 33.8849], [130.9015, 33.8804], [130.9008, 33.8779], [130.8992, 33.8702], [130.8967, 33.8592], [130.893, 33.8483], [130.8873, 33.8328], [130.8814, 33.8208], [130.8789, 33.8143], [130.8771, 33.8077], [130.874, 33.7989], [130.8716, 33.7904], [130.87, 33.781], [130.8686, 33.7687], [130.8687, 33.7655], [130.8682, 33.7595], [130.8661, 33.7514], [130.8608, 33.7404], [130.8586, 33.7363]]}}, {"type": "Feature", "properties": {"name": "Suonada-kita"}, "geometry": {"type": "LineString", "coordinates": [[131.637, 34.0088], [131.6306, 34.0008], [131.6245, 33.9927], [131.6235, 33.9909], [131.6213, 33.9869], [131.6176, 33.981], [131.6135, 33.9702], [131.6113, 33.9593], [131.6112, 33.9476], [131.6112, 33.9356], [131.6102, 33.9279], [131.6081, 33.9239], [131.6004, 33.9149], [131.5948, 33.9085], [131.5896, 33.9015], [131.5843, 33.8943], [131.5819, 33.8896], [131.5803, 33.8859], [131.5796, 33.8829]]}}, {"type": "Feature", "properties": {"name": "Ube-nantooki-hokusei"}, "geometry": {"type": "LineString", "coordinates": [[131.382, 33.9046], [131.3796, 33.8997], [131.3767, 33.896], [131.3751, 33.8936], [131.3738, 33.8922], [131.3706, 33.8876], [131.3669, 33.8816], [131.3646, 33.8747], [131.3625, 33.8685], [131.3599, 33.8636], [131.3572, 33.8586], [131.3544, 33.8537], [131.3511, 33.8476], [131.347, 33.841], [131.3443, 33.8358], [131.3412, 33.832], [131.3386, 33.8284], [131.3351, 33.822], [131.3319, 33.8165], [131.3275, 33.8069], [131.3262, 33.8002], [131.3227, 33.7927], [131.3197, 33.7899], [131.3151, 33.7871], [131.312, 33.786], [131.3115, 33.7843], [131.3116, 33.778], [131.3124, 33.774]]}}, {"type": "Feature", "properties": {"name": "Shiiba"}, "geometry": {"type": "LineString", "coordinates": [[130.7564, 32.4591], [130.7656, 32.4594], [130.7763, 32.4601], [130.7891, 32.4633], [130.7978, 32.4665], [130.8053, 32.4699], [130.8158, 32.4744], [130.8228, 32.4773], [130.8286, 32.4795], [130.8362, 32.4827], [130.8471, 32.4897], [130.8579, 32.4968], [130.8624, 32.5005], [130.8687, 32.5033], [130.8728, 32.5055], [130.8757, 32.5064], [130.8784, 32.5071], [130.8807, 32.5078], [130.883, 32.5081]]}}, {"type": "Feature", "properties": {"name": "Ohara"}, "geometry": {"type": "LineString", "coordinates": [[134.1933, 35.1929], [134.2044, 35.1874], [134.2142, 35.181], [134.2234, 35.1756], [134.2327, 35.1712], [134.2384, 35.1677], [134.2507, 35.1606], [134.2568, 35.156], [134.2633, 35.1523], [134.2725, 35.1472], [134.2785, 35.1435], [134.291, 35.1377], [134.2989, 35.134], [134.3064, 35.1302], [134.3157, 35.1242], [134.3235, 35.1188], [134.3316, 35.1142], [134.3423, 35.11], [134.3527, 35.1073], [134.3629, 35.1033], [134.376, 35.0973], [134.3918, 35.0897], [134.4027, 35.0846], [134.4395, 35.0715], [134.459, 35.0643], [134.4696, 35.0606], [134.4784, 35.0561], [134.4877, 35.053], [134.4955, 35.0499], [134.5059, 35.0441], [134.5085, 35.0422]]}}, {"type": "Feature", "properties": {"name": "Izumi"}, "geometry": {"type": "LineString", "coordinates": [[130.2629, 32.0129], [130.2716, 32.0157], [130.2785, 32.0193], [130.2868, 32.0247], [130.2903, 32.0272], [130.2941, 32.0305], [130.2984, 32.034], [130.3018, 32.0355], [130.3089, 32.0373], [130.3178, 32.04], [130.3275, 32.0437], [130.3338, 32.047], [130.3544, 32.0545], [130.3574, 32.0567], [130.3646, 32.0617], [130.3723, 32.0653], [130.3782, 32.0698], [130.3886, 32.0777], [130.3972, 32.0866], [130.4054, 32.0954], [130.4098, 32.1021], [130.4154, 32.1089], [130.4222, 32.1174], [130.4268, 32.1219], [130.4296, 32.1263], [130.4308, 32.1292], [130.4323, 32.1324], [130.435, 32.1359], [130.4368, 32.1374]]}}, {"type": "Feature", "properties": {"name": "Ishikawa-Gushikawa"}, "geometry": {"type": "LineString", "coordinates": [[127.8067, 26.4327], [127.8119, 26.4277], [127.8188, 26.4221], [127.8221, 26.419], [127.8252, 26.4141], [127.8278, 26.409], [127.831, 26.4023], [127.8348, 26.3951], [127.8417, 26.3885], [127.8466, 26.3861], [127.8493, 26.3839], [127.8529, 26.3793], [127.856, 26.3727], [127.8593, 26.3663], [127.8637, 26.3587], [127.867, 26.3545], [127.8701, 26.3511], [127.8747, 26.347], [127.8769, 26.3453]]}}, {"type": "Feature", "properties": {"name": "Takimoto"}, "geometry": {"type": "LineString", "coordinates": [[132.7957, 33.9511], [132.7989, 33.9511], [132.8023, 33.9523], [132.8076, 33.9527], [132.8124, 33.9537], [132.8228, 33.957], [132.826, 33.9586], [132.8306, 33.9604], [132.8369, 33.9631], [132.8491, 33.9666], [132.8655, 33.9706], [132.8842, 33.9742], [132.8971, 33.9753], [132.9016, 33.9755], [132.9111, 33.9771], [132.9228, 33.9802], [132.9363, 33.984], [132.9434, 33.9865], [132.9468, 33.9877]]}}, {"type": "Feature", "properties": {"name": "Kagoshimawan-seien"}, "geometry": {"type": "LineString", "coordinates": [[130.6093, 31.6505], [130.605, 31.6435], [130.6042, 31.6405], [130.6005, 31.6315], [130.5972, 31.6264], [130.5927, 31.6222], [130.5886, 31.6198], [130.5844, 31.6178], [130.578, 31.6128], [130.5666, 31.6011], [130.5557, 31.587], [130.5479, 31.5771], [130.5465, 31.574], [130.5461, 31.5674], [130.5445, 31.5556], [130.5422, 31.5503], [130.5383, 31.5451], [130.534, 31.54], [130.525, 31.5282]]}}, {"type": "Feature", "properties": {"name": "Shikano"}, "geometry": {"type": "LineString", "coordinates": [[134.1879, 35.4805], [134.1813, 35.4787], [134.1774, 35.477], [134.1731, 35.4754], [134.1676, 35.473], [134.164, 35.4707], [134.156, 35.4674], [134.1468, 35.4635], [134.1359, 35.4612], [134.1185, 35.4606], [134.1024, 35.4569], [134.0907, 35.455], [134.0789, 35.4546], [134.0709, 35.4524], [134.0632, 35.4485], [134.054, 35.4478]]}}, {"type": "Feature", "properties": {"name": "Hijima"}, "geometry": {"type": "LineString", "coordinates": [[134.3351, 35.101], [134.3427, 35.097], [134.3552, 35.0917], [134.3624, 35.0896], [134.3688, 35.088], [134.3793, 35.0838], [134.386, 35.08], [134.3929, 35.0746], [134.4015, 35.0694], [134.4084, 35.0677], [134.4146, 35.0653], [134.4209, 35.0623], [134.4254, 35.0611], [134.4323, 35.0576], [134.4354, 35.0557], [134.4399, 35.054], [134.4493, 35.0503], [134.4618, 35.046], [134.465, 35.0444], [134.4703, 35.0421], [134.4799, 35.037], [134.4898, 35.0318], [134.5013, 35.0254], [134.5085, 35.0214], [134.5186, 35.0162], [134.5309, 35.0113], [134.5404, 35.0071]]}}, {"type": "Feature", "properties": {"name": "Minamata-oki"}, "geometry": {"type": "LineString", "coordinates": [[130.4815, 32.3592], [130.4792, 32.3572], [130.4679, 32.3491], [130.4522, 32.3377], [130.4348, 32.326], [130.4228, 32.319], [130.412, 32.3121], [130.4035, 32.3066], [130.3969, 32.3035], [130.3926, 32.3027], [130.3845, 32.2987], [130.377, 32.2963], [130.372, 32.2949], [130.3637, 32.2916], [130.356, 32.2887], [130.3462, 32.2842], [130.3362, 32.2798], [130.3259, 32.274], [130.3175, 32.2672], [130.312, 32.2633], [130.3061, 32.2585], [130.3011, 32.2552], [130.291, 32.2471], [130.2774, 32.2356], [130.2674, 32.2258], [130.2599, 32.2192], [130.2525, 32.2122]]}}, {"type": "Feature", "properties": {"name": "Tobiyozaki"}, "geometry": {"type": "LineString", "coordinates": [[130.024, 28.3766], [130.021, 28.372], [130.0156, 28.364], [130.0127, 28.3604], [130.0093, 28.3544], [130.0039, 28.3475], [129.9993, 28.3422], [129.9922, 28.3339], [129.9869, 28.3284], [129.9824, 28.3237], [129.9774, 28.3181], [129.9736, 28.313], [129.9693, 28.3087], [129.9649, 28.3026], [129.9617, 28.2993], [129.9576, 28.295], [129.9541, 28.2916], [129.951, 28.2888], [129.9482, 28.2862], [129.9461, 28.2831]]}}, {"type": "Feature", "properties": {"name": "Tsutsuga"}, "geometry": {"type": "LineString", "coordinates": [[132.1726, 34.5048], [132.1776, 34.508], [132.1807, 34.5117], [132.187, 34.5155], [132.1948, 34.5224], [132.1972, 34.525], [132.2, 34.5282], [132.2045, 34.5312], [132.216, 34.5381], [132.2239, 34.5435], [132.2319, 34.5498], [132.2386, 34.5553], [132.242, 34.5586], [132.2468, 34.5617], [132.254, 34.5657], [132.26, 34.5682], [132.2639, 34.5704], [132.2668, 34.5752], [132.2705, 34.5805], [132.2739, 34.5829], [132.2804, 34.5864], [132.2903, 34.5928], [132.2974, 34.5975], [132.2994, 34.5987]]}}, {"type": "Feature", "properties": {"name": "Awajishima-hokuseioki"}, "geometry": {"type": "LineString", "coordinates": [[134.7718, 34.6372], [134.7641, 34.6291], [134.7562, 34.6215], [134.7544, 34.6199], [134.7515, 34.6168], [134.7469, 34.6119], [134.742, 34.6067], [134.7368, 34.5999], [134.7331, 34.5903], [134.73, 34.581], [134.7288, 34.5752], [134.7267, 34.5675], [134.7245, 34.5573], [134.7231, 34.5523], [134.7201, 34.54], [134.7186, 34.5362]]}}, {"type": "Feature", "properties": {"name": "Chojagahara-Yoshii"}, "geometry": {"type": "LineString", "coordinates": [[133.4762, 34.6718], [133.4684, 34.665], [133.4652, 34.6627], [133.4612, 34.6603], [133.4526, 34.6551], [133.4485, 34.6513], [133.4428, 34.6456], [133.4333, 34.6359], [133.4235, 34.6283], [133.4121, 34.6192], [133.4029, 34.6121], [133.391, 34.6035], [133.3862, 34.5965], [133.3822, 34.5888], [133.3784, 34.5811], [133.3736, 34.575], [133.3681, 34.5696], [133.3613, 34.5623], [133.3551, 34.5562], [133.3481, 34.5494], [133.3338, 34.5408], [133.3235, 34.5305], [133.3127, 34.5248], [133.3065, 34.5187], [133.2997, 34.5125], [133.29, 34.5042], [133.2818, 34.4986], [133.2752, 34.4951], [133.2687, 34.4899], [133.2598, 34.4835], [133.2552, 34.4801], [133.2509, 34.4781], [133.2459, 34.4754]]}}, {"type": "Feature", "properties": {"name": "Ishizuchi"}, "geometry": {"type": "LineString", "coordinates": [[133.604, 33.9803], [133.5944, 33.9798], [133.5885, 33.9794], [133.5736, 33.9761], [133.5611, 33.9739], [133.5585, 33.9733], [133.5528, 33.9722], [133.5408, 33.9694], [133.5335, 33.9686], [133.5272, 33.9678], [133.5241, 33.9671], [133.5212, 33.967], [133.5151, 33.9657], [133.5048, 33.9636], [133.491, 33.9618], [133.4784, 33.9597], [133.4659, 33.9564], [133.4567, 33.9541], [133.4489, 33.9528], [133.4384, 33.9514], [133.4277, 33.9489], [133.4141, 33.9462], [133.4053, 33.9442], [133.3891, 33.94], [133.3759, 33.9367], [133.3678, 33.9347], [133.3579, 33.9321], [133.3513, 33.9309], [133.3431, 33.9298], [133.3383, 33.9292], [133.3255, 33.9259], [133.3107, 33.9217], [133.2899, 33.9165], [133.2589, 33.9081], [133.2324, 33.9003], [133.2181, 33.8964], [133.2131, 33.8953], [133.2105, 33.894]]}}, {"type": "Feature", "properties": {"name": "Yasutomi"}, "geometry": {"type": "LineString", "coordinates": [[134.5458, 34.9997], [134.5488, 34.9982], [134.5564, 34.9963], [134.5657, 34.9943], [134.5795, 34.9912], [134.5862, 34.989], [134.5943, 34.9865], [134.6075, 34.9833], [134.6171, 34.9815], [134.625, 34.9799], [134.6306, 34.9778], [134.6519, 34.9727], [134.6695, 34.9697], [134.6785, 34.967], [134.6872, 34.9652], [134.6948, 34.9625], [134.7101, 34.9586], [134.7186, 34.9562], [134.7239, 34.9546], [134.7267, 34.9526], [134.7346, 34.9452], [134.7379, 34.9434], [134.7453, 34.9402]]}}, {"type": "Feature", "properties": {"name": "Kiragawa"}, "geometry": {"type": "LineString", "coordinates": [[134.0991, 33.3316], [134.1038, 33.3368], [134.1112, 33.3446], [134.1186, 33.3505], [134.1261, 33.3578], [134.1363, 33.3681], [134.1507, 33.3798], [134.1556, 33.3847], [134.1671, 33.3933], [134.177, 33.4006], [134.1942, 33.4115], [134.2057, 33.4196], [134.2157, 33.4244], [134.2235, 33.4282]]}}, {"type": "Feature", "properties": {"name": "Obama"}, "geometry": {"type": "LineString", "coordinates": [[129.9542, 32.6998], [129.956, 32.7001], [129.9631, 32.7026], [129.9723, 32.7067], [129.9814, 32.7118], [130.001, 32.7231], [130.0192, 32.7298], [130.0294, 32.7311], [130.0388, 32.7344], [130.0505, 32.7346], [130.0608, 32.7345], [130.0711, 32.7338], [130.0858, 32.7321], [130.0983, 32.7292], [130.1143, 32.7204], [130.1357, 32.713], [130.1497, 32.7079], [130.1774, 32.7082], [130.2093, 32.7048], [130.2129, 32.7036], [130.2249, 32.7055], [130.234, 32.708], [130.244, 32.7127], [130.2548, 32.717], [130.2586, 32.7207], [130.2625, 32.7238]]}}, {"type": "Feature", "properties": {"name": "Kikugawa"}, "geometry": {"type": "LineString", "coordinates": [[130.8965, 34.251], [130.9004, 34.2501], [130.9052, 34.2462], [130.9117, 34.2415], [130.9217, 34.2337], [130.9318, 34.2262], [130.9367, 34.2227], [130.9463, 34.2181], [130.9544, 34.2124], [130.9615, 34.2079], [130.9713, 34.1991], [130.9781, 34.1921], [130.9856, 34.186], [130.9896, 34.1816], [130.9961, 34.1759], [131.0091, 34.1629], [131.0195, 34.1523], [131.0312, 34.1419], [131.0371, 34.1379], [131.0497, 34.1246], [131.0588, 34.1168], [131.0665, 34.1098], [131.0741, 34.1043], [131.0808, 34.1006], [131.0832, 34.0999]]}}, {"type": "Feature", "properties": {"name": "Tsuyama"}, "geometry": {"type": "LineString", "coordinates": [[133.8872, 35.116], [133.8911, 35.1153], [133.911, 35.1153], [133.9309, 35.1152], [133.9387, 35.1145], [133.9499, 35.1131], [133.9648, 35.1113], [133.9778, 35.1096], [133.9907, 35.1084], [133.9947, 35.1078]]}}, {"type": "Feature", "properties": {"name": "Nagisen"}, "geometry": {"type": "LineString", "coordinates": [[134.0438, 35.1132], [134.0491, 35.115], [134.0578, 35.1184], [134.0642, 35.1199], [134.0745, 35.1223], [134.0812, 35.1247], [134.0899, 35.1263], [134.1008, 35.1296], [134.1161, 35.1324], [134.1289, 35.1353], [134.1408, 35.1395], [134.1549, 35.1428], [134.1701, 35.1463], [134.1804, 35.1479], [134.1884, 35.1499], [134.1959, 35.1501], [134.2054, 35.1517], [134.2121, 35.1524], [134.2226, 35.1532]]}}, {"type": "Feature", "properties": {"name": "Soyabaru"}, "geometry": {"type": "LineString", "coordinates": [[131.5499, 32.3185], [131.5499, 32.3159], [131.5501, 32.3139], [131.551, 32.3084], [131.551, 32.3059], [131.55, 32.2998], [131.5483, 32.2955], [131.5453, 32.2915], [131.5416, 32.288], [131.5376, 32.2848], [131.5366, 32.2801], [131.5353, 32.2726], [131.5343, 32.2648], [131.5315, 32.2584], [131.5256, 32.2517], [131.519, 32.248], [131.5143, 32.2418], [131.5101, 32.2326], [131.5043, 32.2261], [131.501, 32.2226], [131.4967, 32.2165], [131.4931, 32.2123], [131.4906, 32.2103], [131.4864, 32.209], [131.4811, 32.2069]]}}, {"type": "Feature", "properties": {"name": "Higashiura"}, "geometry": {"type": "LineString", "coordinates": [[134.8972, 34.4533], [134.9019, 34.4573], [134.9076, 34.4649], [134.9127, 34.4709], [134.9175, 34.476], [134.9211, 34.4798], [134.9253, 34.4854], [134.9312, 34.492], [134.9342, 34.4947], [134.9369, 34.4965], [134.9402, 34.4991], [134.9423, 34.5019], [134.9457, 34.5096], [134.9479, 34.5129], [134.9524, 34.5169], [134.9589, 34.5203], [134.9674, 34.5255], [134.9758, 34.5311], [134.9796, 34.5351], [134.9864, 34.5425], [134.9959, 34.5479], [135.0079, 34.5536], [135.0153, 34.5591], [135.021, 34.5654], [135.0246, 34.5701], [135.0281, 34.5741], [135.0312, 34.5787], [135.034, 34.5821], [135.036, 34.5843], [135.0372, 34.5857], [135.0453, 34.5942], [135.0529, 34.6017], [135.0587, 34.6074], [135.0641, 34.6118], [135.0722, 34.6173], [135.0767, 34.6206]]}}, {"type": "Feature", "properties": {"name": "Kamano"}, "geometry": {"type": "LineString", "coordinates": [[131.0785, 32.6534], [131.0837, 32.656], [131.0867, 32.6575], [131.0892, 32.6584], [131.0911, 32.6592], [131.0948, 32.6604], [131.0993, 32.662], [131.1031, 32.6629], [131.1087, 32.6651], [131.1119, 32.6665], [131.1149, 32.6673], [131.1184, 32.6687], [131.1199, 32.6698], [131.1305, 32.6753], [131.1353, 32.6783], [131.1379, 32.6802], [131.1409, 32.6833], [131.1422, 32.6852]]}}, {"type": "Feature", "properties": {"name": "Itayatoge"}, "geometry": {"type": "LineString", "coordinates": [[130.372, 33.4591], [130.3758, 33.4551], [130.3781, 33.4523], [130.3822, 33.4485], [130.3864, 33.4437], [130.3942, 33.4333], [130.4022, 33.4231], [130.406, 33.4186], [130.4116, 33.4117], [130.4191, 33.4038], [130.4269, 33.3933], [130.4345, 33.3839]]}}, {"type": "Feature", "properties": {"name": "Nichinanko"}, "geometry": {"type": "LineString", "coordinates": [[133.2655, 35.264], [133.2721, 35.2634], [133.2779, 35.2621], [133.2825, 35.2606], [133.2881, 35.2567], [133.2938, 35.253], [133.2997, 35.2459], [133.3033, 35.2415], [133.3074, 35.2385], [133.3144, 35.23], [133.3197, 35.2249], [133.3273, 35.2175], [133.3326, 35.2125], [133.3372, 35.2091], [133.341, 35.2041], [133.3438, 35.2002], [133.3462, 35.1964], [133.3481, 35.1906], [133.3503, 35.183], [133.3532, 35.1794], [133.3588, 35.1725], [133.3681, 35.1608]]}}, {"type": "Feature", "properties": {"name": "Yatsushiro"}, "geometry": {"type": "LineString", "coordinates": [[130.7389, 32.6354], [130.736, 32.6282], [130.7305, 32.6163], [130.7197, 32.5997], [130.7157, 32.5944], [130.7121, 32.5889], [130.7077, 32.5836], [130.6972, 32.5748], [130.691, 32.5641], [130.682, 32.5506], [130.6756, 32.5392], [130.6656, 32.5264], [130.6585, 32.5158], [130.6493, 32.5047], [130.6339, 32.4885], [130.6201, 32.479], [130.608, 32.4682], [130.6017, 32.4576], [130.5943, 32.45], [130.5818, 32.44], [130.5668, 32.4312], [130.5421, 32.4148], [130.5183, 32.392], [130.5143, 32.3849], [130.5092, 32.378], [130.5043, 32.372], [130.5003, 32.3677]]}}, {"type": "Feature", "properties": {"name": "Shinji"}, "geometry": {"type": "LineString", "coordinates": [[132.9722, 35.5164], [132.9799, 35.5182], [132.9896, 35.5192], [133.0171, 35.5185], [133.025, 35.5178], [133.0371, 35.5188], [133.0548, 35.5189], [133.0711, 35.5201], [133.0828, 35.5204], [133.099, 35.5228], [133.1047, 35.5235], [133.1292, 35.527], [133.1381, 35.5275], [133.1568, 35.5311], [133.1792, 35.5391]]}}, {"type": "Feature", "properties": {"name": "Mifune"}, "geometry": {"type": "LineString", "coordinates": [[130.8049, 32.7596], [130.8026, 32.7545], [130.8003, 32.7479], [130.799, 32.7439], [130.798, 32.7397], [130.7951, 32.7323], [130.7896, 32.7183], [130.7863, 32.71], [130.7809, 32.7014], [130.7763, 32.6929], [130.7712, 32.6856], [130.7682, 32.6811], [130.7654, 32.6762], [130.7633, 32.6709], [130.7628, 32.6671], [130.7613, 32.6643], [130.7583, 32.6612], [130.755, 32.6583], [130.7509, 32.6491], [130.7464, 32.6436]]}}, {"type": "Feature", "properties": {"name": "Onoma"}, "geometry": {"type": "LineString", "coordinates": [[130.4609, 30.2388], [130.465, 30.2394], [130.4676, 30.2391], [130.47, 30.2377], [130.4722, 30.2366], [130.475, 30.2371], [130.4769, 30.2381], [130.4792, 30.2382], [130.4824, 30.2377], [130.4846, 30.2382], [130.49, 30.2393], [130.4952, 30.2389], [130.5043, 30.2389], [130.5102, 30.2396], [130.5144, 30.2399], [130.5212, 30.2394], [130.5298, 30.24], [130.5378, 30.2406], [130.5444, 30.2414], [130.5475, 30.2414], [130.5503, 30.241], [130.5573, 30.2426], [130.566, 30.2456], [130.575, 30.2491], [130.5883, 30.2548], [130.5957, 30.2582], [130.6002, 30.2614], [130.6056, 30.2677], [130.6104, 30.2726], [130.6176, 30.2786], [130.6248, 30.2845], [130.6338, 30.2919]]}}, {"type": "Feature", "properties": {"name": "Shikanoshima-oki"}, "geometry": {"type": "LineString", "coordinates": [[130.1779, 33.8501], [130.1795, 33.8462], [130.1841, 33.8336], [130.1853, 33.8247], [130.1868, 33.815], [130.1882, 33.8051], [130.1913, 33.795], [130.197, 33.786], [130.2019, 33.7796], [130.2127, 33.7697], [130.2229, 33.7621], [130.2369, 33.7522], [130.2413, 33.7491], [130.2481, 33.7447], [130.2536, 33.742], [130.2586, 33.7402], [130.2608, 33.739]]}}, {"type": "Feature", "properties": {"name": "Shigenobu"}, "geometry": {"type": "LineString", "coordinates": [[132.9838, 33.8369], [132.9828, 33.8347], [132.9816, 33.8334], [132.9781, 33.8317], [132.9745, 33.831], [132.9725, 33.8306], [132.9684, 33.8277], [132.96, 33.823], [132.9489, 33.8173], [132.9398, 33.8137], [132.9286, 33.8094], [132.92, 33.8076], [132.9091, 33.8076], [132.902, 33.8087], [132.8965, 33.8095], [132.8918, 33.8101], [132.8851, 33.8095], [132.8789, 33.8075], [132.8656, 33.8037], [132.8521, 33.8006], [132.8398, 33.7965], [132.8285, 33.7953], [132.8149, 33.794], [132.8112, 33.7932], [132.807, 33.7921], [132.8029, 33.7909], [132.7938, 33.7898], [132.7897, 33.7894], [132.7864, 33.7883]]}}, {"type": "Feature", "properties": {"name": "Hokudan"}, "geometry": {"type": "LineString", "coordinates": [[134.9096, 34.5027], [134.9099, 34.5089], [134.9109, 34.5125], [134.9158, 34.5171], [134.9205, 34.5241], [134.927, 34.5324], [134.9294, 34.535], [134.9338, 34.5386], [134.9389, 34.5424], [134.9431, 34.5452], [134.9444, 34.5476], [134.9459, 34.5551], [134.9524, 34.561], [134.9593, 34.5698], [134.9665, 34.5802], [134.9738, 34.5901], [134.9768, 34.5933], [134.9832, 34.5985], [134.9894, 34.6037], [134.9937, 34.6067], [135.0009, 34.6084], [135.0048, 34.6088], [135.0114, 34.6109], [135.0136, 34.6119], [135.0211, 34.6126], [135.0236, 34.6128], [135.0289, 34.6131], [135.0332, 34.6134], [135.0363, 34.6143], [135.0388, 34.6146], [135.0415, 34.6148], [135.044, 34.6163], [135.0474, 34.6173], [135.0496, 34.618], [135.0521, 34.6191], [135.0538, 34.6196], [135.0583, 34.6202], [135.0616, 34.6206], [135.0661, 34.6207], [135.0699, 34.6214], [135.0714, 34.6217]]}}, {"type": "Feature", "properties": {"name": "Ikeda"}, "geometry": {"type": "LineString", "coordinates": [[134.092, 34.0857], [134.0888, 34.0819], [134.0846, 34.0787], [134.0797, 34.0758], [134.0772, 34.0734], [134.0762, 34.0699], [134.0742, 34.0678], [134.0663, 34.0676], [134.0616, 34.0676], [134.06, 34.0679], [134.0565, 34.0669], [134.0522, 34.0651], [134.0447, 34.064], [134.0349, 34.062], [134.0299, 34.0624], [134.0219, 34.061], [134.0158, 34.0599], [134.0089, 34.0597], [134.0035, 34.0585], [133.9973, 34.0569], [133.9824, 34.0553], [133.9708, 34.0547], [133.9615, 34.0552], [133.9596, 34.0558], [133.957, 34.0557], [133.9511, 34.0526], [133.9462, 34.0507], [133.9426, 34.0502], [133.9341, 34.0498], [133.9259, 34.0495], [133.9202, 34.0486], [133.9125, 34.0475], [133.9021, 34.0466], [133.895, 34.0447], [133.8856, 34.0438], [133.8779, 34.0425], [133.8635, 34.0403], [133.8533, 34.0394], [133.8492, 34.0381], [133.8479, 34.038], [133.8452, 34.0376], [133.8421, 34.0369], [133.8388, 34.0362], [133.8281, 34.034], [133.822, 34.0328], [133.8184, 34.0324], [133.8136, 34.0311], [133.8105, 34.03], [133.8074, 34.0298], [133.8029, 34.0285], [133.7905, 34.0247], [133.7796, 34.0214], [133.7675, 34.0179], [133.7595, 34.0163], [133.7502, 34.0136], [133.7465, 34.0132], [133.7433, 34.0116], [133.7362, 34.0103], [133.73, 34.0096], [133.7132, 34.0047], [133.6875, 33.9959], [133.6755, 33.9933], [133.6687, 33.9917], [133.6601, 33.9899], [133.6506, 33.9885], [133.631, 33.9842], [133.6193, 33.9811], [133.6074, 33.9783], [133.5967, 33.9758]]}}, {"type": "Feature", "properties": {"name": "Kameishiyama"}, "geometry": {"type": "LineString", "coordinates": [[130.9954, 33.205], [131.0021, 33.2043], [131.0087, 33.203], [131.0133, 33.2019], [131.0172, 33.2008], [131.0201, 33.2011], [131.0276, 33.2017], [131.0335, 33.2021], [131.0392, 33.2009], [131.0432, 33.2005], [131.0469, 33.1999], [131.0501, 33.199], [131.0544, 33.1982], [131.0573, 33.1981], [131.0598, 33.1973], [131.0665, 33.1942], [131.0712, 33.1926], [131.0742, 33.1911], [131.0791, 33.1897], [131.0849, 33.1883], [131.0923, 33.1862], [131.0963, 33.1849], [131.1054, 33.1821], [131.1086, 33.1816], [131.1111, 33.1803], [131.1158, 33.1793], [131.1223, 33.1785], [131.1251, 33.1784], [131.1297, 33.1774], [131.1333, 33.1763], [131.1394, 33.1743], [131.1432, 33.1742], [131.146, 33.1735], [131.1521, 33.1705], [131.1565, 33.1688], [131.1589, 33.1671], [131.1631, 33.1656], [131.1694, 33.1639], [131.1726, 33.1627], [131.1773, 33.1611], [131.1831, 33.1602], [131.19, 33.1605], [131.1942, 33.1607], [131.1999, 33.1599], [131.2072, 33.1589], [131.2119, 33.1585], [131.2204, 33.1552], [131.232, 33.1546], [131.2463, 33.1568], [131.2543, 33.1569], [131.2619, 33.155], [131.2662, 33.1531], [131.2708, 33.1505]]}}, {"type": "Feature", "properties": {"name": "Yufuin"}, "geometry": {"type": "LineString", "coordinates": [[131.2903, 33.2549], [131.294, 33.2558], [131.2969, 33.2568], [131.3028, 33.2579], [131.3079, 33.2587], [131.3121, 33.2594], [131.3158, 33.2594], [131.3178, 33.2598], [131.3197, 33.2606], [131.3252, 33.2614], [131.3311, 33.2624], [131.3365, 33.263], [131.3423, 33.2611], [131.3472, 33.2582], [131.3514, 33.2543], [131.3592, 33.2516], [131.3622, 33.2522], [131.373, 33.2542], [131.3785, 33.256], [131.3844, 33.2578], [131.3879, 33.2596], [131.3943, 33.2632], [131.3998, 33.2652], [131.4079, 33.2681], [131.4107, 33.2696], [131.416, 33.2705], [131.42, 33.2718], [131.425, 33.2725], [131.4289, 33.2739]]}}, {"type": "Feature", "properties": {"name": "Kego"}, "geometry": {"type": "LineString", "coordinates": [[130.3121, 33.652], [130.3149, 33.6507], [130.3187, 33.647], [130.3236, 33.6414], [130.3312, 33.6354], [130.3491, 33.6242], [130.3645, 33.6121], [130.3784, 33.6006], [130.3855, 33.5938], [130.3911, 33.5881], [130.4, 33.5786], [130.4117, 33.5675], [130.4227, 33.5605], [130.4379, 33.5514], [130.4472, 33.5445], [130.4517, 33.5399], [130.461, 33.5324], [130.4673, 33.5273], [130.472, 33.5231], [130.4765, 33.5201], [130.482, 33.5153], [130.4879, 33.5124], [130.4925, 33.5089], [130.4977, 33.5058], [130.5012, 33.5021], [130.5047, 33.4978], [130.5098, 33.4935], [130.5147, 33.4885], [130.5194, 33.483], [130.525, 33.4774]]}}, {"type": "Feature", "properties": {"name": "Kerizaki-Tanowaki"}, "geometry": {"type": "LineString", "coordinates": [[130.9837, 30.7938], [130.9859, 30.7904], [130.9892, 30.7875], [130.9942, 30.7826], [131.0003, 30.7764], [131.0078, 30.7671], [131.0146, 30.7588], [131.0221, 30.7482], [131.0273, 30.7417], [131.0363, 30.7308], [131.0405, 30.7261], [131.0441, 30.7208], [131.0509, 30.714], [131.0543, 30.7093], [131.058, 30.7059], [131.0644, 30.6995], [131.0727, 30.6916]]}}, {"type": "Feature", "properties": {"name": "Miyakojima"}, "geometry": {"type": "LineString", "coordinates": [[125.233, 24.9346], [125.2366, 24.9325], [125.2395, 24.9311], [125.2415, 24.9303], [125.2436, 24.9295], [125.2445, 24.9276], [125.2456, 24.9257], [125.2543, 24.9189], [125.2603, 24.9145], [125.2706, 24.9046], [125.2825, 24.8883], [125.2838, 24.8843], [125.2859, 24.8785], [125.2881, 24.8745], [125.2907, 24.8713], [125.2944, 24.8676], [125.2977, 24.8633], [125.3008, 24.8584], [125.3038, 24.8524], [125.3058, 24.8467], [125.311, 24.8378], [125.3191, 24.8257], [125.327, 24.8151], [125.3359, 24.8042], [125.3479, 24.7928], [125.3628, 24.7804], [125.3729, 24.7713], [125.3829, 24.7629], [125.3928, 24.7551], [125.4035, 24.7479], [125.4088, 24.7433], [125.4128, 24.7396], [125.4168, 24.7361], [125.4211, 24.7324], [125.4248, 24.7281], [125.4265, 24.7261]]}}, {"type": "Feature", "properties": {"name": "Kabutojima-nishi"}, "geometry": {"type": "LineString", "coordinates": [[132.2958, 34.1601], [132.2965, 34.1477], [132.297, 34.1342], [132.297, 34.125], [132.2972, 34.1188], [132.2988, 34.1116], [132.3014, 34.1049], [132.3041, 34.1002], [132.3063, 34.0932], [132.3085, 34.085]]}}, {"type": "Feature", "properties": {"name": "Himeshima-hokuseioki"}, "geometry": {"type": "LineString", "coordinates": [[131.6295, 33.851], [131.6263, 33.8456], [131.6239, 33.8419], [131.6216, 33.8379], [131.6192, 33.8333], [131.6159, 33.829], [131.61, 33.8217], [131.603, 33.8143], [131.5994, 33.8103], [131.5965, 33.8058], [131.5913, 33.797], [131.5877, 33.7897], [131.5843, 33.7857], [131.5822, 33.7814], [131.5783, 33.7765], [131.5749, 33.772], [131.5711, 33.7675], [131.5665, 33.7599], [131.5613, 33.7495], [131.5555, 33.7373], [131.55, 33.7292], [131.542, 33.7182], [131.5368, 33.71], [131.5335, 33.7059]]}}, {"type": "Feature", "properties": {"name": "Awajishima-nishioki"}, "geometry": {"type": "LineString", "coordinates": [[134.6944, 34.3904], [134.7016, 34.3919], [134.7076, 34.3944], [134.7155, 34.3968], [134.7201, 34.3987], [134.7243, 34.4008], [134.7307, 34.4052], [134.7372, 34.4112], [134.7454, 34.4185], [134.7519, 34.4258], [134.7582, 34.433], [134.769, 34.4443], [134.7766, 34.4551], [134.7825, 34.4611], [134.7898, 34.4674], [134.7923, 34.4698], [134.7968, 34.4756], [134.8008, 34.4818], [134.8054, 34.4877], [134.8086, 34.4906], [134.8127, 34.4966], [134.8142, 34.4986], [134.8167, 34.5004], [134.8224, 34.5067], [134.8243, 34.5089]]}}, {"type": "Feature", "properties": {"name": "Asogairin-nanroku"}, "geometry": {"type": "LineString", "coordinates": [[131.023, 32.7355], [131.0266, 32.7348], [131.0306, 32.7341], [131.0348, 32.7334], [131.0379, 32.7335], [131.0499, 32.7336], [131.0673, 32.735], [131.0849, 32.7367], [131.1041, 32.7396], [131.1173, 32.7433], [131.1311, 32.7498], [131.1408, 32.7559], [131.1494, 32.7643], [131.1546, 32.7712], [131.1597, 32.7775], [131.1618, 32.7819], [131.1636, 32.7843]]}}, {"type": "Feature", "properties": {"name": "Shibuki"}, "geometry": {"type": "LineString", "coordinates": [[131.2354, 34.3586], [131.2274, 34.3438], [131.2167, 34.3268], [131.21, 34.316], [131.2001, 34.3052], [131.1928, 34.2979], [131.1798, 34.282], [131.1768, 34.278], [131.1647, 34.2595], [131.1579, 34.2511], [131.1505, 34.2432], [131.1444, 34.2368]]}}, {"type": "Feature", "properties": {"name": "Genkaijima"}, "geometry": {"type": "LineString", "coordinates": [[130.0931, 33.8011], [130.0984, 33.7922], [130.1015, 33.7858], [130.1024, 33.7816], [130.1045, 33.7761], [130.1084, 33.7698], [130.1142, 33.7644], [130.1251, 33.7585], [130.1377, 33.7535], [130.1505, 33.7481], [130.1706, 33.7386], [130.1857, 33.7306], [130.2088, 33.7181], [130.2239, 33.7097], [130.2439, 33.6989], [130.2635, 33.6888], [130.2763, 33.6807], [130.2886, 33.6737], [130.2981, 33.6701]]}}, {"type": "Feature", "properties": {"name": "Sakota-Ikumo"}, "geometry": {"type": "LineString", "coordinates": [[131.6783, 34.4529], [131.6648, 34.4407], [131.6571, 34.4321], [131.6507, 34.4221], [131.6414, 34.4124], [131.6298, 34.4033], [131.6164, 34.3922], [131.6065, 34.3847], [131.5955, 34.3748], [131.59, 34.3687], [131.5842, 34.3614], [131.5801, 34.3551], [131.5754, 34.349], [131.5669, 34.3401], [131.5606, 34.3333], [131.5477, 34.3229]]}}, {"type": "Feature", "properties": {"name": "Ojikayama"}, "geometry": {"type": "LineString", "coordinates": [[131.4433, 33.2682], [131.4478, 33.2662], [131.4521, 33.2649], [131.4586, 33.2622], [131.4613, 33.2611], [131.4651, 33.2595], [131.4685, 33.2575], [131.471, 33.2554], [131.4783, 33.2516], [131.4867, 33.2511], [131.4941, 33.2517], [131.4989, 33.2535]]}}, {"type": "Feature", "properties": {"name": "Ikenohara"}, "geometry": {"type": "LineString", "coordinates": [[130.7955, 32.6103], [130.792, 32.6073], [130.7891, 32.6053], [130.785, 32.6027], [130.7762, 32.5955], [130.7734, 32.593], [130.7666, 32.5859], [130.755, 32.573], [130.7496, 32.5679], [130.745, 32.5624], [130.74, 32.5554], [130.7354, 32.5495], [130.7301, 32.544], [130.7255, 32.5404], [130.7217, 32.5367], [130.7159, 32.5325], [130.7114, 32.5285], [130.7043, 32.5224], [130.6999, 32.5181], [130.6972, 32.5153], [130.6924, 32.5092], [130.6846, 32.5014], [130.6743, 32.492], [130.6685, 32.4873], [130.6645, 32.4849], [130.6625, 32.4839], [130.66, 32.4828], [130.6528, 32.4792], [130.6435, 32.4738], [130.6311, 32.4661], [130.6226, 32.4609], [130.6179, 32.4586], [130.6108, 32.4534], [130.6041, 32.4483]]}}, {"type": "Feature", "properties": {"name": "Minato-Honjo"}, "geometry": {"type": "LineString", "coordinates": [[134.7062, 34.3392], [134.7107, 34.3353], [134.7148, 34.3329], [134.718, 34.3319], [134.7217, 34.3299], [134.7246, 34.3253], [134.7291, 34.3202], [134.7331, 34.3159], [134.7351, 34.3128], [134.7363, 34.3058], [134.7366, 34.3009], [134.7373, 34.2982], [134.7411, 34.2936], [134.7426, 34.2884], [134.7439, 34.2839], [134.7449, 34.2784], [134.7455, 34.2737], [134.7455, 34.2655], [134.746, 34.2601], [134.7461, 34.2548], [134.7459, 34.2486], [134.7451, 34.2439], [134.744, 34.2387], [134.7429, 34.2324], [134.7413, 34.2272], [134.7382, 34.2223], [134.7345, 34.2166], [134.7281, 34.209]]}}, {"type": "Feature", "properties": {"name": "Amagoidake"}, "geometry": {"type": "LineString", "coordinates": [[131.3281, 33.2336], [131.3325, 33.2322], [131.3392, 33.2312], [131.3453, 33.2309], [131.3474, 33.2316], [131.3527, 33.2328], [131.3631, 33.2327], [131.3727, 33.2324], [131.3788, 33.2323], [131.3829, 33.2326], [131.3865, 33.2334], [131.3908, 33.2336], [131.3936, 33.2336], [131.3998, 33.2329], [131.4071, 33.2314], [131.4156, 33.2297], [131.4207, 33.228], [131.4231, 33.2276]]}}, {"type": "Feature", "properties": {"name": "Mino"}, "geometry": {"type": "LineString", "coordinates": [[130.5375, 33.3157], [130.5402, 33.3152], [130.5431, 33.3142], [130.5455, 33.314], [130.5503, 33.314], [130.5611, 33.3126], [130.5687, 33.3119], [130.5738, 33.3098], [130.5833, 33.3075], [130.5898, 33.3068], [130.5954, 33.3077], [130.5991, 33.3081], [130.6027, 33.308], [130.6063, 33.3078], [130.6111, 33.3071], [130.6163, 33.3054], [130.6195, 33.3056], [130.6245, 33.3084], [130.6281, 33.3117], [130.6345, 33.3144], [130.6376, 33.3154], [130.6431, 33.3162], [130.6509, 33.318], [130.656, 33.3189], [130.66, 33.3193], [130.6679, 33.3195], [130.6742, 33.3195], [130.68, 33.3194], [130.684, 33.3188], [130.6896, 33.3189], [130.6958, 33.321], [130.6994, 33.3222], [130.7021, 33.3228], [130.7053, 33.3239], [130.7071, 33.3243], [130.715, 33.3245], [130.7244, 33.3241], [130.7302, 33.324], [130.7353, 33.3255], [130.7412, 33.3282], [130.7446, 33.3295], [130.7476, 33.3297], [130.7524, 33.3292], [130.7556, 33.328], [130.7594, 33.3265], [130.7622, 33.3254], [130.768, 33.3247], [130.7748, 33.3258], [130.78, 33.327], [130.7852, 33.3276], [130.7894, 33.3284], [130.7936, 33.3298]]}}, {"type": "Feature", "properties": {"name": "Ninoshima-nishi"}, "geometry": {"type": "LineString", "coordinates": [[132.4004, 34.3366], [132.399, 34.3271], [132.3984, 34.3208], [132.3986, 34.3171], [132.3976, 34.3113], [132.3955, 34.3019], [132.3944, 34.2961], [132.3944, 34.2858], [132.3945, 34.2786], [132.3935, 34.2719], [132.3924, 34.2685]]}}, {"type": "Feature", "properties": {"name": "Kuresakatoge"}, "geometry": {"type": "LineString", "coordinates": [[134.5453, 34.9947], [134.5481, 34.9936], [134.5565, 34.9877], [134.5621, 34.9847], [134.5668, 34.9805], [134.5722, 34.9777], [134.582, 34.9709], [134.5938, 34.9637], [134.608, 34.9559], [134.6159, 34.9533], [134.6251, 34.9474], [134.6396, 34.9382], [134.6514, 34.93], [134.6631, 34.9225], [134.6735, 34.9161], [134.6819, 34.9104], [134.6861, 34.909], [134.6935, 34.9059], [134.7104, 34.8983], [134.723, 34.8933], [134.7321, 34.8894]]}}, {"type": "Feature", "properties": {"name": "Haneyama"}, "geometry": {"type": "LineString", "coordinates": [[131.1696, 33.2114], [131.1652, 33.2127], [131.1596, 33.2155], [131.1552, 33.2187], [131.1489, 33.2212], [131.145, 33.2236], [131.1357, 33.2265], [131.1304, 33.2283], [131.1208, 33.23], [131.1102, 33.2347], [131.1021, 33.2365], [131.0937, 33.2367], [131.0836, 33.2345], [131.078, 33.2344], [131.0677, 33.2365], [131.0585, 33.2361], [131.0483, 33.2337], [131.0394, 33.2359], [131.0227, 33.2393], [131.011, 33.2398], [131.0012, 33.2401], [130.9914, 33.2399]]}}, {"type": "Feature", "properties": {"name": "Tsugasai"}, "geometry": {"type": "LineString", "coordinates": [[133.2359, 33.6167], [133.2397, 33.6172], [133.2513, 33.6202], [133.2557, 33.6207], [133.2673, 33.6217], [133.281, 33.6232], [133.2897, 33.6239], [133.2958, 33.6249], [133.3047, 33.6288], [133.311, 33.6313], [133.326, 33.6364], [133.3342, 33.6393], [133.3489, 33.6447], [133.3562, 33.6472], [133.3605, 33.6479], [133.3697, 33.6518], [133.3815, 33.6582], [133.3936, 33.6638], [133.4021, 33.6677], [133.41, 33.6716], [133.4207, 33.6748], [133.4301, 33.6787], [133.4371, 33.6823], [133.44, 33.6838], [133.446, 33.6867]]}}, {"type": "Feature", "properties": {"name": "Fukuragi"}, "geometry": {"type": "LineString", "coordinates": [[131.7062, 33.0117], [131.7107, 33.015], [131.7167, 33.0191], [131.7225, 33.0229], [131.7294, 33.0288], [131.738, 33.0377], [131.7401, 33.0406], [131.7442, 33.0463], [131.7473, 33.0497], [131.7492, 33.0525], [131.7544, 33.0584], [131.7613, 33.0678], [131.7645, 33.0737], [131.7694, 33.0809], [131.7729, 33.0867], [131.7738, 33.0877]]}}, {"type": "Feature", "properties": {"name": "Sukumo"}, "geometry": {"type": "LineString", "coordinates": [[132.6454, 32.9243], [132.6634, 32.9305], [132.6814, 32.9355], [132.6896, 32.9403], [132.7009, 32.9382], [132.7163, 32.9373], [132.7341, 32.9493]]}}, {"type": "Feature", "properties": {"name": "Iyo-nishioki"}, "geometry": {"type": "LineString", "coordinates": [[132.4981, 33.7629], [132.5058, 33.7674], [132.5162, 33.7699], [132.5246, 33.7721], [132.5328, 33.7737], [132.5395, 33.7755], [132.5468, 33.7769], [132.5543, 33.7781], [132.5628, 33.7794], [132.5689, 33.781], [132.5801, 33.7834], [132.5919, 33.7851], [132.6041, 33.787], [132.6162, 33.7893], [132.6261, 33.7906], [132.6334, 33.7924], [132.6379, 33.7943], [132.6428, 33.7962]]}}, {"type": "Feature", "properties": {"name": "Mitsukue-oki"}, "geometry": {"type": "LineString", "coordinates": [[132.3119, 33.576], [132.3077, 33.5748], [132.305, 33.5735], [132.3025, 33.5727], [132.297, 33.5717], [132.2903, 33.5697], [132.2833, 33.5656], [132.2754, 33.5605], [132.2642, 33.5522], [132.2585, 33.5482], [132.248, 33.543], [132.2414, 33.5395], [132.2378, 33.5366], [132.2273, 33.5308], [132.2161, 33.5246], [132.2125, 33.5227], [132.2111, 33.5218], [132.2091, 33.5217], [132.2073, 33.5206], [132.1982, 33.5157], [132.194, 33.513], [132.1861, 33.5093], [132.1789, 33.5046], [132.1682, 33.4991], [132.1631, 33.4962], [132.1587, 33.4933], [132.154, 33.4898], [132.1469, 33.4838], [132.1402, 33.4784], [132.1358, 33.4748], [132.1327, 33.4713], [132.1239, 33.4649], [132.1165, 33.4602], [132.1051, 33.4573], [132.0995, 33.4563], [132.0937, 33.455], [132.0892, 33.4532], [132.0852, 33.4509], [132.0821, 33.4497], [132.0781, 33.448], [132.0731, 33.4461], [132.0684, 33.445], [132.0639, 33.4449], [132.0577, 33.446], [132.0547, 33.4472], [132.049, 33.4484], [132.0438, 33.4496], [132.0387, 33.45], [132.0292, 33.4513], [132.0227, 33.4518], [132.0171, 33.4523], [132.0104, 33.4511], [132.0063, 33.4494], [132.0038, 33.4458], [132.0005, 33.4404], [131.9982, 33.4349], [131.9952, 33.4316], [131.991, 33.4279], [131.9872, 33.4237], [131.9847, 33.4196], [131.9828, 33.4161], [131.9826, 33.4151], [131.9821, 33.4105], [131.9823, 33.4076], [131.9818, 33.4039], [131.9795, 33.3991], [131.9782, 33.3957], [131.977, 33.3935], [131.9717, 33.3876], [131.9656, 33.3817], [131.9622, 33.3797]]}}, {"type": "Feature", "properties": {"name": "Akuigawa"}, "geometry": {"type": "LineString", "coordinates": [[134.1689, 33.9076], [134.186, 33.9152], [134.2031, 33.9229], [134.2149, 33.9281], [134.2237, 33.93], [134.2344, 33.9335], [134.2423, 33.935], [134.2546, 33.9366], [134.2654, 33.9395], [134.2754, 33.9443], [134.2846, 33.948], [134.297, 33.952], [134.3125, 33.957], [134.3293, 33.9629], [134.3352, 33.9644], [134.3419, 33.9653], [134.3502, 33.968], [134.359, 33.9722], [134.3696, 33.9757], [134.3757, 33.9787], [134.3864, 33.9845], [134.4003, 33.9932], [134.4109, 34.0003], [134.4179, 34.0042], [134.4261, 34.0065], [134.4307, 34.0084], [134.4363, 34.0103], [134.443, 34.0115], [134.4512, 34.0137], [134.4598, 34.0182], [134.4714, 34.0243], [134.4767, 34.0276]]}}, {"type": "Feature", "properties": {"name": "Tsunatsukimori"}, "geometry": {"type": "LineString", "coordinates": [[133.8581, 33.7834], [133.8634, 33.785], [133.8723, 33.7875], [133.8801, 33.7898], [133.8883, 33.7928], [133.9, 33.7973], [133.9064, 33.7996], [133.9129, 33.8013], [133.9232, 33.8047], [133.9334, 33.8084], [133.9376, 33.81], [133.9477, 33.8137], [133.9578, 33.8185], [133.9633, 33.8212]]}}, {"type": "Feature", "properties": {"name": "Kamine"}, "geometry": {"type": "LineString", "coordinates": [[132.5145, 34.5299], [132.5211, 34.5364], [132.53, 34.5436], [132.5406, 34.5534], [132.5515, 34.5632], [132.5593, 34.5696], [132.5663, 34.5743], [132.577, 34.5829], [132.5841, 34.5906], [132.588, 34.5971], [132.5963, 34.6086], [132.6032, 34.6158], [132.6067, 34.6211], [132.6152, 34.6319]]}}, {"type": "Feature", "properties": {"name": "Beppuwan-chuo"}, "geometry": {"type": "LineString", "coordinates": [[131.5089, 33.3341], [131.5125, 33.3337], [131.5149, 33.3331], [131.5196, 33.3332], [131.5267, 33.3329], [131.5331, 33.3343], [131.5384, 33.335], [131.5454, 33.3354], [131.5486, 33.3356], [131.5542, 33.3365], [131.5612, 33.337], [131.5677, 33.3376], [131.5738, 33.3371], [131.577, 33.3371], [131.5814, 33.3368], [131.5849, 33.3363], [131.5884, 33.3355], [131.594, 33.3335], [131.5986, 33.3327], [131.6045, 33.3327], [131.6098, 33.3343], [131.6156, 33.3355], [131.6227, 33.3362], [131.6326, 33.3356], [131.644, 33.3325], [131.6554, 33.329], [131.6642, 33.3267], [131.6723, 33.324], [131.6793, 33.3201], [131.6881, 33.3166], [131.7031, 33.3157], [131.7136, 33.3147], [131.7247, 33.3119], [131.7306, 33.3101], [131.7334, 33.3078], [131.7354, 33.3061], [131.7372, 33.3055], [131.741, 33.3041], [131.7429, 33.3034], [131.7455, 33.3034], [131.7487, 33.3031], [131.7502, 33.3029]]}}, {"type": "Feature", "properties": {"name": "Funaki"}, "geometry": {"type": "LineString", "coordinates": [[132.827, 34.5007], [132.8284, 34.4991], [132.8322, 34.4971], [132.8409, 34.4917], [132.8449, 34.4897], [132.8515, 34.4858], [132.8639, 34.4796], [132.8769, 34.474], [132.8847, 34.471], [132.8924, 34.4683], [132.9008, 34.4659], [132.9125, 34.4622], [132.9208, 34.4602], [132.9299, 34.4569], [132.9394, 34.4538], [132.9458, 34.4517], [132.954, 34.4485], [132.9584, 34.447], [132.9664, 34.4439], [132.9764, 34.4414], [132.9858, 34.4398], [132.9921, 34.438], [132.9996, 34.4363]]}}, {"type": "Feature", "properties": {"name": "Noinedake"}, "geometry": {"type": "LineString", "coordinates": [[131.1754, 33.1899], [131.1802, 33.1915], [131.186, 33.193], [131.19, 33.194], [131.1954, 33.1944], [131.2005, 33.1955], [131.2041, 33.1967], [131.2068, 33.1973], [131.2091, 33.1983], [131.2119, 33.1986], [131.22, 33.2005], [131.226, 33.2023], [131.2289, 33.2037], [131.2464, 33.2162], [131.25, 33.2175], [131.2535, 33.2184], [131.2564, 33.2189], [131.2603, 33.2188], [131.2634, 33.2195], [131.2678, 33.2211], [131.2738, 33.2238], [131.2791, 33.2255], [131.2825, 33.2263], [131.2887, 33.2281], [131.2948, 33.2293], [131.3019, 33.2296], [131.3053, 33.229], [131.3081, 33.2286], [131.309, 33.2286]]}}, {"type": "Feature", "properties": {"name": "Iyonagahama-oki"}, "geometry": {"type": "LineString", "coordinates": [[132.5757, 33.6817], [132.5676, 33.6827], [132.5613, 33.6817], [132.5535, 33.6801], [132.5448, 33.6781], [132.5361, 33.6752], [132.5249, 33.671], [132.5142, 33.6679], [132.5025, 33.6641], [132.4896, 33.6586], [132.4796, 33.653], [132.4726, 33.6494], [132.4677, 33.6467], [132.4623, 33.6443], [132.4602, 33.6439], [132.4573, 33.6424], [132.4529, 33.6412], [132.4487, 33.6401], [132.4436, 33.6378], [132.4374, 33.6343], [132.4308, 33.6316], [132.4233, 33.6293], [132.4161, 33.6269], [132.4106, 33.6248], [132.4045, 33.6213], [132.3995, 33.6194], [132.3959, 33.6194], [132.3883, 33.6163], [132.3809, 33.6113], [132.3732, 33.606], [132.3614, 33.598], [132.3483, 33.589], [132.3421, 33.5851], [132.3357, 33.5819], [132.3301, 33.5783], [132.3236, 33.5745], [132.3076, 33.5649], [132.2889, 33.5531], [132.277, 33.5447], [132.2662, 33.5361], [132.2625, 33.5326], [132.2585, 33.5302], [132.2497, 33.526], [132.2443, 33.5241], [132.2363, 33.5223], [132.2268, 33.5197]]}}, {"type": "Feature", "properties": {"name": "Otake"}, "geometry": {"type": "LineString", "coordinates": [[132.2365, 34.2544], [132.2339, 34.2532], [132.2272, 34.247], [132.2223, 34.2413], [132.2191, 34.2394], [132.2169, 34.2367], [132.2126, 34.2315], [132.2086, 34.2275], [132.2031, 34.2214], [132.1972, 34.2134], [132.1891, 34.203], [132.1848, 34.1977], [132.1814, 34.1922], [132.1727, 34.1806], [132.1684, 34.1744], [132.1657, 34.1715], [132.1519, 34.1641], [132.1484, 34.1617], [132.145, 34.1606], [132.141, 34.1591], [132.1373, 34.1567], [132.1334, 34.1535], [132.1289, 34.1482], [132.1231, 34.1404], [132.1181, 34.1362], [132.1118, 34.132], [132.1047, 34.1291], [132.0949, 34.1245], [132.0895, 34.1211], [132.0852, 34.1181], [132.0793, 34.1154], [132.0665, 34.1071], [132.0574, 34.1018], [132.0505, 34.099], [132.0371, 34.0934], [132.0333, 34.0917]]}}, {"type": "Feature", "properties": {"name": "Hiji-oki"}, "geometry": {"type": "LineString", "coordinates": [[131.5071, 33.3287], [131.5099, 33.3288], [131.5129, 33.3278], [131.5178, 33.3267], [131.5244, 33.3242], [131.5278, 33.3229], [131.5309, 33.3216], [131.5349, 33.3211], [131.5427, 33.3214], [131.5482, 33.3218], [131.5521, 33.3227], [131.5589, 33.3233], [131.5656, 33.3234], [131.5732, 33.3222], [131.5798, 33.3211], [131.5836, 33.3206], [131.5876, 33.319], [131.5949, 33.3166], [131.6055, 33.3143], [131.6098, 33.3136], [131.6148, 33.312], [131.622, 33.308], [131.6301, 33.3034], [131.6362, 33.3002]]}}, {"type": "Feature", "properties": {"name": "Kagoshimawan-toen"}, "geometry": {"type": "LineString", "coordinates": [[130.7475, 31.5614], [130.757, 31.5643], [130.7615, 31.5659], [130.7673, 31.5701], [130.7763, 31.5788], [130.7813, 31.5841], [130.7832, 31.5882], [130.7846, 31.5968], [130.7846, 31.6005], [130.7852, 31.6028], [130.7881, 31.6082], [130.794, 31.618], [130.7956, 31.6236], [130.8003, 31.6332], [130.804, 31.6385], [130.8098, 31.6445], [130.8149, 31.6487], [130.8166, 31.651], [130.8173, 31.6534], [130.818, 31.6608], [130.8176, 31.6681], [130.8167, 31.6716], [130.8165, 31.6774], [130.8156, 31.6805], [130.8074, 31.6943], [130.8047, 31.698], [130.7997, 31.7035]]}}, {"type": "Feature", "properties": {"name": "Gomura"}, "geometry": {"type": "LineString", "coordinates": [[134.9249, 35.8743], [134.9521, 35.8281], [134.9631, 35.8055], [134.9733, 35.78], [134.9835, 35.7524], [134.9958, 35.7159], [135.0078, 35.6929], [135.0224, 35.6767], [135.0435, 35.632], [135.0515, 35.6172], [135.0552, 35.6117], [135.0659, 35.5972], [135.0745, 35.5886]]}}, {"type": "Feature", "properties": {"name": "Oshima-oki"}, "geometry": {"type": "LineString", "coordinates": [[130.2987, 33.9835], [130.3041, 33.9814], [130.313, 33.9771], [130.3184, 33.9743], [130.3251, 33.9708], [130.3326, 33.9656], [130.3405, 33.9601], [130.3458, 33.955], [130.3528, 33.9483], [130.3591, 33.9422], [130.3641, 33.9374], [130.3719, 33.9322], [130.3795, 33.9278], [130.3887, 33.9222]]}}, {"type": "Feature", "properties": {"name": "Kuenohirayama"}, "geometry": {"type": "LineString", "coordinates": [[131.226, 33.1801], [131.2336, 33.1838], [131.2396, 33.1853], [131.2448, 33.187], [131.2492, 33.1893], [131.2522, 33.1899], [131.26, 33.1907], [131.264, 33.1902], [131.2677, 33.1891], [131.2712, 33.1873], [131.2747, 33.1857], [131.2795, 33.1848], [131.2866, 33.186], [131.2938, 33.187], [131.2997, 33.1882], [131.3048, 33.1879], [131.3092, 33.1868], [131.3156, 33.1841], [131.3179, 33.1829], [131.3209, 33.1825], [131.3224, 33.1821], [131.3279, 33.1796], [131.3329, 33.1772], [131.3357, 33.1759], [131.3392, 33.1755], [131.3429, 33.1748], [131.3468, 33.173], [131.3489, 33.1719], [131.3528, 33.1702]]}}, {"type": "Feature", "properties": {"name": "Atadajima"}, "geometry": {"type": "LineString", "coordinates": [[132.3477, 34.2611], [132.3477, 34.2532], [132.3469, 34.2461], [132.3461, 34.239], [132.3438, 34.2274], [132.3426, 34.2219], [132.3383, 34.2045], [132.3369, 34.1964], [132.3366, 34.1914], [132.3345, 34.1831], [132.3327, 34.1774], [132.3288, 34.1707], [132.3253, 34.1674], [132.3226, 34.1656], [132.3206, 34.1634], [132.3163, 34.1568], [132.3136, 34.1531], [132.3118, 34.1503], [132.31, 34.1466], [132.3065, 34.1427], [132.2998, 34.1382]]}}, {"type": "Feature", "properties": {"name": "Kiisuido"}, "geometry": {"type": "LineString", "coordinates": [[135.1733, 34.2592], [135.1642, 34.2577], [135.1525, 34.2557], [135.1427, 34.2541], [135.1318, 34.2518], [135.1261, 34.2512], [135.1169, 34.25], [135.1086, 34.2492], [135.1002, 34.2479], [135.0956, 34.2472], [135.091, 34.2461], [135.0861, 34.2451], [135.0817, 34.2442], [135.0769, 34.2432], [135.0734, 34.2431], [135.071, 34.2432], [135.0658, 34.2423], [135.0615, 34.2419], [135.057, 34.2406], [135.0502, 34.2386], [135.0442, 34.2358], [135.0382, 34.2337], [135.0315, 34.2326], [135.0236, 34.2312], [135.0141, 34.2297], [135.0114, 34.2295], [135.0042, 34.2276], [134.9975, 34.2269], [134.9879, 34.2269], [134.9803, 34.2278], [134.9741, 34.2284], [134.9722, 34.2282], [134.967, 34.2294], [134.9641, 34.2292], [134.9595, 34.2294], [134.9531, 34.2273], [134.9465, 34.2265], [134.9409, 34.2265], [134.9347, 34.2278], [134.9261, 34.2287], [134.9175, 34.2288], [134.9054, 34.2273], [134.9004, 34.2274], [134.8939, 34.2273], [134.8861, 34.2272], [134.8822, 34.2261], [134.8752, 34.2249], [134.8683, 34.224], [134.855, 34.2236], [134.8456, 34.2229], [134.83, 34.2205], [134.8165, 34.217], [134.8138, 34.2158], [134.8072, 34.2123], [134.7984, 34.2089], [134.7868, 34.2043], [134.7799, 34.2003], [134.7743, 34.1966], [134.767, 34.1932], [134.76, 34.1906], [134.7528, 34.1881], [134.7433, 34.1851], [134.7311, 34.1813], [134.7214, 34.1785], [134.7117, 34.1756], [134.7003, 34.1732], [134.6945, 34.1728], [134.6843, 34.173], [134.6739, 34.1727], [134.6635, 34.1715], [134.6544, 34.171], [134.6468, 34.17], [134.645, 34.1701]]}}, {"type": "Feature", "properties": {"name": "Iwakuni-oki"}, "geometry": {"type": "LineString", "coordinates": [[132.291, 34.1362], [132.2884, 34.134], [132.2855, 34.1311], [132.2824, 34.1288], [132.2767, 34.1251], [132.2725, 34.1215], [132.2666, 34.1156], [132.2619, 34.1118], [132.2566, 34.1062], [132.2521, 34.1019], [132.2468, 34.0962], [132.2423, 34.0906], [132.2393, 34.0866], [132.238, 34.0831], [132.2373, 34.0785], [132.236, 34.075], [132.2337, 34.066], [132.2299, 34.0566], [132.2271, 34.0485]]}}, {"type": "Feature", "properties": {"name": "Higashinomishima-nansei"}, "geometry": {"type": "LineString", "coordinates": [[132.3282, 34.0659], [132.3332, 34.072], [132.3364, 34.0742], [132.3435, 34.0772], [132.3509, 34.0819], [132.357, 34.0856], [132.3607, 34.0895], [132.3657, 34.0924], [132.3731, 34.0943], [132.3807, 34.0963], [132.3873, 34.0993], [132.3926, 34.102], [132.3989, 34.1048], [132.4036, 34.1083], [132.4058, 34.1121], [132.4091, 34.1163], [132.4139, 34.12], [132.4179, 34.1221], [132.4226, 34.1243]]}}, {"type": "Feature", "properties": {}, "geometry": {"type": "LineString", "coordinates": [[88.0437, 41.02], [88.3015, 40.8151], [88.4734, 40.7622], [88.6849, 40.716], [88.9889, 40.7094], [89.4384, 40.716], [89.6961, 40.8085], [89.8482, 40.8812]]}}, {"type": "Feature", "properties": {}, "geometry": {"type": "LineString", "coordinates": [[86.5566, 41.6281], [86.7284, 41.529], [86.9597, 41.4166], [87.2506, 41.3108], [87.5017, 41.2778], [87.7066, 41.2778], [88.0371, 41.291], [88.2817, 41.3505], [88.4667, 41.3769], [88.5791, 41.3769], [88.7377, 41.3835]]}}, {"type": "Feature", "properties": {}, "geometry": {"type": "LineString", "coordinates": [[88.2552, 41.6083], [88.1693, 41.6017], [88.123, 41.5752], [88.0305, 41.562], [87.9314, 41.5554], [87.8322, 41.562], [87.7463, 41.5884], [87.5943, 41.6413], [87.4422, 41.6215], [87.3299, 41.6149], [87.2043, 41.6347], [87.0655, 41.714], [86.9531, 41.7603], [86.854, 41.7273], [86.7218, 41.7074]]}}, {"type": "Feature", "properties": {}, "geometry": {"type": "LineString", "coordinates": [[87.5678, 41.8727], [87.7397, 41.8793], [87.852, 41.8594], [87.9842, 41.7933], [88.1495, 41.7273], [88.3874, 41.6744], [88.5328, 41.6479], [88.665, 41.6281], [88.8501, 41.6479], [88.9625, 41.6413], [89.0682, 41.6149], [89.1938, 41.6083], [89.326, 41.6215], [89.445, 41.6215], [89.5243, 41.6149], [89.6168, 41.6017]]}}, {"type": "Feature", "properties": {}, "geometry": {"type": "LineString", "coordinates": [[84.9768, 42.0776], [85.1619, 42.0511], [85.4726, 41.9784], [85.8493, 41.8528], [86.0807, 41.7933], [86.345, 41.714], [86.4508, 41.6678], [86.5367, 41.6215]]}}, {"type": "Feature", "properties": {}, "geometry": {"type": "LineString", "coordinates": [[75.6043, 39.8303], [75.7167, 39.8104], [75.8819, 39.8038], [76.0538, 39.8038], [76.1728, 39.8567], [76.2917, 39.9096], [76.3843, 39.936], [76.4702, 39.9625], [76.5297, 39.9625], [76.6288, 39.9625], [76.6883, 39.9492], [76.7544, 39.9294], [76.8205, 39.8964]]}}, {"type": "Feature", "properties": {}, "geometry": {"type": "LineString", "coordinates": [[74.5666, 40.6961], [74.3881, 40.7556], [74.2031, 40.901], [74.018, 41.0663], [73.8792, 41.1919], [73.7206, 41.3108], [73.5421, 41.4166], [73.443, 41.4761], [73.2579, 41.562], [73.1125, 41.6347], [73.0001, 41.681], [72.8811, 41.7008], [72.8084, 41.7008], [72.6498, 41.6545]]}}, {"type": "Feature", "properties": {}, "geometry": {"type": "LineString", "coordinates": [[75.5316, 39.8964], [75.3928, 40.0682], [75.2143, 40.2335], [75.0557, 40.3524], [74.9037, 40.4384], [74.7318, 40.5507], [74.6327, 40.5772], [74.5269, 40.6036], [74.4476, 40.6234]]}}, {"type": "Feature", "properties": {}, "geometry": {"type": "LineString", "coordinates": [[76.6288, 38.8388], [76.4768, 38.8653], [76.3049, 38.9314], [76.1463, 38.9512], [76.0141, 38.971], [75.8621, 39.0239], [75.7299, 39.0371], [75.6043, 39.0371], [75.4259, 39.0437], [75.3333, 39.0437], [75.102, 39.2354], [74.9434, 39.4139]]}}, {"type": "Feature", "properties": {}, "geometry": {"type": "LineString", "coordinates": [[78.3473, 34.2781], [78.5853, 34.2848], [78.8034, 34.2848], [79.0149, 34.3112], [79.1735, 34.3707], [79.4445, 34.3773], [79.7155, 34.45], [79.927, 34.5029], [80.1187, 34.5822], [80.2708, 34.6483]]}}, {"type": "Feature", "properties": {}, "geometry": {"type": "LineString", "coordinates": [[80.2206, 34.8295], [80.5048, 34.8757], [80.7626, 34.9352], [80.875, 34.9683], [81.027, 34.9683], [81.176, 35.0014], [81.2583, 35.036]]}}, {"type": "Feature", "properties": {}, "geometry": {"type": "LineString", "coordinates": [[82.6182, 36.0581], [82.471, 35.9325], [82.3367, 35.8719], [82.2413, 35.8362], [82.0893, 35.6313], [81.9703, 35.552], [81.7985, 35.5057], [81.6663, 35.4462], [81.5728, 35.3641], [81.5573, 35.3273], [81.5529, 35.2614], [81.4944, 35.1554]]}}, {"type": "Feature", "properties": {}, "geometry": {"type": "LineString", "coordinates": [[88.8438, 37.6814], [89.2468, 37.6814], [89.4617, 37.6679], [89.6632, 37.6276], [90.1333, 37.4262], [90.8721, 37.1575], [90.9662, 37.0635], [91.3826, 36.9292], [91.8661, 36.768], [92.3228, 36.6739], [92.7393, 36.5799], [92.9945, 36.5127]]}}, {"type": "Feature", "properties": {}, "geometry": {"type": "LineString", "coordinates": [[90.1065, 38.3664], [90.402, 38.3664], [90.6303, 38.3799], [90.8587, 38.2993], [90.9393, 38.1784], [91.1005, 38.0978], [91.2348, 37.9769], [91.3691, 37.8291], [91.5438, 37.7888], [91.7721, 37.7082], [91.987, 37.6411]]}}, {"type": "Feature", "properties": {}, "geometry": {"type": "LineString", "coordinates": [[88.6838, 30.8734], [88.6944, 30.797], [88.6697, 30.7734], [88.6497, 30.7452], [88.6603, 30.6982], [88.6556, 30.6653], [88.5874, 30.65], [88.5415, 30.6253], [88.5157, 30.55], [88.5498, 30.5018], [88.5427, 30.4712], [88.5051, 30.4254], [88.4698, 30.3501], [88.5121, 30.222], [88.4898, 30.1455]]}}, {"type": "Feature", "properties": {}, "geometry": {"type": "LineString", "coordinates": [[81.4188, 30.1422], [81.3479, 30.1516], [81.3002, 30.1795], [81.2669, 30.1997], [81.2262, 30.2311], [81.2018, 30.271], [81.2024, 30.3234], [81.1899, 30.346], [81.1732, 30.3835], [81.1578, 30.4204], [81.1572, 30.4614], [81.1804, 30.4792], [81.2106, 30.499], [81.2636, 30.5143]]}}, {"type": "Feature", "properties": {}, "geometry": {"type": "LineString", "coordinates": [[94.5529, 40.8051], [95.2665, 41.1427], [95.6348, 41.2962], [96.172, 41.488], [96.4866, 41.5341], [96.7552, 41.5878], [97.0084, 41.6799]]}}, {"type": "Feature", "properties": {}, "geometry": {"type": "LineString", "coordinates": [[95.1054, 40.1605], [95.3509, 40.3063], [95.5581, 40.4137], [95.7883, 40.4674], [96.0876, 40.5365], [96.3485, 40.5902], [96.5864, 40.6746]]}}, {"type": "Feature", "properties": {}, "geometry": {"type": "LineString", "coordinates": [[80.0578, 33.7072], [80.3724, 33.8146], [80.6256, 33.8913]]}}, {"type": "Feature", "properties": {}, "geometry": {"type": "LineString", "coordinates": [[80.7525, 33.3009], [80.9791, 33.4255], [81.1179, 33.4793], [81.2793, 33.6082], [81.416, 33.6918], [81.5464, 33.7609], [81.6334, 33.7838], [81.7127, 33.8716]]}}, {"type": "Feature", "properties": {}, "geometry": {"type": "LineString", "coordinates": [[81.5203, 32.9879], [81.5642, 32.9653], [81.611, 32.8945], [81.7445, 32.817], [81.8443, 32.6789], [81.9671, 32.5485], [82.1282, 32.4027], [82.3047, 32.2952], [82.4735, 32.2108], [82.5426, 32.1648], [82.5656, 32.1341]]}}, {"type": "Feature", "properties": {}, "geometry": {"type": "LineString", "coordinates": [[84.7974, 33.6808], [85.0199, 33.7806], [85.1734, 33.8803], [85.2731, 33.9494]]}}, {"type": "Feature", "properties": {}, "geometry": {"type": "LineString", "coordinates": [[83.599, 33.9978], [83.8215, 33.9364], [84.021, 33.8596], [84.2128, 33.7983], [84.3586, 33.7445], [84.4584, 33.6908]]}}, {"type": "Feature", "properties": {}, "geometry": {"type": "LineString", "coordinates": [[85.0609, 32.2262], [85.2604, 32.3106], [85.3985, 32.4103], [85.5596, 32.4257], [85.7208, 32.4641], [85.9663, 32.5408], [86.1505, 32.5715], [86.2963, 32.5868], [86.35, 32.6099]]}}, {"type": "Feature", "properties": {}, "geometry": {"type": "LineString", "coordinates": [[85.7901, 35.8995], [86.1032, 35.8626], [86.5206, 35.8074], [86.9871, 35.7399], [87.4352, 35.7429], [87.7636, 35.6908], [88.135, 35.7061], [88.3805, 35.7], [88.6168, 35.6662]]}}, {"type": "Feature", "properties": {}, "geometry": {"type": "LineString", "coordinates": [[84.0173, 35.2956], [85.1836, 35.5948]]}}, {"type": "Feature", "properties": {}, "geometry": {"type": "LineString", "coordinates": [[81.5388, 34.7814], [81.9531, 34.8121], [82.3445, 34.8735], [82.7742, 34.9733], [83.4111, 35.1574], [83.741, 35.2725], [83.9789, 35.38]]}}, {"type": "Feature", "properties": {}, "geometry": {"type": "LineString", "coordinates": [[90.6318, 35.2956], [91.0078, 35.3646], [91.284, 35.4183], [91.5449, 35.4183], [91.8365, 35.4183]]}}, {"type": "Feature", "properties": {}, "geometry": {"type": "LineString", "coordinates": [[92.5731, 30.8373], [92.8954, 30.7452], [93.2177, 30.6455], [93.4326, 30.6378], [93.563, 30.6531], [93.6858, 30.6455], [93.8009, 30.6071], [93.9313, 30.5073], [94.1078, 30.4766], [94.3918, 30.3769], [94.5989, 30.3002], [94.7831, 30.2464], [94.9596, 30.1697], [95.1744, 29.9932], [95.3049, 29.9472], [95.5197, 29.9472]]}}, {"type": "Feature", "properties": {}, "geometry": {"type": "LineString", "coordinates": [[87.2828, 38.3106], [87.5493, 38.3154], [88.0252, 38.3677], [88.5582, 38.4296], [88.9913, 38.5391], [89.2768, 38.6438], [89.4671, 38.7247]]}}, {"type": "Feature", "properties": {}, "geometry": {"type": "LineString", "coordinates": [[84.0084, 29.7595], [83.9563, 29.6793], [83.9098, 29.5006], [83.9165, 29.433], [83.8995, 29.2718], [83.8752, 29.1353], [83.8333, 29.0401], [83.7718, 28.9124], [83.7214, 28.801], [83.6719, 28.7544], [83.6281, 28.7135], [83.5824, 28.6859], [83.5967, 28.5583]]}}, {"type": "Feature", "properties": {}, "geometry": {"type": "LineString", "coordinates": [[85.6579, 29.2044], [85.6449, 29.1459], [85.6235, 29.1074], [85.6318, 29.0479], [85.6083, 29.0393], [85.5854, 29.0146], [85.5405, 29.0087], [85.5088, 29.0003], [85.4933, 28.9851], [85.5497, 28.9213], [85.5632, 28.8956], [85.554, 28.8709], [85.5126, 28.8581], [85.4883, 28.8], [85.4753, 28.7218], [85.489, 28.6795], [85.5044, 28.6449], [85.5175, 28.6212], [85.5378, 28.6069], [85.5651, 28.6069]]}}, {"type": "Feature", "properties": {}, "geometry": {"type": "LineString", "coordinates": [[90.1513, 29.0964], [90.034, 28.9921], [89.9687, 28.9138], [89.9166, 28.8355], [89.8774, 28.7834], [89.8513, 28.6399], [89.8513, 28.5355], [89.9035, 28.4051], [89.9687, 28.3268]]}}, {"type": "Feature", "properties": {}, "geometry": {"type": "LineString", "coordinates": [[92.0611, 29.0388], [92.0611, 28.8823], [92.022, 28.7649], [91.9568, 28.6866], [91.8915, 28.6345], [91.8524, 28.5823], [91.8002, 28.5301], [91.8002, 28.3214], [91.8002, 28.1258], [91.8002, 27.9953], [91.8002, 27.9562], [91.8524, 27.891]]}}, {"type": "Feature", "properties": {}, "geometry": {"type": "LineString", "coordinates": [[87.8257, 32.157], [87.8845, 32.2245], [87.9325, 32.2442], [88.0851, 32.3117], [88.133, 32.4033], [88.1557, 32.4616], [88.1287, 32.5689], [88.1134, 32.6212], [88.1265, 32.6583], [88.1483, 32.7062], [88.1679, 32.7411], [88.2899, 32.837]]}}, {"type": "Feature", "properties": {}, "geometry": {"type": "LineString", "coordinates": [[88.0284, 32.5929], [88.0197, 32.4926], [87.9805, 32.4229], [87.8998, 32.3793], [87.8235, 32.2245], [87.7778, 32.2398], [87.7194, 32.2225], [87.7194, 32.1524], [87.7194, 32.0997]]}}, {"type": "Feature", "properties": {}, "geometry": {"type": "LineString", "coordinates": [[84.8853, 34.3581], [85.0344, 34.2703], [85.1484, 34.209], [85.2274, 34.13], [85.2888, 34.1037], [85.3063, 34.0511], [85.3063, 33.9985], [85.3063, 33.9458], [85.2712, 33.9195]]}}, {"type": "Feature", "properties": {}, "geometry": {"type": "LineString", "coordinates": [[81.3476, 33.6705], [81.2923, 33.7314], [81.1193, 33.7909], [80.9855, 33.853], [80.9592, 33.8706], [80.8364, 33.9495]]}}, {"type": "Feature", "properties": {}, "geometry": {"type": "LineString", "coordinates": [[92.5024, 39.2803], [91.8739, 39.2718], [91.5171, 39.2548], [91.0584, 39.2548], [90.7271, 39.2378], [90.3874, 39.2378], [90.1495, 39.2378]]}}, {"type": "Feature", "properties": {}, "geometry": {"type": "LineString", "coordinates": [[94.524, 39.739], [94.2947, 39.8324], [94.1163, 39.9089], [93.9209, 39.9938], [93.8105, 40.0193], [93.6831, 40.0193], [93.5557, 40.0278], [93.2669, 39.9683], [93.1395, 39.9004], [92.9356, 39.8239], [92.8337, 39.773], [92.7063, 39.688], [92.6043, 39.6201], [92.409, 39.5861], [92.2986, 39.5436]]}}, {"type": "Feature", "properties": {}, "geometry": {"type": "LineString", "coordinates": [[95.0591, 40.1297], [94.9402, 40.0533], [94.8723, 40.1042], [94.8043, 40.1382], [94.7279, 40.1382], [94.6599, 40.1297], [94.558, 40.1042], [94.4646, 40.0533], [94.3626, 40.0108]]}}, {"type": "Feature", "properties": {}, "geometry": {"type": "LineString", "coordinates": [[94.3202, 39.0849], [94.0908, 39.1189], [93.853, 39.1529], [93.6151, 39.1954], [93.4538, 39.1954], [93.2839, 39.1954], [93.1819, 39.2208], [93.0885, 39.2378]]}}, {"type": "Feature", "properties": {}, "geometry": {"type": "LineString", "coordinates": [[96.2398, 38.5328], [96.019, 38.6432], [95.8746, 38.6772], [95.7642, 38.7112], [95.6877, 38.7367], [95.6537, 38.7622], [95.5773, 38.7961]]}}, {"type": "Feature", "properties": {}, "geometry": {"type": "LineString", "coordinates": [[96.724, 38.5413], [96.4777, 38.6432], [96.3248, 38.7282], [96.0954, 38.8471], [96.0275, 38.9236], [95.934, 38.983], [95.8151, 39.051], [95.6792, 39.1444], [95.5178, 39.2548], [95.314, 39.3483], [95.1611, 39.4077], [95.0422, 39.4417], [94.9317, 39.4587]]}}, {"type": "Feature", "properties": {}, "geometry": {"type": "LineString", "coordinates": [[99.3996, 38.5328], [99.2213, 38.5923], [99.1193, 38.6432], [99.0174, 38.6517], [98.9155, 38.6857], [98.7966, 38.7367], [98.7456, 38.7876], [98.6861, 38.8386], [98.6437, 38.9236], [98.6012, 38.966], [98.5417, 39.0], [98.4398, 39.034]]}}, {"type": "Feature", "properties": {}, "geometry": {"type": "LineString", "coordinates": [[100.1641, 38.3205], [100.0792, 38.3799], [99.9603, 38.4394], [99.8159, 38.4904], [99.7479, 38.5243], [99.646, 38.5753], [99.578, 38.6432], [99.4251, 38.7282], [99.3487, 38.7961], [99.3062, 38.8301], [99.2467, 38.8726], [99.1788, 38.8896], [99.0854, 38.8981]]}}, {"type": "Feature", "properties": {}, "geometry": {"type": "LineString", "coordinates": [[99.5356, 38.8896], [99.3657, 39.0255], [99.2892, 39.0934], [99.1958, 39.1869], [99.0599, 39.2718], [98.9495, 39.3313], [98.8135, 39.3737], [98.7201, 39.4162], [98.6012, 39.4842], [98.5078, 39.5096], [98.4228, 39.5266], [98.117, 39.6286], [97.9811, 39.6965], [97.8282, 39.7305], [97.6499, 39.7815], [97.4715, 39.8579], [97.395, 39.8834], [97.2931, 39.9344], [97.1317, 39.9938]]}}, {"type": "Feature", "properties": {}, "geometry": {"type": "LineString", "coordinates": [[100.385, 39.1529], [100.5888, 39.051], [100.7332, 38.966], [100.9116, 38.9066], [101.1155, 38.8386], [101.4043, 38.7112], [101.6081, 38.6348], [101.8375, 38.5413], [102.0328, 38.4564]]}}, {"type": "Feature", "properties": {}, "geometry": {"type": "LineString", "coordinates": [[101.7185, 37.7684], [101.4297, 37.9043], [101.2599, 38.0232], [101.107, 38.1506], [100.9711, 38.2525], [100.8097, 38.346], [100.6398, 38.4394], [100.402, 38.5498], [100.2576, 38.6772], [100.1047, 38.8726], [100.0452, 39.017], [99.9772, 39.1274], [99.8244, 39.1869], [99.7309, 39.2124], [99.646, 39.2208]]}}, {"type": "Feature", "properties": {}, "geometry": {"type": "LineString", "coordinates": [[102.5595, 37.8448], [102.4066, 37.9552], [102.2622, 38.0487], [102.1432, 38.0741], [102.0498, 38.1081], [101.9224, 38.1421], [101.71, 38.1931], [101.5826, 38.1931], [101.5062, 38.1931], [101.4128, 38.1931]]}}, {"type": "Feature", "properties": {}, "geometry": {"type": "LineString", "coordinates": [[100.2745, 37.7938], [100.0112, 37.8448], [99.663, 37.9212], [99.3742, 37.9977], [99.1958, 38.0741], [99.0514, 38.1421]]}}, {"type": "Feature", "properties": {}, "geometry": {"type": "LineString", "coordinates": [[97.8962, 37.9807], [97.6668, 38.0317], [97.463, 38.0656], [97.3101, 38.0656], [97.1742, 38.0656], [97.1062, 38.0656]]}}, {"type": "Feature", "properties": {}, "geometry": {"type": "LineString", "coordinates": [[101.8629, 37.2077], [101.7865, 37.2672], [101.7355, 37.3097], [101.6506, 37.3521], [101.5826, 37.3606], [101.5317, 37.3606], [101.4467, 37.3776], [101.3873, 37.4031], [101.3618, 37.4116], [101.3193, 37.4456]]}}, {"type": "Feature", "properties": {}, "geometry": {"type": "LineString", "coordinates": [[103.3834, 36.4263], [103.3579, 36.5112], [103.3579, 36.5877], [103.3324, 36.6471], [103.2984, 36.7321], [103.2305, 36.817], [103.1625, 36.9359], [103.1116, 37.0039], [103.0266, 37.0973], [102.8822, 37.1738], [102.8143, 37.1992]]}}, {"type": "Feature", "properties": {}, "geometry": {"type": "LineString", "coordinates": [[103.7062, 35.1012], [103.5278, 35.1692], [103.2984, 35.2541], [103.1625, 35.2796], [103.0266, 35.3475], [102.9332, 35.4155], [102.8398, 35.5004], [102.7548, 35.5429], [102.6019, 35.6193], [102.4405, 35.6958], [102.2452, 35.7468], [102.0838, 35.8317], [101.9479, 35.8996], [101.846, 35.9591], [101.7695, 36.0356], [101.7016, 36.095]]}}, {"type": "Feature", "properties": {}, "geometry": {"type": "LineString", "coordinates": [[102.8992, 35.4919], [102.7718, 35.7298], [102.7548, 35.7977], [102.7463, 35.8827], [102.7463, 35.9336], [102.7463, 35.9846], [102.7463, 36.0271], [102.7039, 36.1035], [102.6359, 36.1884], [102.5595, 36.2309], [102.4915, 36.2394], [102.3896, 36.2734], [102.2792, 36.2989], [102.2197, 36.3159], [102.1263, 36.3159], [102.0498, 36.3159], [101.9734, 36.3159], [101.9224, 36.3159], [101.829, 36.3328], [101.727, 36.3413], [101.6081, 36.3838], [101.5402, 36.4178], [101.4892, 36.4433], [101.4467, 36.4688], [101.3873, 36.5027]]}}, {"type": "Feature", "properties": {}, "geometry": {"type": "LineString", "coordinates": [[101.2938, 36.2224], [101.3958, 36.2309], [101.4977, 36.2309], [101.5826, 36.2309], [101.6336, 36.2309], [101.6931, 36.2309], [101.7865, 36.2309], [101.8714, 36.2309], [101.9564, 36.2309], [102.0328, 36.2309], [102.1178, 36.2139], [102.2027, 36.2139], [102.2792, 36.1884], [102.4151, 36.1545], [102.5255, 36.078], [102.5764, 36.0016], [102.5934, 35.8912], [102.5934, 35.8147], [102.5934, 35.7298], [102.6189, 35.6448], [102.7293, 35.5769], [102.8143, 35.5259]]}}, {"type": "Feature", "properties": {}, "geometry": {"type": "LineString", "coordinates": [[100.2236, 34.5066], [100.351, 34.6085], [100.4954, 34.6595], [100.6143, 34.7105], [100.7842, 34.7444], [100.9456, 34.7869], [101.0475, 34.7869], [101.1749, 34.7869]]}}, {"type": "Feature", "properties": {}, "geometry": {"type": "LineString", "coordinates": [[103.7741, 34.702], [103.6467, 34.7444], [103.5193, 34.7699], [103.4513, 34.7699], [103.3239, 34.7869], [103.188, 34.7869], [103.0521, 34.7954], [102.9502, 34.7954], [102.8483, 34.8039], [102.7803, 34.8039], [102.6614, 34.7614], [102.6019, 34.7275], [102.517, 34.6765], [102.4575, 34.651]]}}, {"type": "Feature", "properties": {}, "geometry": {"type": "LineString", "coordinates": [[106.3818, 35.1012], [106.5687, 34.9653], [106.7046, 34.8549], [106.798, 34.7699], [106.8745, 34.668], [106.9254, 34.6], [106.9764, 34.5236]]}}, {"type": "Feature", "properties": {}, "geometry": {"type": "LineString", "coordinates": [[106.7556, 35.0163], [106.5772, 35.1097], [106.4328, 35.2966], [106.3563, 35.3985], [106.2969, 35.5684], [106.2204, 35.7298], [106.2119, 35.8487], [106.2034, 35.9421], [106.1695, 36.0101]]}}, {"type": "Feature", "properties": {}, "geometry": {"type": "LineString", "coordinates": [[106.2459, 36.8255], [106.2799, 36.9699], [106.2799, 37.0548], [106.2799, 37.1058], [106.2204, 37.1653], [106.144, 37.1992], [106.042, 37.2587], [105.9741, 37.2927], [105.9061, 37.3436], [105.8467, 37.3861], [105.7702, 37.4626]]}}, {"type": "Feature", "properties": {}, "geometry": {"type": "LineString", "coordinates": [[102.6444, 37.3691], [103.3069, 37.4286], [103.9015, 37.4456], [104.3772, 37.4456], [104.9888, 37.4541], [105.2606, 37.3946], [105.6173, 37.2757], [105.8297, 37.1143], [105.9656, 36.9104], [106.1015, 36.6556], [106.144, 36.4603], [106.093, 36.3923]]}}, {"type": "Feature", "properties": {}, "geometry": {"type": "LineString", "coordinates": [[97.5224, 38.6093], [97.6583, 38.4988], [97.8282, 38.3969], [98.1085, 38.3035], [98.4398, 38.2355], [98.7456, 38.227], [99.0344, 38.2185], [99.3062, 38.21], [99.4761, 38.21], [99.7309, 38.1506], [100.1471, 38.0232], [100.7587, 37.8448], [100.9796, 37.8023], [101.0985, 37.8023], [101.2514, 37.8023], [101.3448, 37.8023], [101.4722, 37.7429], [101.8035, 37.5135], [102.0668, 37.3776], [102.2792, 37.3012], [102.5764, 37.2502], [103.2475, 37.1738], [104.0969, 37.0379], [104.6405, 36.9189], [105.0058, 36.817], [105.422, 36.6471], [105.7872, 36.4433], [105.9656, 36.2904], [106.0845, 36.163], [106.178, 36.061], [106.1864, 36.0101]]}}, {"type": "Feature", "properties": {}, "geometry": {"type": "LineString", "coordinates": [[100.4189, 37.6494], [100.5633, 37.4456], [100.6483, 37.2587], [100.7162, 37.0973], [100.8182, 36.9189], [101.0475, 36.7406], [101.1579, 36.5622]]}}, {"type": "Feature", "properties": {}, "geometry": {"type": "LineString", "coordinates": [[101.0135, 36.3923], [101.1749, 36.1205], [101.2514, 36.0186], [101.3108, 35.9421], [101.3533, 35.7722], [101.3873, 35.6448], [101.4382, 35.5769], [101.4807, 35.5344]]}}, {"type": "Feature", "properties": {}, "geometry": {"type": "LineString", "coordinates": [[101.6421, 35.356], [101.8035, 35.2371], [101.846, 35.0757], [101.8799, 34.8973], [101.8799, 34.7784]]}}, {"type": "Feature", "properties": {}, "geometry": {"type": "LineString", "coordinates": [[103.7826, 35.0757], [103.9185, 35.0417], [104.0289, 34.9568], [104.2753, 34.8719], [104.4791, 34.8209], [104.632, 34.8039]]}}, {"type": "Feature", "properties": {}, "geometry": {"type": "LineString", "coordinates": [[103.6807, 35.9761], [103.7996, 35.8827], [103.9185, 35.8317], [104.012, 35.7722], [104.1224, 35.7213], [104.1903, 35.6448]]}}, {"type": "Feature", "properties": {}, "geometry": {"type": "LineString", "coordinates": [[99.0599, 36.902], [99.1193, 36.8765], [99.2298, 36.834], [99.3402, 36.783], [99.4506, 36.7066], [99.578, 36.6132], [99.7224, 36.5282], [99.8838, 36.4433], [100.1386, 36.3923], [100.2576, 36.3838], [100.3425, 36.3923], [100.4104, 36.3923], [100.4784, 36.3838], [100.5379, 36.3838], [100.6483, 36.3838], [100.7162, 36.3838], [100.7417, 36.4178], [100.7672, 36.4263], [100.8776, 36.3753], [100.9286, 36.3244]]}}, {"type": "Feature", "properties": {}, "geometry": {"type": "LineString", "coordinates": [[99.7819, 35.8996], [99.8413, 35.8572], [99.9178, 35.8062], [99.9772, 35.7298], [100.0537, 35.6448], [100.1216, 35.5599], [100.1981, 35.5004], [100.2915, 35.407], [100.368, 35.373], [100.4274, 35.3645], [100.5294, 35.3645], [100.5803, 35.3645], [100.6568, 35.3815], [100.7502, 35.3815], [100.8097, 35.39], [100.8691, 35.39], [100.9626, 35.39], [101.056, 35.39], [101.2514, 35.356]]}}, {"type": "Feature", "properties": {}, "geometry": {"type": "LineString", "coordinates": [[98.5757, 38.7282], [98.4483, 38.7282], [98.2529, 38.7707], [98.168, 38.8131], [98.0915, 38.9066], [98.0236, 38.949], [97.9556, 38.966], [97.7773, 39.034], [97.5734, 39.1104], [97.2591, 39.2124], [97.1402, 39.2973], [96.9958, 39.3992], [96.8174, 39.4842], [96.6306, 39.5776], [96.4097, 39.6371], [96.1549, 39.6456], [96.0105, 39.6286], [95.8236, 39.5946], [95.7047, 39.6031], [95.5858, 39.6371], [95.4923, 39.654], [95.3989, 39.654], [95.3395, 39.654]]}}, {"type": "Feature", "properties": {}, "geometry": {"type": "LineString", "coordinates": [[98.6691, 36.9784], [98.8135, 36.8765], [98.856, 36.8085], [98.8815, 36.6896], [99.0344, 36.4857], [99.1618, 36.1969], [99.3147, 35.8912], [99.3996, 35.6108], [99.4506, 35.458], [99.4506, 35.3645]]}}, {"type": "Feature", "properties": {}, "geometry": {"type": "LineString", "coordinates": [[98.1425, 37.8958], [98.2529, 37.6749], [98.2954, 37.522], [98.3464, 37.4031], [98.4058, 37.2672], [98.4228, 37.0888]]}}, {"type": "Feature", "properties": {}, "geometry": {"type": "LineString", "coordinates": [[101.1664, 37.7768], [101.3278, 37.7344], [101.3958, 37.6664], [101.4807, 37.556], [101.5826, 37.4711], [101.727, 37.4286], [101.8714, 37.3691], [101.9564, 37.3267]]}}, {"type": "Feature", "properties": {}, "geometry": {"type": "LineString", "coordinates": [[104.9123, 34.7105], [105.2266, 34.685], [105.5579, 34.617], [106.0251, 34.5661], [106.3393, 34.5576], [106.6451, 34.5151], [106.9339, 34.4302], [107.2227, 34.3537], [107.4776, 34.3537], [107.7664, 34.3027], [107.9447, 34.2603]]}}, {"type": "Feature", "properties": {}, "geometry": {"type": "LineString", "coordinates": [[103.7486, 33.1306], [103.7062, 32.9947], [103.7062, 32.8672], [103.6382, 32.7483], [103.6212, 32.6209], [103.6382, 32.502], [103.6977, 32.4425], [103.7062, 32.3576]]}}, {"type": "Feature", "properties": {}, "geometry": {"type": "LineString", "coordinates": [[104.0969, 32.6634], [104.1054, 32.5784], [104.1309, 32.4935], [104.1309, 32.4255], [104.1224, 32.3406], [104.0969, 32.3151]]}}, {"type": "Feature", "properties": {}, "geometry": {"type": "LineString", "coordinates": [[96.3492, 33.2855], [96.8873, 33.0403], [97.3094, 32.7666], [97.8732, 32.5051], [98.1674, 32.4193], [98.7884, 32.1537], [99.5197, 31.7983], [99.6832, 31.7043]]}}, {"type": "Feature", "properties": {}, "geometry": {"type": "LineString", "coordinates": [[99.3947, 31.7054], [99.7916, 31.4528], [100.2877, 31.1642]]}}, {"type": "Feature", "properties": {}, "geometry": {"type": "LineString", "coordinates": [[97.6991, 31.8767], [98.2944, 31.0018], [98.6822, 30.3885]]}}, {"type": "Feature", "properties": {}, "geometry": {"type": "LineString", "coordinates": [[98.4838, 31.2454], [99.3136, 30.6411], [99.9179, 30.1901], [100.5312, 29.7301], [100.8018, 29.4866]]}}, {"type": "Feature", "properties": {}, "geometry": {"type": "LineString", "coordinates": [[99.2324, 30.163], [99.034, 29.6579], [98.8446, 29.207], [98.7814, 28.9815]]}}, {"type": "Feature", "properties": {}, "geometry": {"type": "LineString", "coordinates": [[99.1151, 28.6477], [99.4038, 28.9634], [99.5661, 29.1889]]}}, {"type": "Feature", "properties": {}, "geometry": {"type": "LineString", "coordinates": [[101.2257, 28.8642], [101.6316, 29.3874], [101.812, 29.7572]]}}, {"type": "Feature", "properties": {}, "geometry": {"type": "LineString", "coordinates": [[99.7285, 32.0571], [100.441, 31.552], [101.0904, 31.0109], [101.5775, 30.5148], [101.9202, 30.2442], [102.0916, 29.9826], [102.2088, 29.6579], [102.263, 29.1709], [102.2269, 28.296], [102.2449, 27.845]]}}, {"type": "Feature", "properties": {}, "geometry": {"type": "LineString", "coordinates": [[101.8841, 28.4944], [101.8932, 27.8901]]}}, {"type": "Feature", "properties": {}, "geometry": {"type": "LineString", "coordinates": [[102.281, 29.3603], [102.5516, 29.0266], [102.8131, 28.5576], [102.8853, 28.1156], [102.8673, 27.385], [102.9124, 27.0423], [103.0296, 26.6995], [103.1288, 26.4199], [103.21, 26.1493], [103.3182, 25.7615], [103.3002, 25.3556], [103.228, 24.9948], [103.201, 24.7874], [103.21, 24.4446], [103.1739, 24.2192], [103.1108, 24.0839], [102.9755, 24.0298], [102.9124, 23.9125], [102.9214, 23.696], [102.8673, 23.5337], [102.7861, 23.3984], [102.6688, 23.2541]]}}, {"type": "Feature", "properties": {}, "geometry": {"type": "LineString", "coordinates": [[102.2449, 27.845], [102.3892, 27.5654], [102.6147, 27.2317], [102.8222, 26.9882], [102.9575, 26.8889]]}}, {"type": "Feature", "properties": {}, "geometry": {"type": "LineString", "coordinates": [[99.061, 28.3952], [99.6202, 27.9893], [99.8908, 27.6285], [100.0802, 27.376], [100.1434, 27.1144], [100.0622, 26.5733], [99.9269, 26.3027], [99.9269, 26.1133], [99.981, 25.9419]]}}, {"type": "Feature", "properties": {}, "geometry": {"type": "LineString", "coordinates": [[100.7387, 26.8078], [100.6575, 26.2395], [100.6304, 25.9148], [100.6394, 25.6262], [100.5583, 25.509], [100.423, 25.3917]]}}, {"type": "Feature", "properties": {}, "geometry": {"type": "LineString", "coordinates": [[102.0916, 27.1595], [101.9834, 26.8529], [101.9743, 26.5191], [101.9743, 26.1313], [101.9653, 25.7344], [101.9743, 25.4188], [101.9653, 25.1933], [101.9383, 25.067], [101.9924, 24.9046], [102.0104, 24.8054], [101.9743, 24.6972], [102.0104, 24.5619], [102.1096, 24.4627], [102.2179, 24.3725], [102.2269, 24.2643], [102.1818, 24.0027], [102.1547, 23.8945], [102.0916, 23.7501], [102.0375, 23.6329], [102.0194, 23.5878]]}}, {"type": "Feature", "properties": {}, "geometry": {"type": "LineString", "coordinates": [[102.4433, 27.0693], [102.29, 26.7987], [102.281, 26.6544], [102.2359, 26.4831]]}}, {"type": "Feature", "properties": {}, "geometry": {"type": "LineString", "coordinates": [[102.1547, 26.4109], [102.1637, 26.0862], [102.2088, 25.8427], [102.2269, 25.6172], [102.3261, 25.4007]]}}, {"type": "Feature", "properties": {}, "geometry": {"type": "LineString", "coordinates": [[102.3622, 25.8246], [102.3712, 25.5721], [102.3712, 25.3286], [102.3261, 25.1121], [102.3081, 24.8595], [102.2359, 24.6701], [102.1908, 24.589]]}}, {"type": "Feature", "properties": {}, "geometry": {"type": "LineString", "coordinates": [[102.0645, 25.6352], [102.0735, 25.3466], [102.1096, 25.049], [102.1367, 24.8776]]}}, {"type": "Feature", "properties": {}, "geometry": {"type": "LineString", "coordinates": [[102.759, 26.1674], [102.7139, 25.8607], [102.7049, 25.4999], [102.723, 25.2925], [102.741, 25.076], [102.759, 25.0039]]}}, {"type": "Feature", "properties": {}, "geometry": {"type": "LineString", "coordinates": [[103.7241, 26.438], [103.7602, 26.2215], [103.8414, 26.0682], [103.8414, 25.996], [103.8504, 25.969]]}}, {"type": "Feature", "properties": {}, "geometry": {"type": "LineString", "coordinates": [[102.732, 24.7423], [102.6147, 24.6611], [102.5426, 24.5529], [102.5516, 24.3815], [102.5606, 24.2823]]}}, {"type": "Feature", "properties": {}, "geometry": {"type": "LineString", "coordinates": [[103.183, 26.2395], [103.1379, 25.9148], [103.1379, 25.5811], [103.1379, 25.2293], [103.1559, 25.0309], [103.1469, 24.8956], [103.1379, 24.7152], [103.0386, 24.4988], [103.0116, 24.3364], [103.0116, 24.1741], [103.0026, 24.0388]]}}, {"type": "Feature", "properties": {}, "geometry": {"type": "LineString", "coordinates": [[103.7331, 25.9148], [103.8594, 25.7615], [103.8594, 25.4639], [103.8594, 25.2293], [103.8414, 25.076], [103.8324, 24.9588], [103.7602, 24.8235], [103.652, 24.7243], [103.4806, 24.4988], [103.3633, 24.3635], [103.3182, 24.2101], [103.3092, 24.0658]]}}, {"type": "Feature", "properties": {}, "geometry": {"type": "LineString", "coordinates": [[103.5798, 24.625], [103.5708, 24.3905], [103.4806, 24.2552], [103.4265, 24.0568], [103.3182, 23.8403], [103.2551, 23.687], [103.21, 23.5156], [103.21, 23.2902], [103.183, 23.1007], [103.183, 23.0286]]}}, {"type": "Feature", "properties": {}, "geometry": {"type": "LineString", "coordinates": [[102.2539, 23.9937], [102.4794, 23.7952], [102.6328, 23.7321], [102.759, 23.7141]]}}, {"type": "Feature", "properties": {}, "geometry": {"type": "LineString", "coordinates": [[102.3081, 24.2823], [102.759, 23.9937]]}}, {"type": "Feature", "properties": {}, "geometry": {"type": "LineString", "coordinates": [[103.0026, 23.678], [103.21, 23.5607]]}}, {"type": "Feature", "properties": {}, "geometry": {"type": "LineString", "coordinates": [[97.8163, 23.0376], [98.1681, 23.0647], [98.3665, 23.1188], [98.583, 23.218]]}}, {"type": "Feature", "properties": {}, "geometry": {"type": "LineString", "coordinates": [[97.4736, 22.7309], [97.9967, 22.7941], [98.4206, 22.8933], [98.7002, 22.9925], [98.8806, 23.1007]]}}, {"type": "Feature", "properties": {}, "geometry": {"type": "LineString", "coordinates": [[97.5277, 21.9913], [98.3304, 22.0545], [98.9348, 22.0815], [99.2685, 22.1537], [99.4669, 22.2529]]}}, {"type": "Feature", "properties": {}, "geometry": {"type": "LineString", "coordinates": [[98.4387, 21.5674], [98.9348, 21.5043]]}}, {"type": "Feature", "properties": {}, "geometry": {"type": "LineString", "coordinates": [[99.5571, 23.0376], [100.901, 21.9553]]}}, {"type": "Feature", "properties": {}, "geometry": {"type": "LineString", "coordinates": [[99.8006, 22.7039], [100.3508, 22.1357]]}}, {"type": "Feature", "properties": {}, "geometry": {"type": "LineString", "coordinates": [[103.5077, 23.3352], [103.688, 23.0015], [103.8775, 22.767], [104.1029, 22.5505], [104.3555, 22.3521], [104.5629, 22.2168], [104.7073, 22.1627], [104.8967, 21.9372], [105.1943, 21.7027], [105.3567, 21.4953]]}}, {"type": "Feature", "properties": {}, "geometry": {"type": "LineString", "coordinates": [[100.2065, 25.7254], [100.45, 25.3556], [100.8108, 25.0129], [101.1896, 24.5258], [101.6045, 23.9937], [101.9653, 23.5968], [102.2088, 23.4525], [102.6147, 23.2541], [102.9484, 23.1549], [103.228, 23.0196], [103.4986, 22.9023], [103.6971, 22.74], [104.3555, 22.1807], [104.7884, 21.856], [105.1672, 21.4682], [105.7265, 20.9812], [106.3308, 20.2776], [106.4841, 20.1423]]}}, {"type": "Feature", "properties": {}, "geometry": {"type": "LineString", "coordinates": [[103.2551, 22.4874], [103.228, 22.1086], [103.183, 21.9011], [103.1198, 21.7478], [103.0386, 21.5043], [103.0026, 21.4051]]}}, {"type": "Feature", "properties": {}, "geometry": {"type": "LineString", "coordinates": [[103.5347, 22.4513], [103.8143, 22.2078], [104.0127, 21.9823]]}}, {"type": "Feature", "properties": {}, "geometry": {"type": "LineString", "coordinates": [[103.8865, 21.7839], [104.0849, 21.5404], [104.2292, 21.3329], [104.3825, 21.2337], [104.5449, 21.1976], [104.6712, 21.1886], [104.7794, 21.1435], [104.8516, 21.0894], [104.9147, 21.0262]]}}, {"type": "Feature", "properties": {}, "geometry": {"type": "LineString", "coordinates": [[98.9077, 20.3678], [99.3947, 20.5753], [99.9449, 20.9], [100.5673, 21.2608], [100.9822, 21.6215], [101.2167, 21.82]]}}, {"type": "Feature", "properties": {}, "geometry": {"type": "LineString", "coordinates": [[98.0689, 19.8988], [98.9889, 20.2776], [99.3857, 20.4761]]}}, {"type": "Feature", "properties": {}, "geometry": {"type": "LineString", "coordinates": [[99.1693, 20.0341], [99.8547, 20.0972], [100.2696, 20.2145], [100.874, 20.449], [101.379, 20.7917], [101.6045, 20.9451]]}}, {"type": "Feature", "properties": {}, "geometry": {"type": "LineString", "coordinates": [[99.8457, 20.1874], [99.954, 20.5121], [100.0351, 20.6655], [100.1704, 20.7737], [100.45, 20.8549], [100.7747, 20.909], [101.0002, 20.9721], [101.1355, 21.0623], [101.2618, 21.1706], [101.4061, 21.2968]]}}, {"type": "Feature", "properties": {}, "geometry": {"type": "LineString", "coordinates": [[101.2979, 19.9439], [101.9563, 20.4761], [102.1818, 20.8278], [102.281, 21.0804]]}}, {"type": "Feature", "properties": {}, "geometry": {"type": "LineString", "coordinates": [[101.6136, 19.4929], [101.6587, 19.6102], [101.8841, 19.8357], [102.2088, 20.1965], [102.4704, 20.5753], [102.5967, 20.8188], [102.6779, 20.9631]]}}, {"type": "Feature", "properties": {}, "geometry": {"type": "LineString", "coordinates": [[100.6485, 18.4918], [101.1626, 18.6992], [101.4783, 18.9067], [101.7669, 19.1953], [101.8932, 19.3847]]}}, {"type": "Feature", "properties": {}, "geometry": {"type": "LineString", "coordinates": [[104.1571, 19.3847], [105.6904, 18.7623]]}}, {"type": "Feature", "properties": {}, "geometry": {"type": "LineString", "coordinates": [[103.3724, 19.0239], [104.0578, 18.6812], [104.8876, 18.149], [105.4919, 17.7251], [105.9249, 17.3914], [106.2225, 17.1208]]}}, {"type": "Feature", "properties": {}, "geometry": {"type": "LineString", "coordinates": [[103.2641, 18.4286], [103.7422, 18.4196], [104.0669, 18.3204], [104.2563, 18.1761], [104.4457, 17.9776], [104.7253, 17.7251], [104.8786, 17.4726], [104.9418, 17.3192]]}}, {"type": "Feature", "properties": {}, "geometry": {"type": "LineString", "coordinates": [[97.1038, 16.3992], [96.9595, 17.3012], [96.6258, 18.5459], [96.4634, 19.2584], [96.2018, 20.6745], [96.0485, 21.7929], [95.9944, 22.8211], [95.9763, 24.0658], [95.9493, 24.8595]]}}, {"type": "Feature", "properties": {}, "geometry": {"type": "LineString", "coordinates": [[95.9854, 23.1458], [96.1297, 23.8674], [96.3371, 24.5799], [96.5175, 24.9046], [96.7159, 25.1843], [96.7791, 25.4007], [96.8693, 25.6803], [96.8693, 25.8427]]}}, {"type": "Feature", "properties": {}, "geometry": {"type": "LineString", "coordinates": [[93.8568, 25.536], [93.4328, 24.8595], [93.1803, 24.1921], [93.036, 23.669], [93.0179, 22.8392], [93.0179, 22.0184], [93.1893, 21.2157], [93.4779, 20.4761], [93.6944, 20.1063], [93.7666, 19.8717], [93.7666, 19.8627]]}}, {"type": "Feature", "properties": {}, "geometry": {"type": "LineString", "coordinates": [[91.7011, 24.1741], [91.7101, 23.6239], [91.9356, 22.8933], [92.1611, 22.298], [92.1972, 21.856], [92.3956, 21.2878], [92.5128, 20.8729], [92.5489, 20.6655]]}}, {"type": "Feature", "properties": {}, "geometry": {"type": "LineString", "coordinates": [[92.0348, 24.165], [92.0438, 23.678], [92.143, 23.3352], [92.2603, 22.8482], [92.2874, 22.5866], [92.3866, 22.3431], [92.4768, 22.0545], [92.4858, 21.9643]]}}, {"type": "Feature", "properties": {}, "geometry": {"type": "LineString", "coordinates": [[92.5038, 24.3905], [92.4587, 23.7682], [92.4948, 23.1729], [92.4678, 22.8843], [92.5489, 22.5956], [92.6572, 22.289], [92.7113, 21.847], [92.7925, 21.369], [92.9458, 20.909], [93.0901, 20.5933], [93.2525, 20.3317]]}}, {"type": "Feature", "properties": {}, "geometry": {"type": "LineString", "coordinates": [[92.8466, 24.5078], [92.7654, 24.129], [92.7744, 23.6509], [92.7834, 23.227], [92.7744, 22.9294]]}}, {"type": "Feature", "properties": {}, "geometry": {"type": "LineString", "coordinates": [[86.0036, 32.242], [86.0908, 32.2747], [86.1714, 32.3052], [86.2455, 32.3575], [86.3283, 32.4294], [86.385, 32.4687]]}}, {"type": "Feature", "properties": {}, "geometry": {"type": "LineString", "coordinates": [[87.6664, 33.1054], [87.8733, 33.1255], [87.9821, 33.1444], [88.1134, 33.1669], [88.2289, 33.1857], [88.3096, 33.2075], [88.3662, 33.2489], [88.3946, 33.2991], [88.4164, 33.3361], [88.4164, 33.3732], [88.4164, 33.4015]]}}, {"type": "Feature", "properties": {}, "geometry": {"type": "LineString", "coordinates": [[89.3819, 34.1142], [89.3623, 34.0532], [89.3623, 34.0009], [89.3601, 33.9399], [89.3427, 33.9072], [89.2947, 33.8658], [89.2533, 33.844], [89.2054, 33.8113], [89.1923, 33.7437], [89.1923, 33.6936], [89.2032, 33.6456]]}}, {"type": "Feature", "properties": {}, "geometry": {"type": "LineString", "coordinates": [[89.541, 34.354], [89.5192, 34.3147], [89.5018, 34.2712], [89.517, 34.2188], [89.517, 34.1709], [89.517, 34.1273], [89.5563, 34.0597], [89.5563, 33.9943], [89.5584, 33.8788], [89.5323, 33.8418], [89.4756, 33.8025], [89.4517, 33.7437], [89.4451, 33.7023], [89.4451, 33.6543], [89.4451, 33.6107], [89.4299, 33.5497], [89.4233, 33.4909]]}}, {"type": "Feature", "properties": {}, "geometry": {"type": "LineString", "coordinates": [[90.949, 33.4128], [90.9894, 33.4672], [91.0003, 33.5122], [91.0127, 33.5495], [91.0174, 33.5806], [91.0609, 33.6303], [91.109, 33.6629], [91.2084, 33.7173]]}}, {"type": "Feature", "properties": {}, "geometry": {"type": "LineString", "coordinates": [[91.0981, 33.8151], [91.0873, 33.8462], [91.0609, 33.8959], [91.0329, 33.9254], [91.0251, 33.9549], [91.0251, 33.9875], [91.0484, 34.017], [91.0578, 34.0341], [91.0578, 34.0574], [91.05, 34.0947]]}}, {"type": "Feature", "properties": {}, "geometry": {"type": "LineString", "coordinates": [[90.3246, 33.3196], [90.3448, 33.3709], [90.3557, 33.4004], [90.3836, 33.4377], [90.4085, 33.4547], [90.4193, 33.4749], [90.4116, 33.5091], [90.4007, 33.5604], [90.3898, 33.5852], [90.3774, 33.6349], [90.3665, 33.68], [90.3463, 33.7079], [90.3215, 33.7545]]}}, {"type": "Feature", "properties": {}, "geometry": {"type": "LineString", "coordinates": [[90.2783, 33.8181], [90.2559, 33.8147], [90.2497, 33.7848], [90.2688, 33.7598], [90.2904, 33.739], [90.2904, 33.7002], [90.3013, 33.6551], [90.3028, 33.6085], [90.3028, 33.5697], [90.3028, 33.5231], [90.3028, 33.4905], [90.2873, 33.4625], [90.25, 33.4423], [90.2298, 33.4128], [90.2065, 33.3755]]}}, {"type": "Feature", "properties": {}, "geometry": {"type": "LineString", "coordinates": [[88.5147, 32.5726], [88.5526, 32.546], [88.6247, 32.4816], [88.6247, 32.4512], [88.6171, 32.4171], [88.6171, 32.3792], [88.6171, 32.3261], [88.6171, 32.2768], [88.6247, 32.2275], [88.6247, 32.182], [88.6133, 32.0568]]}}, {"type": "Feature", "properties": {}, "geometry": {"type": "LineString", "coordinates": [[92.1136, 33.7672], [92.0643, 33.7027], [92.0605, 33.6458], [92.0567, 33.5851], [92.0074, 33.5358], [91.9581, 33.4827], [91.9316, 33.4259], [91.9278, 33.3804], [91.8785, 33.3311], [91.8482, 33.278], [91.8444, 33.2211], [91.852, 33.1528], [91.8709, 33.0997], [91.924, 33.0315], [91.9847, 32.9594]]}}, {"type": "Feature", "properties": {}, "geometry": {"type": "LineString", "coordinates": [[92.015, 32.7205], [92.0833, 32.7622], [92.1781, 32.8722], [92.2653, 32.8798], [92.3298, 32.8798], [92.4284, 32.8798], [92.4663, 32.8798], [92.5004, 32.8798], [92.5497, 32.9367], [92.5953, 32.9518], [92.637, 32.986], [92.6597, 33.0353], [92.6863, 33.0883]]}}, {"type": "Feature", "properties": {}, "geometry": {"type": "LineString", "coordinates": [[85.6023, 30.1029], [85.6067, 30.0899], [85.6077, 30.0322], [85.5732, 29.9474], [85.6005, 29.8792], [85.6257, 29.835], [85.64, 29.7973], [85.646, 29.7559], [85.6687, 29.7243], [85.6966, 29.7046], [85.7133, 29.6669], [85.717, 29.6448], [85.7413, 29.6173]]}}, {"type": "Feature", "properties": {}, "geometry": {"type": "LineString", "coordinates": [[83.1631, 30.8628], [83.288, 30.9062], [83.3565, 30.9048], [83.3798, 30.9419], [83.3941, 30.9956], [83.3942, 31.0729], [83.3798, 31.1151], [83.3936, 31.1337], [83.4178, 31.1608], [83.4535, 31.176], [83.4926, 31.1836], [83.5017, 31.2106], [83.5446, 31.2475], [83.557, 31.2826], [83.5656, 31.3078], [83.5672, 31.3385], [83.5363, 31.3462], [83.4934, 31.3796], [83.4637, 31.4408]]}}, {"type": "Feature", "properties": {}, "geometry": {"type": "LineString", "coordinates": [[85.0863, 31.3648], [85.0672, 31.4452], [85.0523, 31.5192], [85.0523, 31.5885], [85.021, 31.7043]]}}, {"type": "Feature", "properties": {}, "geometry": {"type": "LineString", "coordinates": [[81.6223, 33.2492], [81.7384, 33.2138], [81.8885, 33.1175], [81.9599, 33.0654], [82.0509, 32.9961], [82.1052, 32.9426], [82.1689, 32.8803], [82.2695, 32.7939]]}}, {"type": "Feature", "properties": {}, "geometry": {"type": "LineString", "coordinates": [[82.0422, 32.8921], [82.1332, 32.8142], [82.2458, 32.7362], [82.3703, 32.6679], [82.5123, 32.6108], [82.8521, 32.4634], [82.9574, 32.4103], [83.1047, 32.3545]]}}, {"type": "Feature", "properties": {}, "geometry": {"type": "LineString", "coordinates": [[82.0809, 33.2686], [82.0702, 33.2275], [82.0725, 33.1736], [82.0888, 33.1611]]}}, {"type": "Feature", "properties": {}, "geometry": {"type": "LineString", "coordinates": [[82.1287, 33.2739], [82.1353, 33.2474], [82.134, 33.1996], [82.138, 33.1784], [82.1472, 33.1691]]}}, {"type": "Feature", "properties": {}, "geometry": {"type": "LineString", "coordinates": [[81.1413, 33.1607], [81.407, 33.2173], [81.7073, 33.2867], [81.8843, 33.3476], [82.0358, 33.4156], [82.1321, 33.5048], [82.193, 33.5473]]}}, {"type": "Feature", "properties": {}, "geometry": {"type": "LineString", "coordinates": [[82.1378, 33.5232], [82.0769, 33.6284], [82.067, 33.6889], [81.982, 33.7456], [81.9599, 33.767], [81.9253, 33.8103], [81.8687, 33.8603]]}}, {"type": "Feature", "properties": {}, "geometry": {"type": "LineString", "coordinates": [[80.8988, 35.0057], [80.7732, 35.0707], [80.5177, 35.1356], [80.3228, 35.2049], [80.1149, 35.2785], [79.894, 35.3652], [79.7424, 35.4475], [79.6168, 35.5168]]}}, {"type": "Feature", "properties": {}, "geometry": {"type": "LineString", "coordinates": [[87.2357, 35.2856], [87.5979, 35.3102], [87.825, 35.3409], [87.9201, 35.3838], [88.2608, 35.4023], [88.2608, 35.4053]]}}, {"type": "Feature", "properties": {}, "geometry": {"type": "LineString", "coordinates": [[87.3401, 35.2611], [87.1651, 35.2242], [86.9656, 35.215], [86.8582, 35.1874], [86.7262, 35.1721], [86.5666, 35.1291], [86.4469, 35.0923], [86.2996, 35.0739]]}}, {"type": "Feature", "properties": {}, "geometry": {"type": "LineString", "coordinates": [[87.5027, 35.0493], [87.3155, 34.9879], [87.1375, 34.9265], [87.0454, 34.8744], [86.849, 34.816]]}}, {"type": "Feature", "properties": {}, "geometry": {"type": "LineString", "coordinates": [[102.3021, 32.4234], [102.4329, 32.5296], [102.5513, 32.5786], [102.6004, 32.6399], [102.727, 32.7176], [102.8128, 32.7666], [102.8578, 32.7911], [102.9191, 32.7952], [103.0089, 32.8524], [103.058, 32.9014], [103.0947, 32.9382], [103.1274, 32.9464]]}}, {"type": "Feature", "properties": {}, "geometry": {"type": "LineString", "coordinates": [[93.2727, 35.3651], [93.0234, 35.4182], [92.7007, 35.4632], [92.382, 35.4877], [92.1082, 35.4713], [91.8672, 35.455]]}}, {"type": "Feature", "properties": {}, "geometry": {"type": "LineString", "coordinates": [[88.2865, 35.385], [88.5759, 35.3868], [88.7942, 35.3729], [89.0038, 35.3746], [89.1962, 35.3833], [89.3902, 35.3833], [89.5375, 35.3833], [89.5721, 35.411], [89.6761, 35.4283]]}}, {"type": "Feature", "properties": {}, "geometry": {"type": "LineString", "coordinates": [[88.1323, 35.4699], [88.29, 35.5046], [88.4719, 35.541], [88.6538, 35.541], [88.8046, 35.5444], [89.0766, 35.5531]]}}, {"type": "Feature", "properties": {}, "geometry": {"type": "LineString", "coordinates": [[88.6677, 35.6952], [88.9103, 35.6882], [89.0004, 35.6969], [89.0714, 35.7263], [89.1511, 35.735], [89.2845, 35.735], [89.4041, 35.8199], [89.4543, 35.8563], [89.6345, 35.8788]]}}, {"type": "Feature", "properties": {}, "geometry": {"type": "LineString", "coordinates": [[89.6778, 35.8979], [89.5305, 35.9447], [89.3729, 36.014], [89.3122, 36.0503], [89.2343, 36.0573], [88.964, 36.0815], [88.7873, 36.1144], [88.5932, 36.1682], [88.4511, 36.1941], [88.2831, 36.2271], [88.1393, 36.2479]]}}, {"type": "Feature", "properties": {}, "geometry": {"type": "LineString", "coordinates": [[89.719, 35.8387], [89.9355, 35.8084], [90.0806, 35.7998], [90.2452, 35.8041], [90.3015, 35.8474], [90.3903, 35.8582], [90.5939, 35.8821], [90.6827, 35.8777], [90.7217, 35.8951], [90.7867, 35.9189], [90.9404, 35.921], [91.0877, 35.9254], [91.1635, 35.9254], [91.4104, 35.9839]]}}, {"type": "Feature", "properties": {}, "geometry": {"type": "LineString", "coordinates": [[89.2945, 35.4381], [89.4006, 35.4662], [89.4786, 35.5204], [89.4981, 35.5724], [89.5262, 35.6222], [89.5782, 35.6807], [89.6172, 35.711], [89.7449, 35.7261]]}}, {"type": "Feature", "properties": {}, "geometry": {"type": "LineString", "coordinates": [[90.1023, 35.6677], [90.2864, 35.6352], [90.4726, 35.6265], [90.6004, 35.6113], [90.8192, 35.542]]}}, {"type": "Feature", "properties": {}, "geometry": {"type": "LineString", "coordinates": [[81.4981, 34.6669], [81.5522, 34.6042], [81.6733, 34.4852], [81.775, 34.3922], [81.8399, 34.2949]]}}, {"type": "Feature", "properties": {}, "geometry": {"type": "LineString", "coordinates": [[81.9999, 34.3554], [82.0756, 34.2819], [82.1081, 34.2235], [82.173, 34.1954], [82.2184, 34.1391], [82.2206, 34.0894], [82.2487, 34.0612], [82.3179, 34.005], [82.3331, 33.9466], [82.3806, 33.9033], [82.3979, 33.8752], [82.4217, 33.8125], [82.4866, 33.8017], [82.5515, 33.7909], [82.5926, 33.7324], [82.6402, 33.6459]]}}, {"type": "Feature", "properties": {}, "geometry": {"type": "LineString", "coordinates": [[83.0707, 33.8363], [83.1767, 33.7519], [83.261, 33.6805], [83.3584, 33.6178], [83.4622, 33.5378], [83.5487, 33.475], [83.6223, 33.4123], [83.6547, 33.3712]]}}, {"type": "Feature", "properties": {}, "geometry": {"type": "LineString", "coordinates": [[83.6309, 33.1527], [83.6374, 33.0857], [83.6829, 33.0121], [83.7542, 32.9299], [83.8083, 32.8391], [83.8364, 32.759]]}}, {"type": "Feature", "properties": {}, "geometry": {"type": "LineString", "coordinates": [[84.4724, 33.6654], [84.5654, 33.6027], [84.6628, 33.5659], [84.732, 33.501], [84.7839, 33.4253], [84.8271, 33.3604]]}}, {"type": "Feature", "properties": {}, "geometry": {"type": "LineString", "coordinates": [[82.3719, 31.2807], [82.348, 31.3731], [82.3274, 31.4501], [82.3257, 31.5202], [82.3343, 31.5852], [82.3702, 31.6229], [82.3839, 31.6828], [82.4181, 31.7529], [82.4044, 31.8179], [82.3976, 31.8453], [82.4541, 31.9394]]}}, {"type": "Feature", "properties": {}, "geometry": {"type": "LineString", "coordinates": [[85.2705, 29.864], [85.245, 29.9445], [85.1979, 30.0379], [85.1213, 30.0879], [85.0603, 30.1045], [84.8958, 30.2169]]}}, {"type": "Feature", "properties": {}, "geometry": {"type": "LineString", "coordinates": [[82.3346, 30.6063], [82.2085, 30.6748], [82.0851, 30.7269], [81.9973, 30.7571], [81.8877, 30.7571], [81.6655, 30.8065], [81.5531, 30.8476], [81.4516, 30.875], [81.2789, 30.9792], [81.15, 31.0341], [81.065, 31.0971], [80.9882, 31.1492], [80.8813, 31.1931], [80.7551, 31.2507], [80.618, 31.3604], [80.5275, 31.4207], [80.4398, 31.4701], [80.3849, 31.5139], [80.3383, 31.5743], [80.2999, 31.6401], [80.278, 31.7114], [80.2012, 31.8512], [80.1107, 31.9527], [80.0093, 32.0404], [79.9215, 32.1693], [79.8859, 32.2488], [79.7104, 32.4353], [79.5596, 32.6135], [79.4581, 32.704], [79.2716, 32.907], [79.0194, 33.1647], [78.9014, 33.3018], [78.7863, 33.4197], [78.6629, 33.598], [78.5998, 33.7296], [78.4106, 33.9709]]}}, {"type": "Feature", "properties": {}, "geometry": {"type": "LineString", "coordinates": [[75.3903, 37.3053], [75.4372, 37.1245], [75.6916, 36.8366], [76.1736, 36.3546], [76.669, 35.8994], [76.8096, 35.7789], [76.9702, 35.5379], [77.1577, 35.3437], [77.2916, 35.0893], [77.6799, 34.5671]]}}, {"type": "Feature", "properties": {}, "geometry": {"type": "LineString", "coordinates": [[78.5825, 33.6086], [78.4047, 33.7814], [78.3049, 33.8739], [78.2635, 33.9323], [78.1613, 34.0127], [78.0956, 34.1125]]}}, {"type": "Feature", "properties": {}, "geometry": {"type": "LineString", "coordinates": [[77.6963, 34.5215], [77.7815, 34.39], [77.818, 34.3389], [77.8667, 34.2829], [77.9544, 34.2147], [77.969, 34.1782], [78.0298, 34.1587], [78.0907, 34.11]]}}, {"type": "Feature", "properties": {}, "geometry": {"type": "LineString", "coordinates": [[93.9014, 39.8624], [93.6641, 39.8396], [93.5226, 39.8213], [93.3902, 39.7894], [93.0799, 39.6798], [92.7011, 39.5794], [92.514, 39.5703], [92.409, 39.5612]]}}, {"type": "Feature", "properties": {}, "geometry": {"type": "LineString", "coordinates": [[88.8811, 37.8497], [89.0865, 37.8862], [89.2325, 37.8862], [89.4196, 37.8634], [89.6296, 37.8497], [89.8395, 37.8314], [90.0358, 37.7858], [90.3826, 37.69], [90.6017, 37.6124], [90.7614, 37.5576], [90.9303, 37.4572], [91.1129, 37.4526], [91.2772, 37.4116], [91.5008, 37.3294], [91.7792, 37.2381]]}}, {"type": "Feature", "properties": {}, "geometry": {"type": "LineString", "coordinates": [[87.6808, 37.4754], [87.8497, 37.5028], [88.0322, 37.5576], [88.2924, 37.6215], [88.5342, 37.7036], [88.7944, 37.8269], [88.9404, 37.9227], [89.2827, 38.0231], [89.5931, 38.119]]}}, {"type": "Feature", "properties": {}, "geometry": {"type": "LineString", "coordinates": [[75.0621, 39.4545], [75.1479, 39.4354], [75.2479, 39.4259], [75.3051, 39.4211], [75.3957, 39.3973], [75.5148, 39.3449], [75.6339, 39.3258], [75.7292, 39.3401], [75.8817, 39.3687]]}}, {"type": "Feature", "properties": {}, "geometry": {"type": "LineString", "coordinates": [[75.8817, 39.3687], [76.0056, 39.3926]]}}, {"type": "Feature", "properties": {}, "geometry": {"type": "LineString", "coordinates": [[104.577, 32.3799], [104.7079, 32.4205], [104.8253, 32.4589], [104.9788, 32.5198], [105.1345, 32.5695], [105.3625, 32.635], [105.4866, 32.6869], [105.6063, 32.7523], [105.8094, 32.8404], [105.8816, 32.8923], [105.9719, 32.9419]]}}, {"type": "Feature", "properties": {}, "geometry": {"type": "LineString", "coordinates": [[103.4703, 30.7375], [103.5197, 30.7869], [103.5903, 30.8504], [103.5867, 30.9281], [103.6114, 30.9845], [103.6397, 31.041], [103.682, 31.0869], [103.7985, 31.1469]]}}, {"type": "Feature", "properties": {}, "geometry": {"type": "LineString", "coordinates": [[103.7491, 31.0375], [103.915, 31.1222], [104.0032, 31.2034], [104.0562, 31.2951], [104.1232, 31.3692], [104.1585, 31.4363], [104.2256, 31.4928], [104.2609, 31.5457], [104.3067, 31.5881], [104.3985, 31.6375], [104.5326, 31.6692], [104.5962, 31.7045]]}}, {"type": "Feature", "properties": {}, "geometry": {"type": "LineString", "coordinates": [[83.723, 31.9765], [83.7318, 31.9272], [83.7306, 31.883], [83.7078, 31.8526], [83.6812, 31.8134], [83.656, 31.7603], [83.6256, 31.716], [83.6079, 31.6667], [83.5965, 31.6301], [83.5915, 31.5656], [83.5877, 31.5302], [83.5927, 31.4973], [83.5953, 31.4859], [83.5864, 31.4581], [83.5839, 31.4391], [83.5915, 31.4164], [83.6079, 31.3873], [83.6319, 31.3632], [83.6585, 31.3455], [83.6876, 31.3291], [83.7053, 31.3215]]}}, {"type": "Feature", "properties": {}, "geometry": {"type": "LineString", "coordinates": [[83.6685, 31.2455], [83.6338, 31.183], [83.599, 31.1251], [83.5712, 31.051], [83.5388, 30.9769], [83.5064, 30.889], [83.4647, 30.8334], [83.4786, 30.7454], [83.4856, 30.6505], [83.5157, 30.5694], [83.5203, 30.5231]]}}, {"type": "Feature", "properties": {}, "geometry": {"type": "LineString", "coordinates": [[93.4459, 35.1241], [93.6053, 35.0911], [93.7894, 35.0362], [94.0312, 34.9757], [94.3032, 34.8988], [94.5423, 34.8328], [94.7347, 34.7476], [94.9765, 34.6487], [95.1908, 34.5113], [95.3584, 34.4207], [95.5425, 34.3272], [95.6717, 34.2173], [95.7541, 34.1349], [95.9382, 33.926], [96.0894, 33.7996], [96.1113, 33.7831]]}}, {"type": "Feature", "properties": {}, "geometry": {"type": "LineString", "coordinates": [[93.9667, 35.7007], [94.037, 35.679], [94.1226, 35.6534], [94.221, 35.6355], [94.3232, 35.6176], [94.4215, 35.601], [94.5978, 35.578], [94.7358, 35.5525], [94.9325, 35.5065], [95.1497, 35.4298], [95.3694, 35.3162], [95.5387, 35.1919], [95.6553, 35.1121], [95.8102, 35.0003], [95.9156, 34.9332], [96.12, 34.8693], [96.3962, 34.8055], [96.5814, 34.7448], [96.6948, 34.6889], [96.7635, 34.6618]]}}, {"type": "Feature", "properties": {}, "geometry": {"type": "LineString", "coordinates": [[98.7688, 35.152], [98.9228, 34.9108], [99.1691, 34.4695], [99.6156, 34.1], [100.1801, 33.592], [100.606, 33.1199]]}}, {"type": "Feature", "properties": {}, "geometry": {"type": "LineString", "coordinates": [[96.806, 34.4503], [97.0993, 34.0622], [97.5229, 33.7867], [97.8961, 33.606], [98.3256, 33.3365], [98.6426, 33.1114]]}}, {"type": "Feature", "properties": {}, "geometry": {"type": "LineString", "coordinates": [[98.6601, 33.1029], [98.7867, 32.9698], [98.9263, 32.8485], [99.0803, 32.7389], [99.1821, 32.6553], [99.3282, 32.4988], [99.597, 32.3122], [99.7654, 32.196]]}}, {"type": "Feature", "properties": {}, "geometry": {"type": "LineString", "coordinates": [[97.6881, 34.7958], [97.8797, 34.7367], [98.0895, 34.6741], [98.304, 34.6174], [98.4836, 34.5463], [98.7271, 34.4221], [98.9453, 34.3498], [99.1165, 34.2594]]}}, {"type": "Feature", "properties": {}, "geometry": {"type": "LineString", "coordinates": [[77.6277, 34.6048], [77.3497, 34.6615], [76.7679, 34.9138], [76.2427, 35.2484], [75.7535, 35.5883], [75.2953, 35.7324], [75.007, 35.8148]]}}, {"type": "Feature", "properties": {}, "geometry": {"type": "LineString", "coordinates": [[85.1044, 31.7505], [85.1556, 31.6149], [85.1687, 31.5486], [85.1847, 31.4813], [85.1519, 31.3113], [85.1255, 31.2383], [85.1246, 31.238]]}}, {"type": "Feature", "properties": {}, "geometry": {"type": "LineString", "coordinates": [[86.6669, 30.8182], [86.6669, 30.8219], [86.6425, 30.8708], [86.6303, 30.9685], [86.619, 31.0503], [86.6388, 31.0921], [86.6904, 31.1133], [86.8084, 31.1182]]}}, {"type": "Feature", "properties": {}, "geometry": {"type": "LineString", "coordinates": [[86.3793, 30.8971], [86.3831, 30.8257], [86.4066, 30.7778], [86.4742, 30.7496], [86.5216, 30.6965], [86.5416, 30.6789], [86.5482, 30.6684], [86.5519, 30.6591], [86.5514, 30.6523], [86.5491, 30.6479], [86.5423, 30.6416], [86.5369, 30.6359], [86.5312, 30.6316], [86.5221, 30.6214], [86.5173, 30.6113], [86.5157, 30.6059], [86.5119, 30.5975], [86.5091, 30.5884], [86.5055, 30.5809], [86.4996, 30.57], [86.5009, 30.5554], [86.5139, 30.5386], [86.5189, 30.5318], [86.5355, 30.522], [86.5471, 30.5159], [86.5612, 30.512], [86.5744, 30.51], [86.5867, 30.5081], [86.5955, 30.5043], [86.6026, 30.5002], [86.6012, 30.4909], [86.5978, 30.4806], [86.5926, 30.4715], [86.5917, 30.4615], [86.5878, 30.4533]]}}, {"type": "Feature", "properties": {}, "geometry": {"type": "LineString", "coordinates": [[86.4207, 30.1498], [86.4013, 30.1022], [86.4154, 30.053], [86.433, 30.0019], [86.4363, 29.982]]}}, {"type": "Feature", "properties": {}, "geometry": {"type": "LineString", "coordinates": [[86.4443, 29.9186], [86.4274, 29.8954], [86.4145, 29.862], [86.3906, 29.8561], [86.2867, 29.8425], [86.2217, 29.8084], [86.2397, 29.7328], [86.2248, 29.6779], [86.224, 29.6207], [86.2146, 29.5869], [86.2303, 29.5548], [86.2098, 29.5153]]}}, {"type": "Feature", "properties": {}, "geometry": {"type": "LineString", "coordinates": [[86.2098, 29.5153], [86.1887, 29.503], [86.1895, 29.4223]]}}, {"type": "Feature", "properties": {}, "geometry": {"type": "LineString", "coordinates": [[86.9598, 30.1528], [86.9352, 30.1331], [86.894, 30.1037], [86.892, 30.0545], [86.8714, 30.0084], [86.8497, 29.9557], [86.8107, 29.921], [86.7928, 29.8591], [86.7555, 29.7982], [86.7241, 29.7651], [86.7231, 29.7627]]}}, {"type": "Feature", "properties": {}, "geometry": {"type": "LineString", "coordinates": [[88.4792, 30.1244], [88.431, 30.0856], [88.4098, 30.0468], [88.4098, 30.0138], [88.3981, 29.9786], [88.391, 29.948], [88.3851, 29.8974], [88.3675, 29.8516], [88.3581, 29.8139], [88.3487, 29.7845], [88.3463, 29.7598], [88.3158, 29.7352], [88.3052, 29.6775], [88.3052, 29.6199], [88.3134, 29.5741], [88.3122, 29.5494]]}}, {"type": "Feature", "properties": {}, "geometry": {"type": "LineString", "coordinates": [[90.601, 30.2224], [90.5503, 30.1914], [90.5296, 30.1745], [90.4845, 30.1341], [90.4667, 30.1125], [90.4394, 30.0899], [90.4112, 30.0787]]}}, {"type": "Feature", "properties": {}, "geometry": {"type": "LineString", "coordinates": [[90.4, 30.0599], [90.3868, 30.0373], [90.3784, 30.0176], [90.3662, 30.0016], [90.3596, 29.9819], [90.3596, 29.98]]}}, {"type": "Feature", "properties": {}, "geometry": {"type": "LineString", "coordinates": [[90.4178, 30.0477], [90.4047, 30.0373], [90.3953, 30.0223], [90.3887, 30.0063], [90.3784, 29.9932], [90.3727, 29.9875]]}}, {"type": "Feature", "properties": {}, "geometry": {"type": "LineString", "coordinates": [[90.4244, 30.0317], [90.4169, 30.0139], [90.4056, 30.0054], [90.3972, 29.9904], [90.3906, 29.9875]]}}, {"type": "Feature", "properties": {}, "geometry": {"type": "LineString", "coordinates": [[90.3652, 30.0636], [90.3173, 30.0514], [90.2741, 30.0298], [90.2412, 30.0082], [90.2281, 29.9885]]}}, {"type": "Feature", "properties": {}, "geometry": {"type": "LineString", "coordinates": [[90.2769, 29.9617], [90.2807, 29.9223], [90.2825, 29.8894], [90.2929, 29.8584], [90.2938, 29.833], [90.3023, 29.8076], [90.3051, 29.7926]]}}, {"type": "Feature", "properties": {}, "geometry": {"type": "LineString", "coordinates": [[91.5409, 30.7838], [91.5443, 30.7596], [91.5326, 30.7445], [91.5192, 30.7253], [91.5176, 30.6986], [91.5268, 30.6669], [91.5268, 30.6502], [91.5334, 30.6277]]}}, {"type": "Feature", "properties": {}, "geometry": {"type": "LineString", "coordinates": [[91.5301, 30.6168], [91.4691, 30.6118], [91.4291, 30.6118], [91.3973, 30.6118], [91.3748, 30.6118], [91.3481, 30.611], [91.3239, 30.611], [91.303, 30.611], [91.278, 30.6059], [91.2396, 30.5976], [91.2212, 30.5943], [91.207, 30.5759], [91.1744, 30.5684], [91.1377, 30.5559], [91.111, 30.5383], [91.0926, 30.5266], [91.0734, 30.5099]]}}, {"type": "Feature", "properties": {}, "geometry": {"type": "LineString", "coordinates": [[91.0412, 31.2667], [91.1162, 31.2145], [91.1961, 31.1607], [91.3005, 31.1069], [91.4179, 31.0465], [91.5549, 30.9878], [91.6233, 30.9503], [91.7489, 30.934], [91.9038, 30.89], [91.9658, 30.8672]]}}, {"type": "Feature", "properties": {}, "geometry": {"type": "LineString", "coordinates": [[89.8499, 31.6498], [90.1497, 31.5927], [90.3496, 31.5713], [90.5566, 31.5213], [90.7993, 31.4428], [90.9841, 31.3417], [91.1439, 31.265], [91.3217, 31.159]]}}, {"type": "Feature", "properties": {}, "geometry": {"type": "LineString", "coordinates": [[91.2581, 31.6937], [91.2673, 31.7472], [91.2756, 31.8172], [91.3105, 31.9026]]}}, {"type": "Feature", "properties": {}, "geometry": {"type": "LineString", "coordinates": [[91.1192, 31.5096], [91.1778, 31.595], [91.255, 31.6896]]}}, {"type": "Feature", "properties": {}, "geometry": {"type": "LineString", "coordinates": [[90.897, 31.4109], [90.9032, 31.4819], [90.9217, 31.5127], [90.9392, 31.5374], [90.9783, 31.5539], [91.038, 31.5755]]}}, {"type": "Feature", "properties": {}, "geometry": {"type": "LineString", "coordinates": [[92.0026, 32.2731], [91.8484, 32.2382], [91.6899, 32.1902], [91.5837, 32.1538], [91.5575, 32.1233], [91.5502, 32.0593], [91.5197, 31.9953], [91.5168, 31.9444], [91.5051, 31.9095]]}}, {"type": "Feature", "properties": {}, "geometry": {"type": "LineString", "coordinates": [[91.6259, 32.2775], [91.5415, 32.2309], [91.4775, 32.1873], [91.4397, 32.1495], [91.4135, 32.1087], [91.4251, 32.0535], [91.4251, 31.988], [91.4542, 31.9284], [91.4571, 31.8935], [91.46, 31.8935], [91.463, 31.892]]}}, {"type": "Feature", "properties": {}, "geometry": {"type": "LineString", "coordinates": [[90.033, 31.7633], [90.1966, 31.8214], [90.3092, 31.8601], [90.4219, 31.8759], [90.531, 31.883], [90.633, 31.9041], [90.7755, 31.927], [90.8635, 31.9622], [90.9339, 32.0062], [90.9744, 32.029], [91.1398, 32.0677], [91.3175, 32.0906]]}}, {"type": "Feature", "properties": {}, "geometry": {"type": "LineString", "coordinates": [[88.0065, 33.7331], [87.9346, 33.7098], [87.8996, 33.6962], [87.8587, 33.6631], [87.816, 33.634], [87.7576, 33.5892], [87.6818, 33.5659], [87.6195, 33.5503], [87.567, 33.5173], [87.5067, 33.4939], [87.4153, 33.4589], [87.3142, 33.42], [87.2364, 33.3947], [87.1314, 33.3481], [87.0789, 33.3053], [87.04, 33.2839], [86.9758, 33.2567], [86.9467, 33.2217], [86.9058, 33.1789], [86.8844, 33.1322]]}}, {"type": "Feature", "properties": {}, "geometry": {"type": "LineString", "coordinates": [[86.8844, 33.245], [86.8494, 33.2042], [86.8047, 33.1458], [86.7561, 33.1069], [86.7172, 33.0797], [86.6899, 33.0272], [86.6316, 32.9513], [86.5791, 32.9027], [86.5324, 32.8444], [86.4877, 32.7899], [86.4352, 32.7219], [86.4002, 32.6888], [86.2971, 32.6344], [86.1474, 32.5974], [86.056, 32.5682]]}}, {"type": "Feature", "properties": {}, "geometry": {"type": "LineString", "coordinates": [[85.8072, 32.471], [85.7761, 32.4107], [85.7489, 32.3757], [85.71, 32.3485]]}}, {"type": "Feature", "properties": {}, "geometry": {"type": "LineString", "coordinates": [[87.116, 32.154], [87.0596, 32.2357], [87.0169, 32.2882], [87.0032, 32.3115], [87.0188, 32.3485], [87.0382, 32.3718], [87.0908, 32.4127], [87.2152, 32.4613]]}}, {"type": "Feature", "properties": {}, "geometry": {"type": "LineString", "coordinates": [[87.9499, 32.8697], [87.8453, 32.8479], [87.769, 32.8152], [87.6274, 32.6125], [87.6226, 32.6113]]}}, {"type": "Feature", "properties": {}, "geometry": {"type": "LineString", "coordinates": [[87.6162, 32.5963], [87.5239, 32.5766], [87.4777, 32.5766], [87.4429, 32.5721], [87.4278, 32.5577], [87.4103, 32.535], [87.405, 32.5184], [87.3876, 32.5002], [87.3664, 32.4745], [87.3483, 32.4631], [87.3256, 32.4275], [87.3112, 32.4116]]}}, {"type": "Feature", "properties": {}, "geometry": {"type": "LineString", "coordinates": [[87.1568, 32.3738], [87.1364, 32.3587], [87.1311, 32.3466], [87.1311, 32.3238], [87.1477, 32.2921], [87.1621, 32.2678], [87.178, 32.2451], [87.1969, 32.2239], [87.1977, 32.205], [87.2052, 32.1929]]}}, {"type": "Feature", "properties": {}, "geometry": {"type": "LineString", "coordinates": [[87.2211, 32.3662], [87.2136, 32.3541], [87.2098, 32.3276], [87.2037, 32.3117], [87.2075, 32.2943], [87.2272, 32.2724], [87.2279, 32.261], [87.2204, 32.2406], [87.2272, 32.2111], [87.2279, 32.199]]}}, {"type": "Feature", "properties": {}, "geometry": {"type": "LineString", "coordinates": [[87.4058, 32.0771], [87.3854, 32.118], [87.368, 32.1399], [87.3377, 32.177], [87.3331, 32.1952], [87.3331, 32.2141], [87.3362, 32.2315], [87.3377, 32.2512], [87.3377, 32.2731], [87.3377, 32.2921], [87.3377, 32.3155], [87.3437, 32.339], [87.3619, 32.3511], [87.3725, 32.3632], [87.3839, 32.3693]]}}, {"type": "Feature", "properties": {}, "geometry": {"type": "LineString", "coordinates": [[87.7845, 32.6883], [87.7878, 32.6914], [87.8954, 32.7455], [87.9674, 32.7694], [88.0851, 32.8217]]}}, {"type": "Feature", "properties": {}, "geometry": {"type": "LineString", "coordinates": [[87.3944, 32.3761], [87.4345, 32.4003], [87.4511, 32.4192], [87.4701, 32.4389], [87.5261, 32.4677], [87.5563, 32.4873], [87.6275, 32.5131], [87.6472, 32.5206]]}}, {"type": "Feature", "properties": {}, "geometry": {"type": "LineString", "coordinates": [[88.0579, 33.2018], [88.071, 33.2562], [88.0615, 33.3035], [88.0804, 33.3366], [88.0804, 33.3614], [88.0804, 33.3874], [88.0922, 33.4099], [88.0958, 33.4229]]}}, {"type": "Feature", "properties": {}, "geometry": {"type": "LineString", "coordinates": [[85.8293, 32.025], [85.8935, 31.9879], [85.9506, 31.9526], [86.032, 31.91], [86.0936, 31.8765], [86.1959, 31.8331], [86.2683, 31.8086], [86.3806, 31.7661], [86.4349, 31.7588], [86.4946, 31.7398], [86.5499, 31.7308], [86.5969, 31.7145], [86.6449, 31.6919], [86.6884, 31.671], [86.7182, 31.6566]]}}, {"type": "Feature", "properties": {}, "geometry": {"type": "LineString", "coordinates": [[87.4387, 31.5502], [87.5796, 31.5052], [87.9293, 31.3689], [88.1606, 31.2859], [88.2791, 31.2266], [88.6052, 31.0072], [88.7297, 30.9064], [88.8779, 30.7997], [88.9728, 30.7049], [89.0439, 30.6337]]}}, {"type": "Feature", "properties": {}, "geometry": {"type": "LineString", "coordinates": [[87.4256, 31.5551], [87.3338, 31.5867], [87.242, 31.624], [87.186, 31.6512], [87.1287, 31.6799], [87.0412, 31.7574], [87.0153, 31.7889], [86.9035, 31.8363], [86.8418, 31.8564]]}}, {"type": "Feature", "properties": {}, "geometry": {"type": "LineString", "coordinates": [[86.684, 32.0342], [86.7787, 31.9869], [86.8375, 31.9482], [86.8705, 31.9137], [86.8762, 31.8994]]}}, {"type": "Feature", "properties": {}, "geometry": {"type": "LineString", "coordinates": [[86.6754, 31.9682], [86.6123, 31.9855], [86.5621, 32.017], [86.5076, 32.0457], [86.4158, 32.0988]]}}, {"type": "Feature", "properties": {}, "geometry": {"type": "LineString", "coordinates": [[87.1487, 31.9677], [87.1692, 31.9132], [87.1828, 31.8791], [87.1953, 31.8314], [87.2067, 31.8132], [87.2362, 31.7758], [87.2566, 31.7553]]}}, {"type": "Feature", "properties": {}, "geometry": {"type": "LineString", "coordinates": [[87.3304, 32.0222], [87.2964, 31.9609], [87.2975, 31.9132], [87.3089, 31.8814], [87.3123, 31.8484], [87.3316, 31.8189]]}}, {"type": "Feature", "properties": {}, "geometry": {"type": "LineString", "coordinates": [[87.7218, 31.7917], [87.8297, 31.8237], [87.9525, 31.8664], [88.0369, 31.891], [88.1074, 31.9092]]}}, {"type": "Feature", "properties": {}, "geometry": {"type": "LineString", "coordinates": [[88.3597, 31.9433], [88.5124, 31.9807], [88.6085, 32.0096], [88.6705, 32.0427], [88.7388, 32.0726]]}}, {"type": "Feature", "properties": {}, "geometry": {"type": "LineString", "coordinates": [[90.2099, 32.5764], [90.0923, 32.5536], [89.9975, 32.5195], [89.8875, 32.4854], [89.8003, 32.4474], [89.7207, 32.4361], [89.6486, 32.4323], [89.3794, 32.3451], [89.2694, 32.292], [89.1806, 32.2476]]}}, {"type": "Feature", "properties": {}, "geometry": {"type": "LineString", "coordinates": [[88.7506, 32.1399], [88.8894, 32.1751], [89.0048, 32.2093], [89.0828, 32.2243], [89.1671, 32.2445]]}}, {"type": "Feature", "properties": {}, "geometry": {"type": "LineString", "coordinates": [[91.5265, 32.9309], [91.4208, 32.8826], [91.2438, 32.8228], [91.1495, 32.7608], [91.0645, 32.7171], [90.8967, 32.6413], [90.7244, 32.593], [90.6393, 32.5723], [90.5566, 32.5723], [90.421, 32.5769], [90.3221, 32.5769], [90.2118, 32.5769]]}}, {"type": "Feature", "properties": {}, "geometry": {"type": "LineString", "coordinates": [[92.5632, 32.4005], [92.6334, 32.4196], [92.6844, 32.4251], [92.73, 32.4323], [92.7782, 32.4478], [92.8256, 32.4742], [92.8593, 32.4943], [92.9067, 32.5289], [92.9431, 32.5608], [92.9914, 32.5854], [93.037, 32.6045], [93.0725, 32.6191]]}}, {"type": "Feature", "properties": {}, "geometry": {"type": "LineString", "coordinates": [[92.9532, 32.6182], [92.9987, 32.651], [93.0552, 32.6701], [93.0916, 32.6929], [93.118, 32.7202], [93.1344, 32.7457], [93.1536, 32.7721], [93.1681, 32.7949], [93.2155, 32.814], [93.2438, 32.8304]]}}, {"type": "Feature", "properties": {}, "geometry": {"type": "LineString", "coordinates": [[82.2316, 31.3153], [82.2573, 31.2828], [82.2898, 31.2671], [82.3529, 31.247], [82.3806, 31.2336], [82.4192, 31.2112], [82.4546, 31.183], [82.4837, 31.163], [82.5052, 31.1367], [82.551, 31.0865], [82.5783, 31.0689]]}}, {"type": "Feature", "properties": {}, "geometry": {"type": "LineString", "coordinates": [[82.2168, 31.3286], [82.2079, 31.3451], [82.2069, 31.3601], [82.2107, 31.3743], [82.2178, 31.3879], [82.2234, 31.403], [82.2286, 31.4275], [82.2333, 31.4478], [82.2418, 31.4605], [82.2522, 31.4756], [82.2578, 31.51], [82.2559, 31.5231], [82.2559, 31.5354], [82.2587, 31.5467], [82.2668, 31.5585], [82.2691, 31.5632]]}}, {"type": "Feature", "properties": {}, "geometry": {"type": "LineString", "coordinates": [[82.8628, 31.9603], [82.8559, 31.9497], [82.8338, 31.9379], [82.8183, 31.9293], [82.8118, 31.9187], [82.8118, 31.9101], [82.8122, 31.8987], [82.8102, 31.8824], [82.8102, 31.8685], [82.8114, 31.8559], [82.811, 31.8481], [82.8, 31.8432], [82.791, 31.8302], [82.7755, 31.8208], [82.7714, 31.8065], [82.771, 31.7951], [82.7677, 31.791]]}}, {"type": "Feature", "properties": {}, "geometry": {"type": "LineString", "coordinates": [[82.8657, 31.9628], [82.8795, 31.9746], [82.8971, 31.9848], [82.9375, 31.9991], [82.9742, 32.0162], [82.9999, 32.0236], [83.0207, 32.0305], [83.0284, 32.0411], [83.0293, 32.0419]]}}, {"type": "Feature", "properties": {}, "geometry": {"type": "LineString", "coordinates": [[83.0257, 32.043], [83.0251, 32.0576], [83.0266, 32.069], [83.0287, 32.0768], [83.0305, 32.0863], [83.0311, 32.0959], [83.0314, 32.1045], [83.0314, 32.1144], [83.0314, 32.1258], [83.0314, 32.1359], [83.0317, 32.1434], [83.0349, 32.1643], [83.0328, 32.1718], [83.0272, 32.1786], [83.0272, 32.1864], [83.0272, 32.1951], [83.0293, 32.2043]]}}, {"type": "Feature", "properties": {}, "geometry": {"type": "LineString", "coordinates": [[83.0156, 32.2684], [83.0576, 32.2875], [83.0912, 32.3006], [83.1155, 32.3081], [83.1491, 32.316], [83.1864, 32.3202], [83.2097, 32.3253], [83.2261, 32.3295]]}}, {"type": "Feature", "properties": {}, "geometry": {"type": "LineString", "coordinates": [[83.0067, 32.2259], [83.0076, 32.2096], [83.0151, 32.1932], [83.0202, 32.1853]]}}, {"type": "Feature", "properties": {}, "geometry": {"type": "LineString", "coordinates": [[82.4535, 34.7564], [82.4725, 34.7827], [82.482, 34.8038], [82.4988, 34.8228], [82.5125, 34.8375], [82.5378, 34.8502], [82.5758, 34.8734], [82.6021, 34.8923], [82.6116, 34.8965]]}}, {"type": "Feature", "properties": {}, "geometry": {"type": "LineString", "coordinates": [[83.4462, 34.7867], [83.4428, 34.764], [83.4428, 34.7505], [83.4411, 34.7374], [83.4315, 34.7278], [83.4292, 34.7154], [83.4241, 34.6905], [83.4179, 34.6786], [83.4179, 34.6571], [83.4253, 34.6378], [83.4332, 34.6186], [83.4355, 34.5852], [83.4377, 34.5676], [83.4411, 34.5478], [83.4349, 34.5257], [83.436, 34.5127], [83.4383, 34.4935], [83.4445, 34.464], [83.4474, 34.4482], [83.4445, 34.4335], [83.4491, 34.421]]}}, {"type": "Feature", "properties": {}, "geometry": {"type": "LineString", "coordinates": [[83.9232, 34.1386], [83.9791, 34.1765], [84.0009, 34.2106], [84.0189, 34.2391], [84.0625, 34.2703], [84.1326, 34.2874], [84.1781, 34.2912], [84.2217, 34.2912], [84.2606, 34.294], [84.29, 34.3168], [84.3203, 34.331], [84.3374, 34.3481], [84.3383, 34.3651], [84.3383, 34.386], [84.3487, 34.4173], [84.3506, 34.4391], [84.3393, 34.458], [84.3175, 34.4817], [84.3013, 34.5035], [84.2985, 34.5196], [84.2995, 34.5462], [84.3042, 34.567], [84.3213, 34.5964], [84.344, 34.6116], [84.3544, 34.6315], [84.3582, 34.6476], [84.3715, 34.6589]]}}, {"type": "Feature", "properties": {}, "geometry": {"type": "LineString", "coordinates": [[85.7656, 34.1738], [85.7286, 34.2052], [85.6989, 34.2478], [85.6989, 34.2793], [85.6989, 34.3089], [85.7508, 34.3533], [85.8156, 34.3922], [85.8304, 34.4385], [85.8248, 34.5051], [85.8304, 34.5607]]}}, {"type": "Feature", "properties": {}, "geometry": {"type": "LineString", "coordinates": [[85.897, 34.5385], [85.9488, 34.5996], [86.0266, 34.6329], [86.1025, 34.6643], [86.2543, 34.6903], [86.3339, 34.7217], [86.3839, 34.7458], [86.4949, 34.7773], [86.5634, 34.8069], [86.7134, 34.8661], [86.7856, 34.9124]]}}, {"type": "Feature", "properties": {}, "geometry": {"type": "LineString", "coordinates": [[86.047, 34.7051], [86.171, 34.7458], [86.2376, 34.7791], [86.3246, 34.8198], [86.4413, 34.8791], [86.5671, 34.9217], [86.693, 34.979], [86.7708, 35.0124], [86.8707, 35.0735]]}}, {"type": "Feature", "properties": {}, "geometry": {"type": "LineString", "coordinates": [[103.5376, 29.4498], [103.7015, 29.5864], [103.8972, 29.7138], [104.0384, 29.8231], [104.093, 29.9232], [104.1385, 30.0553], [104.134, 30.1509], [104.1977, 30.2738], [104.3434, 30.4695], [104.4617, 30.6107], [104.5437, 30.7836], [104.612, 30.9475], [104.6484, 31.1069], [104.6256, 31.1934], [104.5391, 31.2662], [104.4799, 31.3072]]}}, {"type": "Feature", "properties": {}, "geometry": {"type": "LineString", "coordinates": [[104.6029, 31.7283], [104.7394, 31.9149], [104.876, 32.0196], [105.0399, 32.0879], [105.1947, 32.2063], [105.2857, 32.2973], [105.4451, 32.4111], [105.6089, 32.5204], [105.8184, 32.6433], [106.046, 32.7526]]}}, {"type": "Feature", "properties": {}, "geometry": {"type": "LineString", "coordinates": [[102.7181, 30.0689], [102.8729, 30.1873], [103.0232, 30.2829], [103.1916, 30.3739], [103.3327, 30.5105], [103.4329, 30.6698], [103.4511, 30.7063]]}}, {"type": "Feature", "properties": {}, "geometry": {"type": "LineString", "coordinates": [[105.1583, 32.7526], [105.3677, 32.7799], [105.659, 32.8573], [105.9413, 32.962], [106.2599, 33.0576], [106.6423, 33.1714], [106.8153, 33.2078], [107.0976, 33.2533], [107.2888, 33.3034], [107.4208, 33.358]]}}, {"type": "Feature", "properties": {}, "geometry": {"type": "LineString", "coordinates": [[106.1443, 32.7288], [106.5958, 32.784], [106.9019, 32.7539], [107.1628, 32.7689], [107.3785, 32.8091], [107.6343, 32.8944], [107.7899, 32.9445], [108.0156, 33.0097], [108.1461, 33.0399]]}}, {"type": "Feature", "properties": {}, "geometry": {"type": "LineString", "coordinates": [[108.0708, 32.4529], [108.3718, 32.1218], [108.7331, 31.9411], [109.1745, 31.7505], [109.6612, 31.7354], [109.907, 31.8057]]}}, {"type": "Feature", "properties": {}, "geometry": {"type": "LineString", "coordinates": [[107.8601, 32.7037], [108.0257, 32.2923], [108.1962, 32.0164], [108.3969, 31.8308]]}}, {"type": "Feature", "properties": {}, "geometry": {"type": "LineString", "coordinates": [[109.7063, 31.4043], [109.295, 31.4144], [108.8083, 31.4545], [108.4822, 31.5247], [108.131, 31.7053], [107.7949, 31.9913], [107.6293, 32.2321], [107.5089, 32.488], [107.4337, 32.7539]]}}, {"type": "Feature", "properties": {}, "geometry": {"type": "LineString", "coordinates": [[107.815, 31.2338], [107.9504, 31.2287], [108.1962, 31.3441], [108.4471, 31.3642], [108.6979, 31.3642], [108.9789, 31.3542], [109.4856, 31.3291]]}}, {"type": "Feature", "properties": {}, "geometry": {"type": "LineString", "coordinates": [[107.5792, 33.2255], [107.3735, 33.1502], [107.1126, 33.0649], [106.8868, 32.9897], [106.5758, 32.9295], [106.1343, 32.7689], [106.064, 32.7338]]}}, {"type": "Feature", "properties": {}, "geometry": {"type": "LineString", "coordinates": [[107.1014, 34.3048], [107.4563, 34.2762], [107.7196, 34.1732], [107.9944, 34.1216], [108.2062, 34.0758], [108.4639, 34.0529], [108.6928, 34.0243], [108.836, 34.0358], [109.0592, 34.0243], [109.3226, 34.0014]]}}, {"type": "Feature", "properties": {}, "geometry": {"type": "LineString", "coordinates": [[111.6926, 36.5031], [111.4808, 36.2398], [111.3549, 36.091], [111.2461, 35.9249], [111.103, 35.7761], [110.9828, 35.6788], [110.8454, 35.6788], [110.6851, 35.6845], [110.5534, 35.6387], [110.4618, 35.5299], [110.2614, 35.3124]]}}, {"type": "Feature", "properties": {}, "geometry": {"type": "LineString", "coordinates": [[110.1985, 34.6769], [110.416, 34.8659], [110.6622, 34.8659], [110.9026, 34.9059], [111.103, 35.0376], [111.2804, 35.2036], [111.3491, 35.3467], [111.4236, 35.3925]]}}, {"type": "Feature", "properties": {}, "geometry": {"type": "LineString", "coordinates": [[109.2138, 34.7428], [108.9619, 34.7141], [108.6986, 34.737], [108.4696, 34.737], [108.2578, 34.7485]]}}, {"type": "Feature", "properties": {}, "geometry": {"type": "LineString", "coordinates": [[96.1299, 26.6919], [96.2932, 26.7758], [96.4425, 26.8225], [96.5778, 26.8178], [96.7877, 26.7992], [96.923, 26.7992], [96.9883, 26.7525]]}}, {"type": "Feature", "properties": {}, "geometry": {"type": "LineString", "coordinates": [[109.4203, 33.9821], [109.7423, 33.9248], [110.1073, 33.7817], [110.5152, 33.6243], [110.9589, 33.5098], [111.3381, 33.4382], [111.8104, 33.288], [112.2326, 33.1234], [112.5761, 32.9731]]}}, {"type": "Feature", "properties": {}, "geometry": {"type": "LineString", "coordinates": [[96.9277, 25.3949], [97.0956, 25.5489], [97.2169, 25.7075], [97.3102, 25.9268], [97.3475, 26.1787], [97.3662, 26.4306], [97.4269, 26.7152], [97.4642, 26.8551], [97.4735, 27.0277]]}}, {"type": "Feature", "properties": {}, "geometry": {"type": "LineString", "coordinates": [[95.5375, 24.4363], [95.3975, 24.2123], [95.2156, 24.0024], [95.085, 23.7458], [95.043, 23.5732], [95.0336, 23.3726], [94.9683, 23.1673], [94.9123, 22.9201], [94.7864, 22.7521]]}}, {"type": "Feature", "properties": {}, "geometry": {"type": "LineString", "coordinates": [[94.3292, 21.3013], [94.3292, 21.5905], [94.4178, 21.8051], [94.4645, 21.9917], [94.4412, 22.1923], [94.4458, 22.3416], [94.4318, 22.5236], [94.3992, 22.7008], [94.3245, 22.9154], [94.2732, 23.1907], [94.3292, 23.3959], [94.3712, 23.5079], [94.4458, 23.6245]]}}, {"type": "Feature", "properties": {}, "geometry": {"type": "LineString", "coordinates": [[95.0663, 18.0754], [94.9777, 18.4626], [94.931, 18.8358], [94.8424, 19.0644], [94.7257, 19.2183], [94.6651, 19.3629], [94.6091, 19.6242], [94.4785, 19.9694], [94.3852, 20.17], [94.2872, 20.3239], [94.2126, 20.4966], [94.1099, 20.7485], [94.04, 20.9164]]}}, {"type": "Feature", "properties": {}, "geometry": {"type": "LineString", "coordinates": [[95.0616, 18.0684], [95.043, 17.9284], [94.9917, 17.7558], [94.903, 17.4526], [94.7257, 17.084]]}}, {"type": "Feature", "properties": {}, "geometry": {"type": "LineString", "coordinates": [[89.7547, 25.3442], [90.2106, 25.2417], [90.4671, 25.1904], [90.9002, 25.1847], [91.1794, 25.2132], [91.6126, 25.2189], [92.0628, 25.179], [92.3363, 25.1733], [92.5301, 25.1562]]}}, {"type": "Feature", "properties": {}, "geometry": {"type": "LineString", "coordinates": [[92.2508, 25.1163], [92.4218, 25.0593], [92.7124, 25.0023], [92.9632, 25.0023], [93.2253, 25.0764], [93.4248, 25.1505]]}}, {"type": "Feature", "properties": {}, "geometry": {"type": "LineString", "coordinates": [[94.0232, 25.9141], [93.761, 25.7944], [93.3849, 25.595], [93.1114, 25.4297], [92.9176, 25.2986]]}}, {"type": "Feature", "properties": {}, "geometry": {"type": "LineString", "coordinates": [[94.3178, 23.7115], [94.4603, 23.8711], [94.5287, 24.0022], [94.5287, 24.1902], [94.6255, 24.3726], [94.6426, 24.5264], [94.6996, 24.7715], [94.8022, 24.9653], [95.0074, 25.2046], [95.1157, 25.4326], [95.4006, 25.7346], [95.5773, 25.9569], [95.6399, 26.1164]]}}, {"type": "Feature", "properties": {}, "geometry": {"type": "LineString", "coordinates": [[96.1984, 25.0393], [96.3466, 25.33], [96.4036, 25.5124], [96.5518, 25.7517], [96.5746, 25.9113], [96.5062, 26.0651], [96.4435, 26.1905], [96.4435, 26.333], [96.3808, 26.4698], [96.2383, 26.5609], [96.1642, 26.6236]]}}, {"type": "Feature", "properties": {}, "geometry": {"type": "LineString", "coordinates": [[96.5356, 37.8787], [96.3843, 38.0174], [96.2581, 38.0868], [96.0753, 38.1498], [95.9428, 38.2003], [95.8356, 38.2444], [95.6969, 38.2823], [95.5456, 38.2823], [95.3879, 38.2823], [95.2429, 38.2633], [95.1231, 38.3264], [95.0033, 38.3958], [94.8961, 38.3958], [94.7321, 38.3831], [94.5808, 38.3768]]}}, {"type": "Feature", "properties": {}, "geometry": {"type": "LineString", "coordinates": [[95.3816, 37.4057], [95.6086, 37.2985], [95.7158, 37.1913], [95.9491, 37.0589], [96.1446, 37.0589], [96.3338, 37.0589], [96.5167, 37.0022], [96.7185, 36.9391], [97.0085, 36.7941]]}}, {"type": "Feature", "properties": {}, "geometry": {"type": "LineString", "coordinates": [[96.6869, 36.7815], [96.9455, 36.6869], [97.1157, 36.7058], [97.2986, 36.7058], [97.4563, 36.6616], [97.6454, 36.6616], [97.7778, 36.7121], [97.8724, 36.7121]]}}, {"type": "Feature", "properties": {}, "geometry": {"type": "LineString", "coordinates": [[94.6186, 38.2823], [94.8961, 38.1751], [95.1105, 38.0742], [95.2618, 37.9859], [95.3753, 37.9039], [95.4384, 37.7778], [95.5834, 37.6454], [95.823, 37.5508], [96.05, 37.5256]]}}, {"type": "Feature", "properties": {}, "geometry": {"type": "LineString", "coordinates": [[95.9807, 37.4499], [96.1762, 37.4247], [96.3212, 37.3679], [96.5293, 37.2355], [96.668, 37.2229]]}}, {"type": "Feature", "properties": {}, "geometry": {"type": "LineString", "coordinates": [[96.9329, 37.0715], [97.2292, 36.9454], [97.4752, 36.9391], [97.6202, 36.9139], [97.7968, 36.895], [97.9418, 36.8382], [98.0868, 36.8256], [98.3454, 36.8004]]}}, {"type": "Feature", "properties": {}, "geometry": {"type": "LineString", "coordinates": [[98.2949, 37.3616], [98.0742, 37.3994], [97.9166, 37.4373], [97.7715, 37.4373], [97.5508, 37.3931], [97.3427, 37.4373], [97.1788, 37.4373], [97.0148, 37.4877], [96.7941, 37.5003], [96.5734, 37.4814]]}}, {"type": "Feature", "properties": {}, "geometry": {"type": "LineString", "coordinates": [[97.4247, 37.2985], [97.6013, 37.2292], [97.8346, 37.1535], [97.9607, 37.0715], [98.131, 37.0274], [98.2949, 37.0274], [98.5409, 36.958], [98.7174, 36.8067]]}}, {"type": "Feature", "properties": {}, "geometry": {"type": "LineString", "coordinates": [[95.2366, 38.5849], [95.451, 38.5093], [95.6843, 38.4777], [95.8609, 38.3958], [96.1005, 38.3705], [96.5734, 38.3453], [96.7815, 38.3327]]}}, {"type": "Feature", "properties": {}, "geometry": {"type": "LineString", "coordinates": [[91.4444, 38.7174], [91.7534, 38.6543], [91.993, 38.6543], [92.1696, 38.648], [92.3966, 38.5975]]}}, {"type": "Feature", "properties": {}, "geometry": {"type": "LineString", "coordinates": [[92.7056, 38.4777], [92.8569, 38.3895], [92.9578, 38.276], [93.1785, 38.1814], [93.3299, 38.0994], [93.3992, 38.0489], [93.62, 37.8661]]}}, {"type": "Feature", "properties": {}, "geometry": {"type": "LineString", "coordinates": [[93.1407, 38.5849], [93.3677, 38.4967], [93.5443, 38.3201], [93.7208, 38.2003], [93.8848, 38.0742], [93.9731, 37.9859]]}}, {"type": "Feature", "properties": {}, "geometry": {"type": "LineString", "coordinates": [[91.8454, 37.7527], [92.1471, 37.6704], [92.4645, 37.6038], [92.6839, 37.5451]]}}, {"type": "Feature", "properties": {}, "geometry": {"type": "LineString", "coordinates": [[88.129, 36.8515], [88.3367, 36.806], [88.619, 36.7866], [88.8851, 36.7509], [89.0831, 36.6924], [89.2843, 36.5886], [89.4174, 36.5561]]}}, {"type": "Feature", "properties": {}, "geometry": {"type": "LineString", "coordinates": [[89.4012, 36.5886], [89.5277, 36.4912], [89.703, 36.4166], [89.9496, 36.3582]]}}, {"type": "Feature", "properties": {}, "geometry": {"type": "LineString", "coordinates": [[89.6478, 36.3711], [89.8198, 36.2576], [90.0113, 36.2348], [90.1671, 36.2283], [90.3391, 36.2121]]}}, {"type": "Feature", "properties": {}, "geometry": {"type": "LineString", "coordinates": [[89.7595, 36.8732], [89.9615, 36.777], [90.109, 36.7257], [90.3174, 36.6841], [90.4296, 36.6616]]}}, {"type": "Feature", "properties": {}, "geometry": {"type": "LineString", "coordinates": [[89.1696, 36.9021], [89.3748, 36.777], [89.5992, 36.6776], [89.7788, 36.5975], [89.9647, 36.5302], [90.1635, 36.4885], [90.3078, 36.4244], [90.4905, 36.4083], [90.6957, 36.3506]]}}, {"type": "Feature", "properties": {}, "geometry": {"type": "LineString", "coordinates": [[84.3745, 36.5853], [84.5227, 36.6382], [84.6043, 36.6413], [84.695, 36.6549], [84.813, 36.6957], [84.9113, 36.729], [85.0882, 36.7819], [85.2364, 36.8257], [85.3619, 36.862], [85.5494, 36.9134]]}}, {"type": "Feature", "properties": {}, "geometry": {"type": "LineString", "coordinates": [[86.5269, 37.6225], [86.7337, 37.6299], [87.0105, 37.604], [87.2025, 37.5745], [87.3686, 37.5634], [87.6123, 37.5819], [87.8153, 37.6373], [87.9224, 37.6483]]}}, {"type": "Feature", "properties": {}, "geometry": {"type": "LineString", "coordinates": [[97.6039, 27.6922], [97.7181, 27.5095], [97.9806, 27.3497], [98.2946, 27.1328], [98.3631, 26.8874], [98.3231, 26.5792], [98.2603, 26.4593], [98.2489, 26.2709], [98.1405, 25.9456], [98.0092, 25.7458], [97.798, 25.5175]]}}, {"type": "Feature", "properties": {}, "geometry": {"type": "LineString", "coordinates": [[97.9064, 25.5147], [97.9007, 25.2978], [97.9293, 25.1094], [97.9293, 24.8982], [97.9293, 24.7213]]}}, {"type": "Feature", "properties": {}, "geometry": {"type": "LineString", "coordinates": [[96.6564, 23.2258], [96.8962, 23.3742], [97.0275, 23.4199], [97.1245, 23.5112], [97.2272, 23.5797], [97.3928, 23.6368], [97.5754, 23.7338], [97.6953, 23.8708], [97.8494, 23.9621], [97.9122, 23.9907]]}}, {"type": "Feature", "properties": {}, "geometry": {"type": "LineString", "coordinates": [[99.2585, 25.4588], [99.3387, 25.2863], [99.4069, 25.2101], [99.6596, 25.0697], [99.9483, 24.8933], [100.2171, 24.789], [100.4577, 24.6767]]}}, {"type": "Feature", "properties": {}, "geometry": {"type": "LineString", "coordinates": [[97.9593, 24.0625], [98.0667, 24.0952], [98.2114, 24.1092], [98.3982, 24.1326], [98.5896, 24.1419], [98.7367, 24.1536], [98.8675, 24.1839], [99.0473, 24.261], [99.1733, 24.3404], [99.2574, 24.4384], [99.3484, 24.5342], [99.3368, 24.6556], [99.3648, 24.7513], [99.3975, 24.8634], [99.4325, 24.9287], [99.4558, 25.0315]]}}, {"type": "Feature", "properties": {}, "geometry": {"type": "LineString", "coordinates": [[96.645, 23.1645], [96.8463, 23.1587], [96.9835, 23.1558], [97.2141, 23.1704], [97.3425, 23.1879], [97.5263, 23.2054], [97.6752, 23.2287], [97.8357, 23.2754], [97.9787, 23.3309], [98.1859, 23.3513], [98.3844, 23.3922], [98.5595, 23.4038], [98.7579, 23.4826], [98.9826, 23.5527], [99.2074, 23.6782], [99.3942, 23.7978], [99.5663, 23.9175]]}}, {"type": "Feature", "properties": {}, "geometry": {"type": "LineString", "coordinates": [[99.2336, 23.185], [99.3154, 23.3601], [99.4438, 23.5264], [99.5576, 23.6723], [99.6714, 23.7978], [99.7327, 23.9087], [99.8407, 24.0313], [99.9662, 24.1743], [100.0479, 24.2765]]}}, {"type": "Feature", "properties": {}, "geometry": {"type": "LineString", "coordinates": [[99.5809, 23.9262], [99.686, 24.008], [99.7969, 24.0868], [99.8845, 24.2123], [100.0012, 24.3407]]}}, {"type": "Feature", "properties": {}, "geometry": {"type": "LineString", "coordinates": [[102.7656, 34.1526], [102.9952, 34.1318], [103.2374, 34.0566], [103.4211, 34.0023], [103.6674, 33.9439], [103.8636, 33.8479], [104.0473, 33.7435], [104.2227, 33.685], [104.469, 33.5556], [104.7445, 33.4596], [104.8865, 33.4471]]}}, {"type": "Feature", "properties": {}, "geometry": {"type": "LineString", "coordinates": [[104.924, 33.4763], [105.0702, 33.4554], [105.2455, 33.4304], [105.5545, 33.4137], [105.8884, 33.397], [106.2266, 33.3552], [106.3644, 33.3135], [106.5314, 33.2342], [106.6525, 33.2091]]}}, {"type": "Feature", "properties": {}, "geometry": {"type": "LineString", "coordinates": [[105.4142, 33.6349], [105.6396, 33.7059], [105.8108, 33.731], [106.0028, 33.7351], [106.2826, 33.7268], [106.4329, 33.7059], [106.6082, 33.7059]]}}, {"type": "Feature", "properties": {}, "geometry": {"type": "LineString", "coordinates": [[106.6416, 33.731], [106.7585, 33.7226], [106.8963, 33.6767]]}}, {"type": "Feature", "properties": {}, "geometry": {"type": "LineString", "coordinates": [[106.8963, 33.7184], [107.1301, 33.7226], [107.3722, 33.6809]]}}, {"type": "Feature", "properties": {}, "geometry": {"type": "LineString", "coordinates": [[108.6873, 33.7852], [108.9378, 33.8103], [109.205, 33.8186], [109.468, 33.7727]]}}, {"type": "Feature", "properties": {}, "geometry": {"type": "LineString", "coordinates": [[105.3079, 33.755], [105.5334, 33.8178], [105.6923, 33.8585], [105.914, 33.8843], [106.206, 33.9139]]}}, {"type": "Feature", "properties": {}, "geometry": {"type": "LineString", "coordinates": [[106.461, 33.9065], [106.7382, 33.9546], [107.0006, 33.9693], [107.1632, 33.9915], [107.226, 33.9878]]}}, {"type": "Feature", "properties": {}, "geometry": {"type": "LineString", "coordinates": [[107.2556, 34.0543], [107.3406, 34.0691], [107.5549, 34.0728], [107.6695, 34.0691]]}}, {"type": "Feature", "properties": {}, "geometry": {"type": "LineString", "coordinates": [[97.7242, 40.0252], [98.0299, 39.9918], [98.3022, 39.9631], [98.8659, 39.9201], [99.3245, 39.8867], [99.6493, 39.858], [99.9311, 39.8485], [100.2225, 39.8246], [100.3993, 39.8055], [100.6333, 39.8055]]}}, {"type": "Feature", "properties": {}, "geometry": {"type": "LineString", "coordinates": [[99.5585, 39.7673], [99.9359, 39.686], [100.1748, 39.581], [100.5044, 39.4902], [100.8722, 39.4663], [101.2448, 39.4759], [101.6747, 39.495], [102.076, 39.5475], [102.2814, 39.581]]}}, {"type": "Feature", "properties": {}, "geometry": {"type": "LineString", "coordinates": [[102.9071, 39.7195], [103.1794, 39.7864]]}}, {"type": "Feature", "properties": {}, "geometry": {"type": "LineString", "coordinates": [[94.4911, 24.6602], [94.3958, 24.4301], [94.2372, 24.2158], [94.1023, 23.8667], [94.0864, 23.6287], [94.0547, 23.5255]]}}, {"type": "Feature", "properties": {}, "geometry": {"type": "LineString", "coordinates": [[94.0309, 20.9865], [94.0705, 21.3277], [94.0626, 21.534], [93.9039, 21.7244], [93.888, 21.8831], [93.9039, 22.0576], [93.9436, 22.2957], [93.9594, 22.5654], [93.9674, 22.7321], [93.9039, 23.0336]]}}, {"type": "Feature", "properties": {}, "geometry": {"type": "LineString", "coordinates": [[112.5337, 38.5605], [112.9673, 38.7166], [113.3257, 38.8843], [113.7536, 39.0808]]}}, {"type": "Feature", "properties": {}, "geometry": {"type": "LineString", "coordinates": [[112.6031, 38.2252], [112.8806, 38.3929], [113.187, 38.4969], [113.4125, 38.6068]]}}, {"type": "Feature", "properties": {}, "geometry": {"type": "LineString", "coordinates": [[112.7534, 37.9593], [113.1754, 38.1327], [113.5512, 38.2541], [113.927, 38.4044]]}}, {"type": "Feature", "properties": {}, "geometry": {"type": "LineString", "coordinates": [[111.8226, 36.9823], [112.1868, 37.1557], [112.3487, 37.2829], [112.5395, 37.3638], [112.8459, 37.4679]]}}, {"type": "Feature", "properties": {}, "geometry": {"type": "LineString", "coordinates": [[108.7135, 40.7198], [108.991, 40.6909], [109.3668, 40.6678], [109.6732, 40.7083], [110.1299, 40.8123], [110.39, 40.8354], [110.6733, 40.8643], [111.0202, 40.8643], [111.3671, 40.8008], [111.5058, 40.7776]]}}, {"type": "Feature", "properties": {}, "geometry": {"type": "LineString", "coordinates": [[110.0085, 40.61], [110.5057, 40.6042], [110.76, 40.6273], [111.0202, 40.7083], [111.2514, 40.7372], [111.4133, 40.7661]]}}, {"type": "Feature", "properties": {}, "geometry": {"type": "LineString", "coordinates": [[111.5405, 40.8065], [111.6908, 40.899], [111.951, 40.98], [112.136, 41.032], [112.373, 41.2054], [112.5638, 41.2979], [112.8702, 41.3962], [113.3153, 41.4887]]}}, {"type": "Feature", "properties": {}, "geometry": {"type": "LineString", "coordinates": [[113.4402, 40.3209], [113.6657, 40.4076], [113.8391, 40.4597], [113.9316, 40.4943]]}}, {"type": "Feature", "properties": {}, "geometry": {"type": "LineString", "coordinates": [[112.0123, 38.7195], [112.2377, 38.9276], [112.4458, 39.0953], [112.758, 39.2456], [113.0991, 39.3959], [113.3246, 39.4537], [113.5269, 39.5983], [113.7235, 39.7254], [113.8391, 39.7833], [113.9721, 39.8179]]}}, {"type": "Feature", "properties": {}, "geometry": {"type": "LineString", "coordinates": [[112.7812, 39.5173], [113.0876, 39.6792], [113.4633, 39.8642], [113.7582, 39.9683]]}}, {"type": "Feature", "properties": {}, "geometry": {"type": "LineString", "coordinates": [[98.6721, 35.0744], [98.128, 35.2288], [97.7383, 35.3391], [97.3634, 35.464], [97.2237, 35.4861]]}}, {"type": "Feature", "properties": {}, "geometry": {"type": "LineString", "coordinates": [[73.3683, 39.3155], [73.7593, 39.3267], [73.9659, 39.2932], [74.2117, 39.2429], [74.3625, 39.2261], [74.53, 39.1982], [74.6138, 39.1647]]}}, {"type": "Feature", "properties": {}, "geometry": {"type": "LineString", "coordinates": [[75.1553, 37.8687], [75.1978, 37.9924], [75.2191, 38.0291], [75.2113, 38.0697], [75.1592, 38.118], [75.0838, 38.145], [75.0007, 38.1682], [74.9524, 38.2126], [74.9389, 38.2667], [74.9602, 38.3286], [75.0201, 38.3904], [75.0432, 38.4232], [75.051, 38.4735], [75.0085, 38.6165], [74.9814, 38.6822], [74.9949, 38.7343], [75.0239, 38.7884], [75.0065, 38.8367], [74.964, 38.8908], [74.8539, 38.9179], [74.7843, 38.9198], [74.7012, 38.9411], [74.651, 38.9681], [74.6046, 39.0126], [74.5718, 39.0821], [74.5776, 39.1285], [74.6143, 39.1613]]}}, {"type": "Feature", "properties": {}, "geometry": {"type": "LineString", "coordinates": [[75.1393, 37.8265], [75.2073, 37.6906], [75.3016, 37.4604], [75.3809, 37.3095]]}}, {"type": "Feature", "properties": {}, "geometry": {"type": "LineString", "coordinates": [[81.4596, 30.5473], [81.4825, 30.5607], [81.5082, 30.5854], [81.5443, 30.6111], [81.5729, 30.633], [81.5837, 30.6541], [81.6134, 30.6999], [81.6134, 30.7303], [81.645, 30.7571]]}}, {"type": "Feature", "properties": {}, "geometry": {"type": "LineString", "coordinates": [[75.6015, 39.5856], [75.7142, 39.5918], [75.8289, 39.5815], [75.9251, 39.5897], [75.9292, 39.5897], [75.9374, 39.5836], [75.9415, 39.5877], [75.9538, 39.6122], [75.9681, 39.6081], [76.0603, 39.6143], [76.1565, 39.6266], [76.2077, 39.6368]]}}, {"type": "Feature", "properties": {}, "geometry": {"type": "LineString", "coordinates": [[75.4541, 39.6696], [75.5995, 39.6798], [75.6896, 39.688]]}}, {"type": "Feature", "properties": {}, "geometry": {"type": "LineString", "coordinates": [[75.7572, 39.7269], [75.9538, 39.7228], [75.9927, 39.7269]]}}, {"type": "Feature", "properties": {}, "geometry": {"type": "LineString", "coordinates": [[75.835, 39.6716], [76.0664, 39.6901], [76.1668, 39.7454], [76.2569, 39.7945], [76.3552, 39.8334], [76.4821, 39.8805], [76.5599, 39.903], [76.6664, 39.903]]}}, {"type": "Feature", "properties": {}, "geometry": {"type": "LineString", "coordinates": [[76.0398, 39.8355], [76.2057, 39.8969], [76.3388, 39.9706], [76.4289, 40.0054], [76.5231, 40.0116], [76.5722, 39.985]]}}, {"type": "Feature", "properties": {}, "geometry": {"type": "LineString", "coordinates": [[76.7053, 39.989], [76.9306, 39.989], [77.033, 39.9911], [77.1292, 39.9706], [77.2091, 39.9706]]}}, {"type": "Feature", "properties": {}, "geometry": {"type": "LineString", "coordinates": [[76.6992, 39.9583], [76.8487, 39.9297], [76.9941, 39.8826], [77.1333, 39.8641], [77.334, 39.8641], [77.4078, 39.8682], [77.6586, 39.901], [77.7651, 39.9399]]}}, {"type": "Feature", "properties": {}, "geometry": {"type": "LineString", "coordinates": [[77.6402, 39.9317], [77.761, 39.9604], [77.8798, 39.9645], [78.0068, 39.9604], [78.0559, 39.9604]]}}, {"type": "Feature", "properties": {}, "geometry": {"type": "LineString", "coordinates": [[78.1071, 39.946], [78.2791, 39.9788], [78.3631, 40.0136], [78.4184, 40.0484], [78.4839, 40.0587], [78.5802, 40.1037], [78.617, 40.1467], [78.744, 40.1938], [78.7767, 40.2225], [78.8157, 40.2368], [78.8628, 40.2614], [79.001, 40.3536], [79.0911, 40.4293], [79.1648, 40.4682], [79.2652, 40.4805]]}}, {"type": "Feature", "properties": {}, "geometry": {"type": "LineString", "coordinates": [[77.7928, 40.0955], [77.8972, 40.0771], [77.9914, 40.0914], [78.0344, 40.1426]]}}, {"type": "Feature", "properties": {}, "geometry": {"type": "LineString", "coordinates": [[78.0323, 40.0894], [78.1696, 40.073], [78.2597, 40.0792], [78.3375, 40.071]]}}, {"type": "Feature", "properties": {}, "geometry": {"type": "LineString", "coordinates": [[78.0242, 40.1979], [78.0774, 40.243], [78.1102, 40.2143], [78.2085, 40.2348], [78.2801, 40.2757], [78.3293, 40.286]]}}, {"type": "Feature", "properties": {}, "geometry": {"type": "LineString", "coordinates": [[77.7231, 40.1652], [77.8399, 40.1918], [77.93, 40.2409], [77.9914, 40.2594], [78.059, 40.286], [78.1225, 40.286]]}}, {"type": "Feature", "properties": {}, "geometry": {"type": "LineString", "coordinates": [[77.6699, 40.2757], [77.7395, 40.3351], [77.7784, 40.3228], [77.8439, 40.3228], [77.9054, 40.3433], [77.9607, 40.3536], [78.0057, 40.3556], [78.0815, 40.3269], [78.1225, 40.3351], [78.1573, 40.3679]]}}, {"type": "Feature", "properties": {}, "geometry": {"type": "LineString", "coordinates": [[78.1204, 40.3106], [78.2023, 40.3249], [78.2392, 40.3638], [78.3068, 40.329], [78.3969, 40.3044], [78.4931, 40.2983], [78.5341, 40.3351], [78.6017, 40.3351], [78.6795, 40.3515], [78.7061, 40.4007], [78.7532, 40.415], [78.7982, 40.4211], [78.8249, 40.4744], [78.9006, 40.5358], [78.9355, 40.5911], [79.0256, 40.7099], [79.1034, 40.7427], [79.1382, 40.7918], [79.1382, 40.8389], [79.2058, 40.8061], [79.2877, 40.8061], [79.3471, 40.7816], [79.4474, 40.7508], [79.5539, 40.759], [79.6092, 40.7857], [79.6788, 40.7775], [79.7382, 40.7939], [79.7812, 40.843], [79.8304, 40.8471], [79.8467, 40.8471]]}}, {"type": "Feature", "properties": {}, "geometry": {"type": "LineString", "coordinates": [[79.1812, 40.6792], [79.2549, 40.7427], [79.2713, 40.7672]]}}, {"type": "Feature", "properties": {}, "geometry": {"type": "LineString", "coordinates": [[79.3102, 40.7468], [79.4208, 40.7242], [79.5273, 40.7037], [79.5805, 40.7037]]}}, {"type": "Feature", "properties": {}, "geometry": {"type": "LineString", "coordinates": [[79.3204, 40.6853], [79.4474, 40.6505], [79.5334, 40.6526]]}}, {"type": "Feature", "properties": {}, "geometry": {"type": "LineString", "coordinates": [[78.5812, 40.5072], [78.7511, 40.5502], [78.8413, 40.6034], [78.9334, 40.6976], [78.9989, 40.7508], [79.0542, 40.7816], [79.0788, 40.8266], [79.0706, 40.927], [79.0993, 40.9474], [79.1955, 40.9003], [79.2877, 40.9106], [79.3286, 40.9454], [79.3839, 40.9474], [79.4413, 40.9372]]}}, {"type": "Feature", "properties": {}, "geometry": {"type": "LineString", "coordinates": [[77.6371, 40.4089], [77.7436, 40.4457], [77.8173, 40.4539], [77.8829, 40.4887], [77.9504, 40.5297], [77.9689, 40.544]]}}, {"type": "Feature", "properties": {}, "geometry": {"type": "LineString", "coordinates": [[77.1978, 39.9563], [77.2675, 39.9727], [77.3125, 39.9706], [77.3863, 40.0116], [77.46, 40.0157], [77.5808, 40.0361], [77.6566, 40.0443], [77.6689, 40.0751], [77.677, 40.1344]]}}, {"type": "Feature", "properties": {}, "geometry": {"type": "LineString", "coordinates": [[77.5214, 39.9419], [77.6238, 39.9727], [77.6996, 40.0013], [77.716, 40.0054], [77.6914, 40.1119]]}}, {"type": "Feature", "properties": {}, "geometry": {"type": "LineString", "coordinates": [[77.374, 40.1303], [77.5624, 40.1897], [77.6279, 40.2205], [77.6504, 40.2471], [77.6566, 40.2512]]}}, {"type": "Feature", "properties": {}, "geometry": {"type": "LineString", "coordinates": [[77.5828, 40.1754], [77.6361, 40.1938], [77.6668, 40.2307]]}}, {"type": "Feature", "properties": {}, "geometry": {"type": "LineString", "coordinates": [[76.6204, 40.0361], [76.7719, 40.0402], [76.8804, 40.0402], [76.9808, 40.0587]]}}, {"type": "Feature", "properties": {}, "geometry": {"type": "LineString", "coordinates": [[76.9808, 40.0587], [77.0238, 40.0628]]}}, {"type": "Feature", "properties": {}, "geometry": {"type": "LineString", "coordinates": [[75.0855, 39.4709], [75.1674, 39.4935], [75.235, 39.518], [75.3005, 39.4914], [75.3947, 39.4402], [75.4992, 39.3788], [75.5524, 39.3788], [75.6609, 39.4095]]}}, {"type": "Feature", "properties": {}, "geometry": {"type": "LineString", "coordinates": [[75.2002, 39.5672], [75.4152, 39.5139], [75.4766, 39.5365], [75.5155, 39.559], [75.6077, 39.5385]]}}, {"type": "Feature", "properties": {}, "geometry": {"type": "LineString", "coordinates": [[79.8387, 40.9288], [79.9715, 41.0538], [80.0575, 41.1866]]}}, {"type": "Feature", "properties": {}, "geometry": {"type": "LineString", "coordinates": [[72.3197, 45.2609], [73.1126, 44.7404], [73.7052, 44.38], [74.3539, 43.9635], [74.8665, 43.5791], [75.1468, 43.3388]]}}, {"type": "Feature", "properties": {}, "geometry": {"type": "LineString", "coordinates": [[74.6278, 43.8065], [74.968, 43.6509], [75.2141, 43.6002], [75.4529, 43.5713]]}}, {"type": "Feature", "properties": {}, "geometry": {"type": "LineString", "coordinates": [[74.7255, 43.213], [74.8703, 43.213], [74.9969, 43.213], [75.1236, 43.2238]]}}, {"type": "Feature", "properties": {}, "geometry": {"type": "LineString", "coordinates": [[77.6736, 43.9874], [77.9197, 43.9802], [78.1043, 44.0236], [78.202, 44.096], [78.3576, 44.1829], [78.5856, 44.1756]]}}, {"type": "Feature", "properties": {}, "geometry": {"type": "LineString", "coordinates": [[76.7797, 44.2516], [76.957, 44.3421], [77.1814, 44.3711], [77.3044, 44.3711], [77.5288, 44.3457], [77.6881, 44.3457], [77.8835, 44.3493]]}}, {"type": "Feature", "properties": {}, "geometry": {"type": "LineString", "coordinates": [[78.2736, 42.5507], [78.4148, 42.5977], [78.527, 42.6339], [78.6681, 42.6592], [78.7767, 42.7027], [78.8816, 42.7027], [79.0155, 42.6954]]}}, {"type": "Feature", "properties": {}, "geometry": {"type": "LineString", "coordinates": [[78.1759, 42.6882], [78.375, 42.6846], [78.5414, 42.7027], [78.6826, 42.7135]]}}, {"type": "Feature", "properties": {}, "geometry": {"type": "LineString", "coordinates": [[78.0891, 42.348], [77.8936, 42.3299], [77.7597, 42.2901], [77.6512, 42.2105], [77.5426, 42.1707], [77.4376, 42.1671], [77.2856, 42.1743], [77.1191, 42.1851], [77.0142, 42.1815], [76.931, 42.1851], [76.8332, 42.2032], [76.7319, 42.272], [76.6233, 42.2792], [76.5148, 42.2792], [76.4424, 42.3082], [76.3555, 42.3227], [76.2795, 42.3227], [76.142, 42.3154]]}}, {"type": "Feature", "properties": {}, "geometry": {"type": "LineString", "coordinates": [[79.2833, 43.7413], [79.1024, 43.6255], [78.9395, 43.5495], [78.7803, 43.5495], [78.6174, 43.5314]]}}, {"type": "Feature", "properties": {}, "geometry": {"type": "LineString", "coordinates": [[78.3641, 43.4663], [78.1325, 43.4916], [77.9552, 43.4916], [77.7887, 43.4808], [77.6692, 43.4265], [77.5317, 43.4048], [77.4159, 43.3975], [77.235, 43.4012]]}}, {"type": "Feature", "properties": {}, "geometry": {"type": "LineString", "coordinates": [[77.2531, 43.2926], [77.0866, 43.3034], [76.9708, 43.2817], [76.8948, 43.1985], [76.8151, 43.1876], [76.6414, 43.1623], [76.5111, 43.1623], [76.3953, 43.1659], [76.218, 43.137], [76.1203, 43.1116], [75.9936, 43.1008]]}}, {"type": "Feature", "properties": {}, "geometry": {"type": "LineString", "coordinates": [[79.0336, 43.3613], [78.831, 43.3432], [78.6609, 43.2998], [78.527, 43.2998], [78.3822, 43.2998], [78.2628, 43.3071], [78.1651, 43.2564], [78.0782, 43.2274]]}}, {"type": "Feature", "properties": {}, "geometry": {"type": "LineString", "coordinates": [[77.5498, 42.833], [77.8285, 42.7461], [78.0167, 42.7425], [78.1361, 42.7714], [78.2302, 42.8076], [78.3243, 42.7968], [78.451, 42.8149], [78.5053, 42.8221], [78.7477, 42.7678], [78.8816, 42.7425]]}}, {"type": "Feature", "properties": {}, "geometry": {"type": "LineString", "coordinates": [[76.3628, 42.6122], [76.5473, 42.6194], [76.6487, 42.6556], [76.7753, 42.6484], [76.8731, 42.6592], [77.0214, 42.6773], [77.2169, 42.6773], [77.3906, 42.7244], [77.5462, 42.7751]]}}, {"type": "Feature", "properties": {}, "geometry": {"type": "LineString", "coordinates": [[75.943, 42.5036], [76.1673, 42.5434], [76.2759, 42.6013], [76.3483, 42.6592], [76.3591, 42.6629], [76.3772, 42.6882], [76.3881, 42.6882]]}}, {"type": "Feature", "properties": {}, "geometry": {"type": "LineString", "coordinates": [[82.4261, 43.3324], [82.2018, 43.3288], [82.0534, 43.3396], [81.9122, 43.4084], [81.7711, 43.4192], [81.5938, 43.4482], [81.42, 43.4229], [81.3151, 43.3975], [81.1812, 43.3867], [80.993, 43.3903], [80.8374, 43.412]]}}, {"type": "Feature", "properties": {}, "geometry": {"type": "LineString", "coordinates": [[80.6781, 43.4772], [80.5261, 43.5025], [80.3488, 43.4735], [80.2221, 43.4229], [80.1534, 43.4229], [80.0593, 43.4627], [79.9471, 43.4663], [79.5671, 43.3758], [79.3898, 43.3034], [79.2414, 43.2202], [79.093, 43.1732]]}}, {"type": "Feature", "properties": {}, "geometry": {"type": "LineString", "coordinates": [[80.736, 44.201], [80.8663, 44.0888], [80.993, 43.9947], [81.1341, 43.973], [81.2644, 44.0055], [81.3223, 44.0453], [81.4273, 44.0273], [81.525, 44.02], [81.6227, 43.9911], [81.7602, 43.897], [81.9448, 43.8644], [82.0787, 43.8572]]}}, {"type": "Feature", "properties": {}, "geometry": {"type": "LineString", "coordinates": [[78.4958, 44.2299], [78.6985, 44.3638], [78.8143, 44.3964], [78.9374, 44.4], [79.0423, 44.429], [79.1617, 44.429], [79.2703, 44.4362], [79.3753, 44.4471], [79.4802, 44.4471], [79.6358, 44.4507]]}}, {"type": "Feature", "properties": {}, "geometry": {"type": "LineString", "coordinates": [[81.922, 43.1587], [82.0704, 43.1478], [82.1826, 43.1695], [82.2984, 43.1695], [82.3997, 43.1695], [82.5626, 43.1876], [82.6422, 43.1985]]}}, {"type": "Feature", "properties": {}, "geometry": {"type": "LineString", "coordinates": [[81.6832, 43.1587], [81.5384, 43.1261], [81.4226, 43.108], [81.3104, 43.0863]]}}, {"type": "Feature", "properties": {}, "geometry": {"type": "LineString", "coordinates": [[82.4721, 43.3867], [82.6893, 43.336], [82.8847, 43.3034], [82.9752, 43.3107], [83.0548, 43.3179], [83.1453, 43.3252], [83.2683, 43.3577], [83.3588, 43.3686], [83.4637, 43.3541], [83.5976, 43.3396], [83.6917, 43.3577], [83.8039, 43.3577], [83.9523, 43.3071]]}}, {"type": "Feature", "properties": {}, "geometry": {"type": "LineString", "coordinates": [[81.8967, 43.8101], [82.1102, 43.6509], [82.2731, 43.6183], [82.407, 43.6183], [82.5481, 43.6183], [82.8195, 43.5893], [83.0186, 43.5893], [83.1561, 43.5676], [83.2828, 43.5604], [83.6736, 43.5061], [83.8293, 43.4663], [83.9704, 43.4229], [84.1152, 43.3577]]}}, {"type": "Feature", "properties": {}, "geometry": {"type": "LineString", "coordinates": [[79.6557, 46.6756], [80.0444, 46.5272], [80.3342, 46.3717], [80.5887, 46.2374], [81.0976, 45.9971], [81.3662, 45.884], [81.7197, 45.785], [82.0872, 45.5376], [82.3912, 45.2619], [82.7729, 44.8308], [83.0344, 44.5622]]}}, {"type": "Feature", "properties": {}, "geometry": {"type": "LineString", "coordinates": [[82.7022, 45.5023], [82.9637, 45.5164], [83.1616, 45.5659], [83.409, 45.6861], [83.5716, 45.8345]]}}, {"type": "Feature", "properties": {}, "geometry": {"type": "LineString", "coordinates": [[82.2427, 46.1384], [82.37, 46.1455], [82.4548, 46.2374], [82.5608, 46.2869], [82.6739, 46.2869]]}}, {"type": "Feature", "properties": {}, "geometry": {"type": "LineString", "coordinates": [[79.3829, 41.5751], [79.6175, 41.6469], [79.9012, 41.6621], [80.0828, 41.6621], [80.287, 41.6659], [80.48, 41.7075], [80.6388, 41.7453], [80.8582, 41.7793], [81.0928, 41.821], [81.4332, 41.9761], [81.577, 42.0404], [81.7056, 42.1047], [81.8758, 42.1047], [81.9893, 42.1047], [82.2011, 42.1463], [82.3146, 42.2106], [82.3979, 42.2938], [82.534, 42.3392], [82.6437, 42.29], [82.8972, 42.3241], [82.9993, 42.2938], [83.1506, 42.2825]]}}, {"type": "Feature", "properties": {}, "geometry": {"type": "LineString", "coordinates": [[80.9225, 41.7491], [81.316, 41.6621], [81.6262, 41.6659], [81.8077, 41.7302], [81.9666, 41.7642], [82.1671, 41.7793], [82.3298, 41.8437], [82.5454, 41.9117]]}}, {"type": "Feature", "properties": {}, "geometry": {"type": "LineString", "coordinates": [[80.0348, 42.8524], [80.3608, 42.877], [80.533, 42.9631], [80.6868, 43.0523], [80.8375, 43.1415], [80.9205, 43.2122]]}}, {"type": "Feature", "properties": {}, "geometry": {"type": "LineString", "coordinates": [[79.0937, 42.6371], [79.3275, 42.7632], [79.6196, 42.9078], [79.8841, 43.0093], [80.0994, 43.1046], [80.3485, 43.2153], [80.5115, 43.2891]]}}, {"type": "Feature", "properties": {}, "geometry": {"type": "LineString", "coordinates": [[79.0292, 42.8063], [79.2906, 42.8986], [79.6565, 43.0246]]}}, {"type": "Feature", "properties": {}, "geometry": {"type": "LineString", "coordinates": [[83.1508, 42.9387], [83.5323, 43.0183], [83.8425, 43.0686], [83.897, 43.098]]}}, {"type": "Feature", "properties": {}, "geometry": {"type": "LineString", "coordinates": [[83.9515, 43.0812], [84.3079, 43.1105], [84.7732, 43.1147], [84.9745, 43.1399], [85.5405, 43.1609]]}}, {"type": "Feature", "properties": {}, "geometry": {"type": "LineString", "coordinates": [[86.5957, 42.6158], [86.9814, 42.5488], [87.388, 42.5236], [87.6983, 42.5027], [88.0546, 42.4733], [88.3104, 42.4356]]}}, {"type": "Feature", "properties": {}, "geometry": {"type": "LineString", "coordinates": [[87.4157, 41.1422], [87.6002, 41.1296], [87.7218, 41.1338], [87.814, 41.1296], [87.9314, 41.1003], [88.0446, 41.0626], [88.229, 41.1254], [88.359, 41.1338]]}}, {"type": "Feature", "properties": {}, "geometry": {"type": "LineString", "coordinates": [[87.6798, 42.8695], [87.9565, 42.8276], [88.1368, 42.8359], [88.2877, 42.903], [88.4638, 42.9575], [88.598, 42.9743]]}}, {"type": "Feature", "properties": {}, "geometry": {"type": "LineString", "coordinates": [[92.9457, 43.5261], [92.0799, 43.4713], [91.2799, 43.3945], [90.5346, 43.3178], [90.1511, 43.2411]]}}, {"type": "Feature", "properties": {}, "geometry": {"type": "LineString", "coordinates": [[87.7838, 43.7343], [88.2222, 43.8329], [88.4962, 43.822], [88.9674, 43.5699], [89.2853, 43.5261], [89.6579, 43.4493], [89.9538, 43.4493], [90.2935, 43.548], [90.5894, 43.4822], [90.7429, 43.4713]]}}, {"type": "Feature", "properties": {}, "geometry": {"type": "LineString", "coordinates": [[92.9937, 43.4822], [93.2778, 43.4186], [93.5578, 43.3083], [93.8844, 43.2277]]}}, {"type": "Feature", "properties": {}, "geometry": {"type": "LineString", "coordinates": [[93.2524, 43.8937], [93.5917, 43.7961], [93.8844, 43.6731], [94.1983, 43.5034]]}}, {"type": "Feature", "properties": {}, "geometry": {"type": "LineString", "coordinates": [[94.0795, 43.1853], [94.3807, 43.0623], [94.6055, 43.0029], [94.8133, 42.986]]}}, {"type": "Feature", "properties": {}, "geometry": {"type": "LineString", "coordinates": [[93.7062, 43.0708], [93.8505, 42.969], [94.0201, 42.8842], [94.1983, 42.8714], [94.3595, 42.8842], [94.4655, 42.8969], [94.6309, 42.8969], [94.7879, 42.8969], [94.9533, 42.8969]]}}, {"type": "Feature", "properties": {}, "geometry": {"type": "LineString", "coordinates": [[94.6309, 42.6254], [94.8685, 42.6806], [95.0508, 42.7442]]}}, {"type": "Feature", "properties": {}, "geometry": {"type": "LineString", "coordinates": [[94.44, 43.6052], [94.1559, 43.6519], [93.9395, 43.7495], [93.8038, 43.864], [93.6723, 43.9488], [93.5705, 43.9488], [93.3584, 43.9234]]}}, {"type": "Feature", "properties": {}, "geometry": {"type": "LineString", "coordinates": [[92.1708, 43.7961], [92.5907, 43.847], [93.1039, 43.9022], [93.2694, 43.9106]]}}, {"type": "Feature", "properties": {}, "geometry": {"type": "LineString", "coordinates": [[95.4114, 43.3126], [95.1314, 43.3804], [94.9321, 43.4822], [94.7667, 43.5289], [94.5843, 43.5374], [94.5334, 43.5374]]}}, {"type": "Feature", "properties": {}, "geometry": {"type": "LineString", "coordinates": [[92.544, 45.0007], [92.7901, 45.005], [93.1421, 44.9456], [93.4178, 44.9201], [93.5917, 44.8735], [93.7699, 44.8735], [93.9098, 44.8777], [94.105, 44.8396], [94.3382, 44.8989], [94.474, 44.9074]]}}, {"type": "Feature", "properties": {}, "geometry": {"type": "LineString", "coordinates": [[91.0531, 45.2446], [91.5876, 45.1131], [92.0669, 45.0071]]}}, {"type": "Feature", "properties": {}, "geometry": {"type": "LineString", "coordinates": [[90.5823, 45.2446], [90.718, 45.1556], [90.9386, 45.0665], [91.1125, 45.0325], [91.3415, 44.9944]]}}, {"type": "Feature", "properties": {}, "geometry": {"type": "LineString", "coordinates": [[90.9176, 43.6651], [90.7395, 43.7115], [90.5899, 43.7791], [90.3868, 43.8468], [90.198, 43.829], [89.9415, 43.7079], [89.7064, 43.6758], [89.457, 43.6758], [89.2824, 43.7079], [89.1043, 43.7613], [88.9475, 43.829]]}}, {"type": "Feature", "properties": {}, "geometry": {"type": "LineString", "coordinates": [[89.432, 43.7685], [89.2183, 43.8718], [88.9297, 44.0107], [88.716, 44.0926], [88.431, 44.114], [88.203, 44.114], [87.9144, 44.1354], [87.6259, 44.1069]]}}, {"type": "Feature", "properties": {}, "geometry": {"type": "LineString", "coordinates": [[88.6376, 42.9883], [88.7587, 43.0025], [88.8015, 43.0132], [88.8692, 42.9954], [89.0722, 42.9384], [89.1649, 42.9313]]}}, {"type": "Feature", "properties": {}, "geometry": {"type": "LineString", "coordinates": [[84.1236, 43.0132], [84.2946, 43.0061], [84.4549, 42.9598], [84.5938, 42.942], [84.7292, 42.9242], [84.804, 42.9242], [84.8931, 42.8885], [85.0676, 42.8244]]}}, {"type": "Feature", "properties": {}, "geometry": {"type": "LineString", "coordinates": [[84.6829, 44.2921], [84.8931, 44.2886], [85.1068, 44.2886], [85.3135, 44.2921], [85.5415, 44.3278]]}}, {"type": "Feature", "properties": {}, "geometry": {"type": "LineString", "coordinates": [[85.741, 44.1995], [85.9583, 44.1746], [86.058, 44.1746], [86.1364, 44.1425], [86.2076, 44.1176], [86.3644, 44.0855], [86.4713, 44.0748], [86.5924, 44.0748], [86.7242, 44.0713]]}}, {"type": "Feature", "properties": {}, "geometry": {"type": "LineString", "coordinates": [[83.0869, 44.5308], [83.2045, 44.4667], [83.347, 44.4275], [83.4717, 44.4275], [83.5857, 44.4061], [83.6498, 44.3705]]}}, {"type": "Feature", "properties": {}, "geometry": {"type": "LineString", "coordinates": [[84.7648, 44.139], [84.9501, 44.1461], [85.0605, 44.1496], [85.146, 44.1496], [85.285, 44.1496], [85.4417, 44.1496], [85.5521, 44.1496], [85.7125, 44.1176]]}}, {"type": "Feature", "properties": {}, "geometry": {"type": "LineString", "coordinates": [[83.835, 45.3399], [84.1442, 45.5586], [84.4128, 45.6929], [84.7001, 45.849], [84.9468, 45.9584], [85.2248, 46.102], [85.6683, 46.2707], [85.9744, 46.3394]]}}, {"type": "Feature", "properties": {}, "geometry": {"type": "LineString", "coordinates": [[85.0031, 46.1895], [84.7251, 46.0802], [84.2722, 45.9271], [83.9942, 45.8397]]}}, {"type": "Feature", "properties": {}, "geometry": {"type": "LineString", "coordinates": [[79.7921, 49.2442], [80.7357, 48.8248], [81.4697, 48.434], [81.9081, 48.0432], [82.4895, 47.662], [82.9661, 47.3856], [83.2425, 47.2426]]}}, {"type": "Feature", "properties": {}, "geometry": {"type": "LineString", "coordinates": [[78.6674, 49.1203], [79.2012, 48.8343], [79.7445, 48.4722], [80.4498, 47.986], [80.9073, 47.5667], [81.0884, 47.4237]]}}, {"type": "Feature", "properties": {}, "geometry": {"type": "LineString", "coordinates": [[82.5364, 46.9734], [82.7629, 47.0004], [83.013, 46.9666], [83.2056, 46.9328], [83.3949, 46.8821], [83.5436, 46.8821], [83.6585, 46.8889], [83.7836, 46.8889], [83.9526, 46.8585], [84.0844, 46.8585], [84.1959, 46.8652], [84.2399, 46.872]]}}, {"type": "Feature", "properties": {}, "geometry": {"type": "LineString", "coordinates": [[83.0062, 45.7718], [83.111, 45.8293], [83.1515, 45.907], [83.2191, 45.9746], [83.3374, 46.0355], [83.4186, 46.1098], [83.5402, 46.1436]]}}, {"type": "Feature", "properties": {}, "geometry": {"type": "LineString", "coordinates": [[82.4789, 45.6907], [82.7122, 45.7211], [82.844, 45.7685], [82.9521, 45.7955], [82.9961, 45.8124]]}}, {"type": "Feature", "properties": {}, "geometry": {"type": "LineString", "coordinates": [[77.3305, 46.3248], [77.7534, 45.9741], [78.1454, 45.5409], [78.4239, 45.3655], [78.692, 45.2005], [78.9809, 45.1489], [79.1356, 45.1076]]}}, {"type": "Feature", "properties": {}, "geometry": {"type": "LineString", "coordinates": [[71.5282, 33.1927], [71.5647, 32.937], [71.6378, 32.7214], [71.7036, 32.6374], [71.8314, 32.4986], [72.0214, 32.4109], [72.1822, 32.4036], [72.332, 32.5059], [72.4562, 32.5461], [72.5767, 32.5972], [72.7192, 32.6447], [72.774, 32.6666], [72.9713, 32.6484], [73.1357, 32.7178], [73.238, 32.7287], [73.3659, 32.6849], [73.4061, 32.6849]]}}, {"type": "Feature", "properties": {}, "geometry": {"type": "LineString", "coordinates": [[73.0833, 32.8455], [73.1553, 32.9072], [73.2118, 32.9843], [73.258, 33.0408], [73.3556, 33.0408], [73.443, 33.1795]]}}, {"type": "Feature", "properties": {}, "geometry": {"type": "LineString", "coordinates": [[73.3402, 32.7993], [73.4121, 32.8712], [73.4738, 32.8712], [73.6074, 33.0151]]}}, {"type": "Feature", "properties": {}, "geometry": {"type": "LineString", "coordinates": [[73.6433, 32.7736], [73.7821, 32.825], [73.854, 32.8455]]}}, {"type": "Feature", "properties": {}, "geometry": {"type": "LineString", "coordinates": [[75.7806, 31.9464], [75.9348, 31.7718], [76.0324, 31.6176], [76.1352, 31.4789], [76.2174, 31.3196], [76.2944, 31.2374], [76.5051, 31.0268], [76.7106, 30.9497]]}}, {"type": "Feature", "properties": {}, "geometry": {"type": "LineString", "coordinates": [[73.8026, 33.1487], [73.9465, 33.0202], [74.116, 32.9483], [74.2599, 32.9072], [74.4037, 32.9072], [74.6298, 32.9021], [74.748, 32.9894], [74.7942, 32.974], [74.7942, 32.8353], [74.9226, 32.676], [75.0665, 32.5732], [75.236, 32.527], [75.4621, 32.4654], [75.6522, 32.342], [75.6779, 32.2136], [75.7909, 32.1057], [75.8629, 31.967], [75.9656, 31.8334]]}}, {"type": "Feature", "properties": {}, "geometry": {"type": "LineString", "coordinates": [[75.7175, 31.9413], [75.7945, 31.8385], [75.9384, 31.6741], [76.036, 31.5046], [76.1336, 31.3453], [76.2158, 31.2323], [76.3186, 31.1347], [76.447, 31.0114], [76.5857, 30.9189], [76.7039, 30.8983], [76.8118, 30.7493], [76.9505, 30.6774], [77.1509, 30.6003], [77.2177, 30.5233], [77.2125, 30.4565], [77.4129, 30.4102], [77.5311, 30.3075], [77.6493, 30.3075], [77.8702, 30.1739], [77.9729, 30.0968], [78.0706, 30.0044], [78.235, 29.8554], [78.3788, 29.804], [78.533, 29.7834]]}}, {"type": "Feature", "properties": {}, "geometry": {"type": "LineString", "coordinates": [[78.5073, 29.7475], [78.5535, 29.6242], [78.7179, 29.5522], [78.9851, 29.4341], [79.1187, 29.3827], [79.2214, 29.3262], [79.3755, 29.3108], [79.4012, 29.3108]]}}, {"type": "Feature", "properties": {}, "geometry": {"type": "LineString", "coordinates": [[79.4398, 29.2671], [79.599, 29.2054], [79.7532, 29.0975], [79.9073, 29.0719], [80.0923, 29.0924], [80.1385, 29.113]]}}, {"type": "Feature", "properties": {}, "geometry": {"type": "LineString", "coordinates": [[80.1591, 29.0513], [80.2772, 28.9999], [80.4108, 28.9999], [80.4776, 28.9383], [80.606, 28.892], [80.8064, 28.8509], [81.0016, 28.7944], [81.1969, 28.6608], [81.3767, 28.5684], [81.3613, 28.4707], [81.4743, 28.3885], [81.5668, 28.3217], [81.6747, 28.3166], [81.8648, 28.1727], [82.0498, 28.07], [82.1679, 28.034]]}}, {"type": "Feature", "properties": {}, "geometry": {"type": "LineString", "coordinates": [[81.798, 28.1008], [81.9316, 27.9364], [82.1011, 27.921], [82.2347, 27.8131], [82.358, 27.7309], [82.507, 27.6898], [82.7433, 27.736], [82.9694, 27.7669], [83.1492, 27.7669], [83.4883, 27.6744], [83.7041, 27.6179], [83.8608, 27.5074], [83.9893, 27.4303], [84.1434, 27.4252], [84.2461, 27.3584], [84.4106, 27.3481], [84.5852, 27.343], [84.7085, 27.343]]}}, {"type": "Feature", "properties": {}, "geometry": {"type": "LineString", "coordinates": [[84.5596, 27.3892], [84.7496, 27.3687], [84.9552, 27.2762], [85.099, 27.2762], [85.3251, 27.1889], [85.6077, 27.1118], [85.7412, 27.1067], [85.9724, 27.0193], [86.1574, 26.9628]]}}, {"type": "Feature", "properties": {}, "geometry": {"type": "LineString", "coordinates": [[86.0598, 26.9166], [86.1728, 26.8652], [86.2961, 26.8652], [86.4143, 26.86], [86.553, 26.8241]]}}, {"type": "Feature", "properties": {}, "geometry": {"type": "LineString", "coordinates": [[86.5325, 26.6956], [86.7893, 26.67], [86.9024, 26.6751], [86.9794, 26.7727]]}}, {"type": "Feature", "properties": {}, "geometry": {"type": "LineString", "coordinates": [[87.0334, 26.8035], [87.2338, 26.8035], [87.4958, 26.7419], [87.6705, 26.7419], [87.7989, 26.6905], [87.9993, 26.7162], [88.1894, 26.7778], [88.4514, 26.86], [88.6569, 26.9011], [88.7854, 26.9166], [88.96, 26.9217], [89.0474, 26.8755], [89.1964, 26.7419], [89.2991, 26.7676]]}}, {"type": "Feature", "properties": {}, "geometry": {"type": "LineString", "coordinates": [[89.3762, 26.86], [89.5458, 26.7419], [89.7564, 26.6854], [89.967, 26.7162], [90.1366, 26.7933], [90.2753, 26.8703]]}}, {"type": "Feature", "properties": {}, "geometry": {"type": "LineString", "coordinates": [[90.3961, 26.896], [90.545, 26.8138], [90.843, 26.7984], [91.0845, 26.8241], [91.29, 26.783], [91.5777, 26.783], [91.7627, 26.8292], [91.999, 26.8652], [92.3484, 26.9268], [92.5334, 26.932], [92.6875, 26.9166], [92.8416, 26.9166]]}}, {"type": "Feature", "properties": {}, "geometry": {"type": "LineString", "coordinates": [[92.7697, 26.9936], [93.0266, 26.9063], [93.3349, 26.9525], [93.6637, 27.009], [93.8281, 27.1375], [93.9668, 27.3019], [94.085, 27.3892], [94.2288, 27.5074]]}}, {"type": "Feature", "properties": {}, "geometry": {"type": "LineString", "coordinates": [[94.2725, 27.5639], [94.6167, 27.641], [94.925, 27.7694], [95.2127, 27.8876], [95.2846, 27.9647]]}}, {"type": "Feature", "properties": {}, "geometry": {"type": "LineString", "coordinates": [[95.1562, 27.9801], [95.3103, 28.0469], [95.336, 28.0726]]}}, {"type": "Feature", "properties": {}, "geometry": {"type": "LineString", "coordinates": [[95.3, 28.1239], [95.4696, 28.1805], [95.6391, 28.3038], [95.7213, 28.2832], [95.8498, 28.0571], [96.0604, 28.0315], [96.1683, 27.9904], [96.2968, 27.8414], [96.2711, 27.6513]]}}, {"type": "Feature", "properties": {}, "geometry": {"type": "LineString", "coordinates": [[96.2043, 27.4971], [95.9114, 27.3738], [95.6494, 27.307], [95.4388, 27.1837]]}}, {"type": "Feature", "properties": {}, "geometry": {"type": "LineString", "coordinates": [[95.5929, 27.3995], [95.3874, 27.2762], [95.2692, 27.1118], [95.0843, 27.009]]}}, {"type": "Feature", "properties": {}, "geometry": {"type": "LineString", "coordinates": [[94.9353, 26.9834], [94.7811, 26.8446], [94.6835, 26.7778], [94.5808, 26.7008]]}}, {"type": "Feature", "properties": {}, "geometry": {"type": "LineString", "coordinates": [[94.3496, 26.6443], [94.1749, 26.5158], [94.1184, 26.3463], [94.0207, 26.1819], [93.9231, 26.0072], [93.9642, 25.9455]]}}, {"type": "Feature", "properties": {}, "geometry": {"type": "LineString", "coordinates": [[75.9867, 31.9038], [76.1707, 31.7644], [76.3045, 31.5693], [76.4104, 31.4411], [76.5219, 31.2961], [76.7394, 31.2069]]}}, {"type": "Feature", "properties": {}, "geometry": {"type": "LineString", "coordinates": [[77.5728, 30.4292], [77.7735, 30.3232], [77.9018, 30.3121], [77.9798, 30.2229], [78.0467, 30.0835]]}}, {"type": "Feature", "properties": {}, "geometry": {"type": "LineString", "coordinates": [[82.1807, 27.9956], [82.3759, 27.9008], [82.5208, 27.8506], [82.7104, 27.8506]]}}, {"type": "Feature", "properties": {}, "geometry": {"type": "LineString", "coordinates": [[83.8867, 27.6165], [84.1711, 27.6053], [84.3327, 27.6276], [84.4721, 27.6332], [84.6115, 27.6053], [84.7342, 27.5552]]}}, {"type": "Feature", "properties": {}, "geometry": {"type": "LineString", "coordinates": [[84.3383, 27.5161], [84.6003, 27.466], [84.7509, 27.466], [84.8512, 27.4325], [84.9739, 27.3935], [85.1523, 27.3935]]}}, {"type": "Feature", "properties": {}, "geometry": {"type": "LineString", "coordinates": [[83.0588, 27.9287], [83.4045, 27.8506], [83.6498, 27.7949], [83.923, 27.7782], [84.1348, 27.7782], [84.4024, 27.8228]]}}, {"type": "Feature", "properties": {}, "geometry": {"type": "LineString", "coordinates": [[95.9337, 27.7768], [96.0101, 27.6713], [96.0793, 27.6385], [96.1703, 27.6021], [96.2795, 27.573], [96.3341, 27.573]]}}, {"type": "Feature", "properties": {}, "geometry": {"type": "LineString", "coordinates": [[73.1209, 38.5168], [73.2475, 38.6735], [73.3138, 38.8121], [73.374, 38.9205], [73.4042, 39.0471]]}}, {"type": "Feature", "properties": {}, "geometry": {"type": "LineString", "coordinates": [[73.4162, 38.806], [73.5006, 38.8663], [73.5187, 38.9567], [73.5548, 39.0049]]}}, {"type": "Feature", "properties": {}, "geometry": {"type": "LineString", "coordinates": [[73.6211, 38.9326], [73.6211, 39.0592], [73.6151, 39.1435], [73.5548, 39.1978], [73.5006, 39.1978]]}}, {"type": "Feature", "properties": {}, "geometry": {"type": "LineString", "coordinates": [[73.4182, 39.4768], [73.6426, 39.4732], [73.8812, 39.4946], [74.0273, 39.5373], [74.1626, 39.6121], [74.2623, 39.6656], [74.4048, 39.6905], [74.4938, 39.6905]]}}, {"type": "Feature", "properties": {}, "geometry": {"type": "LineString", "coordinates": [[73.1724, 39.3735], [72.9552, 39.3735], [72.7949, 39.3735], [72.6702, 39.3771], [72.5313, 39.3771], [72.3817, 39.3771], [72.1823, 39.3592], [71.9721, 39.3272], [71.8012, 39.2916], [71.6765, 39.2132], [71.591, 39.2097]]}}, {"type": "Feature", "properties": {}, "geometry": {"type": "LineString", "coordinates": [[73.0961, 40.876], [73.1555, 40.9678], [73.2176, 41.019], [73.2823, 41.0676], [73.3471, 41.127]]}}, {"type": "Feature", "properties": {}, "geometry": {"type": "LineString", "coordinates": [[73.0448, 40.9516], [73.1069, 41.0217], [73.1906, 41.0649], [73.2661, 41.1]]}}, {"type": "Feature", "properties": {}, "geometry": {"type": "LineString", "coordinates": [[72.2232, 41.0867], [72.4086, 41.0439], [72.5394, 41.0534], [72.6511, 41.0915], [72.7486, 41.1129], [72.827, 41.1295], [72.9078, 41.1913], [72.9744, 41.2579], [73.0172, 41.2816]]}}, {"type": "Feature", "properties": {}, "geometry": {"type": "LineString", "coordinates": [[71.5033, 42.9152], [71.7745, 42.8355], [72.0616, 42.7929], [72.1786, 42.7929], [72.4285, 42.7451], [72.5295, 42.7079], [72.6358, 42.7079], [72.7741, 42.6653], [72.923, 42.5643], [73.1091, 42.5643], [73.2845, 42.5537]]}}, {"type": "Feature", "properties": {}, "geometry": {"type": "LineString", "coordinates": [[75.7357, 42.7717], [75.4167, 42.6972], [75.2519, 42.6972], [75.0605, 42.7132], [74.784, 42.777], [74.5926, 42.8142], [74.3533, 42.8142], [74.1512, 42.7717], [73.9917, 42.7185], [73.8003, 42.7079], [73.6461, 42.7132], [73.46, 42.7929], [73.2952, 42.7983], [73.0931, 42.7983], [72.9602, 42.7983], [72.5029, 42.8408]]}}, {"type": "Feature", "properties": {}, "geometry": {"type": "LineString", "coordinates": [[74.877, 43.096], [75.1003, 43.096], [75.2545, 43.1279], [75.3822, 43.1386], [75.5098, 43.1226], [75.7437, 43.0375], [75.8235, 43.0322]]}}, {"type": "Feature", "properties": {}, "geometry": {"type": "LineString", "coordinates": [[75.3077, 42.894], [75.4566, 42.9099], [75.6002, 42.9152], [75.7012, 42.9631], [75.7809, 42.9631]]}}, {"type": "Feature", "properties": {}, "geometry": {"type": "LineString", "coordinates": [[74.5658, 44.1162], [74.8973, 44.0418], [75.0801, 44.0333], [75.2757, 43.9652], [75.3947, 43.9057], [75.5945, 43.8377]]}}, {"type": "Feature", "properties": {}, "geometry": {"type": "LineString", "coordinates": [[79.0071, 44.1404], [79.2276, 44.2053], [79.3573, 44.2312], [79.526, 44.2831], [79.6168, 44.3545], [79.6946, 44.3739]]}}, {"type": "Feature", "properties": {}, "geometry": {"type": "LineString", "coordinates": [[78.8708, 44.6204], [78.6633, 44.6075], [78.4946, 44.5815], [78.3325, 44.575], [78.1898, 44.575], [78.0211, 44.5621], [77.8979, 44.4907], [77.7552, 44.4518]]}}, {"type": "Feature", "properties": {}, "geometry": {"type": "LineString", "coordinates": [[78.0406, 45.0031], [78.1508, 45.068], [78.2676, 45.1004], [78.3389, 45.1004]]}}, {"type": "Feature", "properties": {}, "geometry": {"type": "LineString", "coordinates": [[78.7022, 45.3729], [78.9941, 45.3729], [79.2276, 45.3729], [79.3638, 45.3858], [79.539, 45.3858], [79.7271, 45.3599], [79.8827, 45.3599], [80.0319, 45.3599]]}}, {"type": "Feature", "properties": {}, "geometry": {"type": "LineString", "coordinates": [[80.5314, 45.9177], [80.7519, 45.9437], [80.94, 45.9372], [81.1217, 45.8983]]}}, {"type": "Feature", "properties": {}, "geometry": {"type": "LineString", "coordinates": [[77.9952, 45.2042], [78.2157, 45.2042], [78.3519, 45.1458]]}}, {"type": "Feature", "properties": {}, "geometry": {"type": "LineString", "coordinates": [[80.2781, 45.7711], [80.3884, 45.8184], [80.5027, 45.8303], [80.5855, 45.8303]]}}, {"type": "Feature", "properties": {}, "geometry": {"type": "LineString", "coordinates": [[80.2741, 45.6884], [80.3569, 45.7711], [80.4593, 45.783], [80.55, 45.783]]}}, {"type": "Feature", "properties": {}, "geometry": {"type": "LineString", "coordinates": [[80.0652, 45.4637], [80.1677, 45.5071], [80.3293, 45.4677], [80.4042, 45.4913], [80.4475, 45.515]]}}, {"type": "Feature", "properties": {}, "geometry": {"type": "LineString", "coordinates": [[81.3855, 44.5613], [81.6141, 44.514], [81.7402, 44.514], [81.8742, 44.5573], [81.9806, 44.577], [82.0949, 44.577], [82.2801, 44.5218], [82.3628, 44.4667]]}}, {"type": "Feature", "properties": {}, "geometry": {"type": "LineString", "coordinates": [[82.85, 47.0933], [83.047, 47.0973], [83.2559, 47.0933], [83.4175, 47.0342], [83.5948, 47.0027], [83.7406, 46.983], [83.9653, 46.9791], [84.1702, 46.9791], [84.3239, 46.983]]}}, {"type": "Feature", "properties": {}, "geometry": {"type": "LineString", "coordinates": [[81.3011, 47.3692], [81.6401, 47.314], [81.8411, 47.3101], [82.0342, 47.2313], [82.1879, 47.2313], [82.3731, 47.2116], [82.5583, 47.1722], [82.6726, 47.1682], [82.7357, 47.1682]]}}, {"type": "Feature", "properties": {}, "geometry": {"type": "LineString", "coordinates": [[83.9121, 47.4993], [84.1288, 47.4323], [84.314, 47.4047], [84.4874, 47.3456], [84.8027, 47.2352], [85.0707, 47.1722], [85.1298, 47.1564]]}}, {"type": "Feature", "properties": {}, "geometry": {"type": "LineString", "coordinates": [[84.8027, 47.117], [85.0668, 47.0264], [85.2756, 47.0066], [85.4136, 47.0066], [85.4924, 46.9791], [85.6697, 46.9791], [85.788, 46.9869], [85.9574, 46.9869], [86.2412, 46.9594], [86.4107, 46.9869], [86.5368, 47.0421], [86.7181, 47.1564], [86.8205, 47.2392], [86.8915, 47.247]]}}, {"type": "Feature", "properties": {}, "geometry": {"type": "LineString", "coordinates": [[85.5988, 48.0116], [86.1939, 47.85], [86.6235, 47.7239], [87.0885, 47.5072], [87.6127, 47.3613]]}}, {"type": "Feature", "properties": {}, "geometry": {"type": "LineString", "coordinates": [[85.6579, 46.4746], [85.8471, 46.4667], [86.0244, 46.4588]]}}, {"type": "Feature", "properties": {}, "geometry": {"type": "LineString", "coordinates": [[86.5171, 46.8687], [86.6471, 46.8687], [86.7141, 46.9199], [86.8166, 46.9278], [86.9309, 46.9278], [87.0688, 46.9751], [87.1516, 46.9909], [87.2383, 46.9869], [87.2974, 46.9515]]}}, {"type": "Feature", "properties": {}, "geometry": {"type": "LineString", "coordinates": [[82.6096, 45.3705], [82.8704, 45.3254], [83.0409, 45.215], [83.2014, 45.1097], [83.3819, 45.1097], [83.5374, 45.1248], [83.6627, 45.2752], [83.7881, 45.3304]]}}, {"type": "Feature", "properties": {}, "geometry": {"type": "LineString", "coordinates": [[79.341, 48.0158], [79.5444, 48.0179], [79.725, 48.0034], [79.835, 48.0096], [79.8972, 48.0241], [79.9782, 48.0304], [80.0425, 48.049]]}}, {"type": "Feature", "properties": {}, "geometry": {"type": "LineString", "coordinates": [[78.7599, 48.5118], [78.9675, 48.4973], [79.1522, 48.433], [79.3203, 48.3728], [79.4448, 48.3022], [79.5839, 48.2628], [79.7831, 48.2254], [79.9491, 48.213], [80.0446, 48.2005]]}}, {"type": "Feature", "properties": {}, "geometry": {"type": "LineString", "coordinates": [[82.2198, 46.4492], [82.3718, 46.4999], [82.4984, 46.5962], [82.62, 46.6367]]}}, {"type": "Feature", "properties": {}, "geometry": {"type": "LineString", "coordinates": [[95.827, 43.3186], [96.427, 43.334], [97.1578, 43.3416], [97.7347, 43.4032], [98.3885, 43.4263], [99.0962, 43.4878], [99.5193, 43.5109], [99.8732, 43.5263]]}}, {"type": "Feature", "properties": {}, "geometry": {"type": "LineString", "coordinates": [[100.1347, 43.6186], [100.727, 43.6417], [101.427, 43.657], [102.0732, 43.657], [102.5578, 43.657]]}}, {"type": "Feature", "properties": {}, "geometry": {"type": "LineString", "coordinates": [[101.5193, 43.7493], [101.1501, 43.734], [100.8424, 43.7801], [100.6424, 43.834], [100.3962, 43.834], [100.1962, 43.734], [100.1347, 43.7109]]}}, {"type": "Feature", "properties": {}, "geometry": {"type": "LineString", "coordinates": [[96.427, 45.2878], [97.2962, 44.9801], [98.1424, 44.734], [98.6347, 44.6109], [99.2039, 44.4647], [99.9962, 44.1955], [100.3655, 44.0955]]}}, {"type": "Feature", "properties": {}, "geometry": {"type": "LineString", "coordinates": [[97.1347, 44.7417], [97.6039, 44.634], [98.0885, 44.4032], [99.0424, 44.034]]}}, {"type": "Feature", "properties": {}, "geometry": {"type": "LineString", "coordinates": [[95.5516, 44.4724], [95.8208, 44.3417], [96.0901, 44.2878], [96.3747, 44.2493], [96.5978, 44.2493]]}}, {"type": "Feature", "properties": {}, "geometry": {"type": "LineString", "coordinates": [[101.8286, 44.634], [102.1439, 44.5724], [102.4286, 44.5032], [102.7824, 44.5032]]}}, {"type": "Feature", "properties": {}, "geometry": {"type": "LineString", "coordinates": [[96.2439, 46.2801], [96.7131, 46.2109], [97.3516, 45.9801], [97.7208, 45.8494]]}}, {"type": "Feature", "properties": {}, "geometry": {"type": "LineString", "coordinates": [[96.5274, 44.7259], [97.3207, 44.3614], [97.8567, 44.0398], [98.5106, 43.7289]]}}, {"type": "Feature", "properties": {}, "geometry": {"type": "LineString", "coordinates": [[99.9685, 45.2942], [99.5873, 45.435], [99.405, 45.4889], [99.1895, 45.4931], [99.0113, 45.4723], [98.829, 45.4226]]}}, {"type": "Feature", "properties": {}, "geometry": {"type": "LineString", "coordinates": [[97.9009, 45.5469], [98.5514, 45.3936], [99.1398, 45.1906], [99.5873, 45.0414], [99.9685, 44.9378], [100.6646, 44.7265]]}}, {"type": "Feature", "properties": {}, "geometry": {"type": "LineString", "coordinates": [[98.8539, 45.4806], [98.626, 45.5718], [98.4271, 45.5842], [98.1288, 45.5759]]}}, {"type": "Feature", "properties": {}, "geometry": {"type": "LineString", "coordinates": [[99.8624, 45.1284], [100.7657, 44.9751], [101.3499, 44.9005], [101.756, 44.7555]]}}, {"type": "Feature", "properties": {}, "geometry": {"type": "LineString", "coordinates": [[96.7921, 45.5966], [97.2396, 45.4599], [97.7534, 45.2942], [98.1429, 45.145], [98.5614, 44.9585]]}}, {"type": "Feature", "properties": {}, "geometry": {"type": "LineString", "coordinates": [[97.8388, 45.3301], [98.3243, 45.3058], [98.7047, 45.2491], [98.9394, 45.2006]]}}, {"type": "Feature", "properties": {}, "geometry": {"type": "LineString", "coordinates": [[95.1682, 45.7752], [95.5971, 45.7833], [95.8561, 45.8318]]}}, {"type": "Feature", "properties": {}, "geometry": {"type": "LineString", "coordinates": [[99.7964, 45.411], [100.023, 45.3786], [100.2091, 45.3786], [100.46, 45.2491]]}}, {"type": "Feature", "properties": {}, "geometry": {"type": "LineString", "coordinates": [[99.0762, 44.9092], [99.3351, 44.9335], [99.5374, 44.9335]]}}, {"type": "Feature", "properties": {}, "geometry": {"type": "LineString", "coordinates": [[73.0102, 39.5081], [72.8107, 39.5201], [72.6431, 39.5041], [72.3917, 39.4762], [72.1922, 39.4762], [72.0166, 39.4762], [71.8451, 39.4762], [71.6934, 39.4044], [71.5737, 39.3166], [71.442, 39.2567], [71.2266, 39.2049], [70.9193, 39.149], [70.7118, 39.0812], [70.4484, 39.0572], [70.2809, 39.0014], [70.1013, 38.8896], [69.9816, 38.8338], [69.8499, 38.7819], [69.6703, 38.6023], [69.5267, 38.4347]]}}, {"type": "Feature", "properties": {}, "geometry": {"type": "LineString", "coordinates": [[74.3819, 39.5177], [74.2117, 39.4609], [74.0612, 39.419], [73.9231, 39.3647], [73.7775, 39.3647], [73.4741, 39.3327], [73.336, 39.3351], [73.257, 39.4215], [73.2003, 39.5029], [73.1164, 39.5152], [73.0227, 39.5152]]}}, {"type": "Feature", "properties": {}, "geometry": {"type": "LineString", "coordinates": [[77.2199, 37.6029], [77.3542, 37.5414], [77.5318, 37.4754], [77.7708, 37.4208], [77.9598, 37.3662], [78.1646, 37.3001], [78.349, 37.2569]]}}, {"type": "Feature", "properties": {}, "geometry": {"type": "LineString", "coordinates": [[79.3944, 37.0768], [79.3375, 37.0943], [79.289, 37.114], [79.2381, 37.1353], [79.2032, 37.1466], [79.16, 37.1512], [79.1198, 37.1618], [79.0803, 37.1762]]}}, {"type": "Feature", "properties": {}, "geometry": {"type": "LineString", "coordinates": [[76.8393, 38.5385], [76.6682, 38.6066]]}}, {"type": "Feature", "properties": {}, "geometry": {"type": "LineString", "coordinates": [[76.8923, 36.4331], [77.2163, 36.4611], [77.5347, 36.4555], [77.9313, 36.3773], [78.4173, 36.2656], [78.8194, 36.2153], [79.1881, 36.1594], [79.6406, 36.0812], [80.1154, 35.9807], [80.6572, 35.9192], [80.8694, 35.8745], [81.1711, 35.8969], [81.5677, 35.9416], [81.847, 36.0421], [82.0927, 36.1147], [82.2938, 36.1427], [82.6011, 36.1706], [82.8915, 36.2153], [82.9976, 36.2376]]}}, {"type": "Feature", "properties": {}, "geometry": {"type": "LineString", "coordinates": [[82.9842, 36.2376], [83.1853, 36.3382], [83.4311, 36.4722], [83.6545, 36.651], [83.8668, 36.7403], [84.1628, 36.8353], [84.4645, 36.9247], [84.6321, 37.0141], [84.8834, 37.1034], [85.2577, 37.2151], [85.6599, 37.3827], [86.0006, 37.5168], [86.4251, 37.6732], [86.9055, 37.7793]]}}, {"type": "Feature", "properties": {}, "geometry": {"type": "LineString", "coordinates": [[90.3177, 38.5619], [90.3696, 38.5771], [90.4587, 38.6122], [90.5334, 38.6609], [90.5875, 38.6876], [90.6721, 38.715], [90.7194, 38.725]]}}, {"type": "Feature", "properties": {}, "geometry": {"type": "LineString", "coordinates": [[86.9163, 37.7801], [87.1365, 37.8232], [87.2275, 37.8471], [87.3472, 37.8471], [87.4501, 37.8807], [87.6608, 37.9333], [87.8619, 37.998], [88.0677, 38.0554], [88.3239, 38.1416], [88.5585, 38.199], [88.7213, 38.2206], [88.8769, 38.235], [89.1175, 38.2541], [89.2946, 38.2541], [89.455, 38.278], [89.6777, 38.3259], [89.8931, 38.3906], [90.1564, 38.5031], [90.257, 38.551], [90.3563, 38.5605], [90.4952, 38.5725], [90.5957, 38.5845], [90.725, 38.6204], [90.8662, 38.673], [91.0123, 38.709]]}}, {"type": "Feature", "properties": {}, "geometry": {"type": "LineString", "coordinates": [[90.0836, 37.8281], [90.0457, 37.8436], [90.0238, 37.8442], [90.0041, 37.8506], [89.9811, 37.8575], [89.9646, 37.8575], [89.9331, 37.8623], [89.9149, 37.8703], [89.8899, 37.8741], [89.853, 37.8724], [89.8215, 37.8863], [89.7932, 37.9007], [89.7676, 37.913], [89.735, 37.9221], [89.7019, 37.9312]]}}, {"type": "Feature", "properties": {}, "geometry": {"type": "LineString", "coordinates": [[91.0756, 38.5741], [91.1897, 38.5334], [91.2809, 38.4682], [91.3738, 38.39], [91.4715, 38.3607], [91.535, 38.3216], [91.6458, 38.2646], [91.7256, 38.1945], [91.825, 38.1261], [91.9097, 38.1]]}}, {"type": "Feature", "properties": {}, "geometry": {"type": "LineString", "coordinates": [[93.2205, 37.8101], [93.0967, 37.8736], [92.9419, 37.8932], [92.8067, 37.9208], [92.6845, 37.9518], [92.5754, 37.9942], [92.4956, 38.0365]]}}, {"type": "Feature", "properties": {}, "geometry": {"type": "LineString", "coordinates": [[91.5995, 38.3607], [91.8765, 38.2858], [92.0361, 38.2239], [92.1779, 38.1994], [92.2903, 38.1587]]}}, {"type": "Feature", "properties": {}, "geometry": {"type": "LineString", "coordinates": [[92.1714, 38.39], [92.2968, 38.3444], [92.3669, 38.2858], [92.4206, 38.2287], [92.5037, 38.1864], [92.5786, 38.1701], [92.7073, 38.1098]]}}, {"type": "Feature", "properties": {}, "geometry": {"type": "LineString", "coordinates": [[93.3145, 37.2117], [93.114, 37.3072], [93.0377, 37.3422], [92.9359, 37.3454]]}}, {"type": "Feature", "properties": {}, "geometry": {"type": "LineString", "coordinates": [[92.8896, 37.5519], [92.7565, 37.6051], [92.6851, 37.6499], [92.6207, 37.6905], [92.5325, 37.7073], [92.4372, 37.7101], [92.3728, 37.7115], [92.2201, 37.7732], [92.1543, 37.8138], [92.0759, 37.8404], [91.982, 37.8698], [91.9288, 37.9076], [91.8364, 37.9468], [91.807, 37.9524]]}}, {"type": "Feature", "properties": {}, "geometry": {"type": "LineString", "coordinates": [[92.2832, 37.9636], [92.4092, 37.916], [92.5997, 37.839], [92.6291, 37.8208]]}}, {"type": "Feature", "properties": {}, "geometry": {"type": "LineString", "coordinates": [[93.4342, 38.8107], [93.5304, 38.6729], [93.6311, 38.5131], [93.7296, 38.4584], [93.8193, 38.4562], [93.8959, 38.4562], [93.9616, 38.454], [94.0009, 38.454]]}}, {"type": "Feature", "properties": {}, "geometry": {"type": "LineString", "coordinates": [[93.9548, 38.7675], [93.9102, 38.7969], [93.8665, 38.807], [93.829, 38.807], [93.7905, 38.807], [93.7469, 38.8192], [93.7073, 38.8445], [93.6667, 38.8537], [93.6241, 38.8587], [93.5805, 38.8587], [93.5653, 38.8587]]}}, {"type": "Feature", "properties": {}, "geometry": {"type": "LineString", "coordinates": [[92.7187, 39.229], [92.9337, 39.2594], [93.0848, 39.2797], [93.2177, 39.2959], [93.3354, 39.3192], [93.4216, 39.3365], [93.525, 39.3486]]}}, {"type": "Feature", "properties": {}, "geometry": {"type": "LineString", "coordinates": [[94.1775, 39.398], [94.0925, 39.4056], [94.0266, 39.4132], [93.9683, 39.4233], [93.915, 39.4284], [93.8618, 39.4436], [93.8225, 39.4677], [93.7756, 39.4892], [93.6868, 39.5222], [93.6424, 39.54], [93.593, 39.5374], [93.5473, 39.5349], [93.5156, 39.5577], [93.4928, 39.5628], [93.4485, 39.5602], [93.4003, 39.5552]]}}, {"type": "Feature", "properties": {}, "geometry": {"type": "LineString", "coordinates": [[94.2506, 38.5799], [94.2006, 38.6225], [94.14, 38.6399], [94.0858, 38.6562], [94.0316, 38.6593], [93.99, 38.6567], [93.9579, 38.6567], [93.9342, 38.6657], [93.9074, 38.6672], [93.8742, 38.672], [93.8374, 38.6872], [93.8147, 38.7004], [93.7884, 38.7083], [93.7563, 38.7083], [93.7321, 38.7083], [93.7163, 38.7109]]}}, {"type": "Feature", "properties": {}, "geometry": {"type": "LineString", "coordinates": [[92.6718, 38.8213], [92.6559, 38.8487], [92.6457, 38.8767], [92.6291, 38.9041], [92.6145, 38.9201], [92.5877, 38.95], [92.575, 38.9691], [92.5463, 38.9883], [92.4838, 38.9921], [92.4494, 38.9921], [92.4335, 38.9921]]}}, {"type": "Feature", "properties": {}, "geometry": {"type": "LineString", "coordinates": [[90.7088, 39.5768], [90.6393, 39.5652], [90.5977, 39.556], [90.5429, 39.556], [90.5066, 39.5691], [90.4727, 39.5729], [90.4449, 39.5729], [90.404, 39.5722], [90.3685, 39.5768], [90.3207, 39.5783], [90.2713, 39.5783], [90.2158, 39.5783], [90.1741, 39.5698], [90.1409, 39.5652], [90.1132, 39.5845], [90.0892, 39.603], [90.036, 39.6084], [89.9774, 39.61], [89.9326, 39.6038]]}}, {"type": "Feature", "properties": {}, "geometry": {"type": "LineString", "coordinates": [[90.3278, 39.698], [90.8698, 39.9348], [91.3329, 40.0716], [91.7117, 40.1558], [92.3116, 40.3558], [92.7484, 40.5137], [93.343, 40.6452]]}}, {"type": "Feature", "properties": {}, "geometry": {"type": "LineString", "coordinates": [[72.4003, 39.5834], [72.6185, 39.6502], [72.8277, 39.7125], [72.9568, 39.7125], [73.1927, 39.7125], [73.402, 39.7125], [73.5177, 39.7125], [73.6646, 39.6991], [73.7937, 39.6858], [73.9139, 39.6947], [74.0697, 39.757], [74.1988, 39.8015], [74.3457, 39.8015]]}}, {"type": "Feature", "properties": {}, "geometry": {"type": "LineString", "coordinates": [[83.7001, 36.8066], [83.6095, 36.7875], [83.4664, 36.77], [83.3451, 36.7488], [83.2083, 36.7144], [83.1066, 36.6911], [83.0801, 36.6863], [82.8864, 36.6428], [82.773, 36.6264], [82.7306, 36.619]]}}, {"type": "Feature", "properties": {}, "geometry": {"type": "LineString", "coordinates": [[79.753, 37.0309], [79.5022, 37.169], [79.3697, 37.2141], [79.2063, 37.2535], [78.9836, 37.3014], [78.7554, 37.3071], [78.5806, 37.3719], [78.4679, 37.4508], [78.389, 37.5241], [78.1945, 37.6819], [77.9381, 37.7439], [77.6929, 37.7523], [77.4956, 37.758], [77.335, 37.7693], [77.2081, 37.8313], [77.1151, 37.9271], [76.9207, 38.2258], [76.9066, 38.3724], [76.8389, 38.5302]]}}, {"type": "Feature", "properties": {}, "geometry": {"type": "LineString", "coordinates": [[82.616, 36.5815], [82.5542, 36.5893], [82.5216, 36.5927], [82.4868, 36.5927], [82.4554, 36.5904], [82.4217, 36.5904], [82.379, 36.5904], [82.3385, 36.5916], [82.3116, 36.5916], [82.2206, 36.5815], [82.1453, 36.5567]]}}, {"type": "Feature", "properties": {}, "geometry": {"type": "LineString", "coordinates": [[84.4496, 37.0344], [84.3708, 37.04], [84.3293, 37.0387], [84.2927, 37.0263], [84.2487, 36.999], [84.2165, 36.9829], [84.1371, 36.9575], [84.0986, 36.9519], [84.0652, 36.9377], [84.0292, 36.937]]}}, {"type": "Feature", "properties": {}, "geometry": {"type": "LineString", "coordinates": [[84.4381, 37.0142], [84.4809, 37.0477], [84.5274, 37.08], [84.5919, 37.119], [84.6601, 37.1637], [84.6936, 37.1885], [84.7376, 37.2133], [84.7736, 37.2381]]}}, {"type": "Feature", "properties": {}, "geometry": {"type": "LineString", "coordinates": [[84.6551, 37.1252], [84.7178, 37.1661], [84.781, 37.2071], [84.8504, 37.2517], [84.8945, 37.2777]]}}, {"type": "Feature", "properties": {}, "geometry": {"type": "LineString", "coordinates": [[85.4438, 37.3643], [85.3607, 37.3305], [85.2861, 37.2962], [85.2282, 37.2625]]}}, {"type": "Feature", "properties": {}, "geometry": {"type": "LineString", "coordinates": [[85.4633, 37.3723], [85.5479, 37.4131], [85.6109, 37.4429], [85.6407, 37.4565]]}}, {"type": "Feature", "properties": {}, "geometry": {"type": "LineString", "coordinates": [[85.6175, 37.4383], [85.6895, 37.46], [85.7298, 37.4741]]}}, {"type": "Feature", "properties": {}, "geometry": {"type": "LineString", "coordinates": [[83.1644, 36.1479], [83.4274, 36.235], [83.5873, 36.2883], [83.7597, 36.3238], [84.0209, 36.3363], [84.2465, 36.3256], [84.4065, 36.3416], [84.5593, 36.3469], [84.689, 36.3665], [84.9697, 36.4073]]}}, {"type": "Feature", "properties": {}, "geometry": {"type": "LineString", "coordinates": [[88.7563, 38.7275], [88.7464, 38.6887], [88.7517, 38.6518], [88.7372, 38.6137], [88.7194, 38.5821], [88.705, 38.5564], [88.6997, 38.5222], [88.6997, 38.5051]]}}, {"type": "Feature", "properties": {}, "geometry": {"type": "LineString", "coordinates": [[88.6076, 38.5854], [88.6537, 38.6248], [88.676, 38.6643], [88.6938, 38.7097]]}}, {"type": "Feature", "properties": {}, "geometry": {"type": "LineString", "coordinates": [[88.6476, 38.0852], [88.8069, 38.115], [88.886, 38.1304], [89.0114, 38.1448], [89.105, 38.1633], [89.1605, 38.1726]]}}, {"type": "Feature", "properties": {}, "geometry": {"type": "LineString", "coordinates": [[87.914, 37.882], [87.9921, 37.9097], [88.0814, 37.9334], [88.1515, 37.9526]]}}, {"type": "Feature", "properties": {}, "geometry": {"type": "LineString", "coordinates": [[88.1578, 37.9548], [88.1877, 37.9642], [88.223, 37.9758], [88.2395, 37.9794]]}}, {"type": "Feature", "properties": {}, "geometry": {"type": "LineString", "coordinates": [[88.3321, 38.0044], [88.4236, 38.0294], [88.4888, 38.0495], [88.5571, 38.0664], [88.5986, 38.0754]]}}, {"type": "Feature", "properties": {}, "geometry": {"type": "LineString", "coordinates": [[88.7658, 38.1341], [88.8314, 38.1318], [88.877, 38.1336], [88.91, 38.1345]]}}, {"type": "Feature", "properties": {}, "geometry": {"type": "LineString", "coordinates": [[89.1309, 38.1499], [89.1836, 38.1439], [89.2102, 38.1393], [89.2326, 38.1353], [89.2503, 38.1376], [89.2658, 38.1456], [89.2939, 38.1442], [89.3136, 38.1416], [89.3334, 38.1459], [89.3663, 38.1679], [89.3827, 38.1763], [89.395, 38.1823], [89.4082, 38.1834]]}}, {"type": "Feature", "properties": {}, "geometry": {"type": "LineString", "coordinates": [[89.6078, 38.2204], [89.6336, 38.2207], [89.6625, 38.2272], [89.6771, 38.2327], [89.6897, 38.2355], [89.7158, 38.2376], [89.7399, 38.2476], [89.7611, 38.2493], [89.7826, 38.2522], [89.7966, 38.2562], [89.8146, 38.2547], [89.8487, 38.2453], [89.8642, 38.2416]]}}, {"type": "Feature", "properties": {}, "geometry": {"type": "LineString", "coordinates": [[89.8716, 38.2374], [89.9163, 38.2396], [89.9672, 38.2547], [90.0031, 38.2631], [90.0461, 38.2777], [90.0825, 38.2939], [90.1116, 38.3107], [90.1317, 38.3264], [90.1647, 38.3392]]}}, {"type": "Feature", "properties": {}, "geometry": {"type": "LineString", "coordinates": [[89.4827, 38.1447], [89.5785, 38.2049], [89.624, 38.2384], [89.6953, 38.2818]]}}, {"type": "Feature", "properties": {}, "geometry": {"type": "LineString", "coordinates": [[89.1797, 38.0014], [89.1461, 37.9958], [89.1266, 37.9923], [89.1042, 37.9888], [89.0846, 37.9825], [89.0622, 37.979], [89.0133, 37.9706], [88.9944, 37.9706]]}}, {"type": "Feature", "properties": {}, "geometry": {"type": "LineString", "coordinates": [[88.5104, 38.107], [88.5447, 38.1168], [88.586, 38.1203], [88.6181, 38.1203], [88.6524, 38.1203], [88.679, 38.1203]]}}, {"type": "Feature", "properties": {}, "geometry": {"type": "LineString", "coordinates": [[89.4981, 38.1516], [89.4594, 38.1229], [89.3684, 38.0834], [89.2486, 38.0285], [89.212, 38.0139]]}}, {"type": "Feature", "properties": {}, "geometry": {"type": "LineString", "coordinates": [[89.4195, 38.1819], [89.4436, 38.1827], [89.4632, 38.1869], [89.4765, 38.1948], [89.4977, 38.204], [89.5293, 38.2056]]}}, {"type": "Feature", "properties": {}, "geometry": {"type": "LineString", "coordinates": [[109.0442, 41.1995], [108.6304, 41.3029], [108.1649, 41.3029], [107.8287, 41.3029], [107.5184, 41.3029], [107.027, 41.1219], [106.7167, 40.9538], [106.5486, 40.7599], [106.3417, 40.5271], [106.1736, 40.4366], [106.0184, 40.3073], [105.8245, 40.2168]]}}, {"type": "Feature", "properties": {}, "geometry": {"type": "LineString", "coordinates": [[105.813, 40.2181], [105.6313, 40.0497], [105.5294, 39.9212], [105.4851, 39.7661], [105.3034, 39.673], [105.1926, 39.5622], [105.0996, 39.4559], [104.909, 39.3318], [104.5678, 39.2387], [104.2931, 39.2166]]}}, {"type": "Feature", "properties": {}, "geometry": {"type": "LineString", "coordinates": [[106.7348, 39.2254], [106.9164, 39.3584], [106.9342, 39.4957], [106.912, 39.6863], [106.8766, 39.8724], [106.9386, 40.1693], [107.1602, 40.3732], [107.5102, 40.5415]]}}, {"type": "Feature", "properties": {}, "geometry": {"type": "LineString", "coordinates": [[106.655, 39.4559], [106.6328, 39.19], [106.46, 39.0703], [106.2916, 39.0393], [106.1853, 38.8887], [106.1099, 38.8], [105.9947, 38.7557], [105.8972, 38.5652], [105.8529, 38.3968], [105.8706, 38.2505], [105.8485, 38.1309]]}}, {"type": "Feature", "properties": {}, "geometry": {"type": "LineString", "coordinates": [[105.6446, 37.3842], [105.8485, 37.526], [105.9548, 37.659], [105.9681, 37.8362], [105.9061, 38.0799]]}}, {"type": "Feature", "properties": {}, "geometry": {"type": "LineString", "coordinates": [[105.813, 37.9337], [105.751, 37.7963], [105.7333, 37.6058], [105.6048, 37.5083], [105.3655, 37.4817]]}}, {"type": "Feature", "properties": {}, "geometry": {"type": "LineString", "coordinates": [[105.5183, 40.3909], [104.7562, 40.1959], [103.9807, 39.9965], [103.6439, 39.8768]]}}, {"type": "Feature", "properties": {}, "geometry": {"type": "LineString", "coordinates": [[103.768, 40.0009], [103.4977, 39.8547], [103.2273, 39.7794], [103.0855, 39.7217], [102.988, 39.5711], [102.8197, 39.4869], [102.3411, 39.2742]]}}, {"type": "Feature", "properties": {}, "geometry": {"type": "LineString", "coordinates": [[110.1829, 40.2006], [110.9445, 40.1228], [111.308, 40.1574], [111.5936, 40.3651], [111.8792, 40.668], [112.087, 40.8152]]}}, {"type": "Feature", "properties": {}, "geometry": {"type": "LineString", "coordinates": [[113.4094, 40.3596], [113.2386, 40.1563], [113.1085, 39.9896], [112.9987, 39.8432], [112.8524, 39.7456], [112.7588, 39.6968], [112.6856, 39.5464], [112.6328, 39.4041]]}}, {"type": "Feature", "properties": {}, "geometry": {"type": "LineString", "coordinates": [[112.2994, 39.3756], [112.2912, 39.2211], [112.279, 39.0991], [112.1855, 38.9202]]}}, {"type": "Feature", "properties": {}, "geometry": {"type": "LineString", "coordinates": [[112.5348, 38.1581], [112.4481, 38.0872], [112.4304, 37.9969], [112.4622, 37.9048], [112.4605, 37.7738], [112.3914, 37.6693], [112.3046, 37.6233], [112.1506, 37.5825], [112.0071, 37.4444], [111.9115, 37.3382], [111.722, 37.278], [111.6122, 37.1912]]}}, {"type": "Feature", "properties": {}, "geometry": {"type": "LineString", "coordinates": [[110.3392, 35.227], [110.1627, 35.1504], [110.0362, 35.0538], [109.913, 34.9506], [109.8064, 34.8707], [109.5933, 34.7874], [109.1638, 34.6209]]}}, {"type": "Feature", "properties": {}, "geometry": {"type": "LineString", "coordinates": [[96.6579, 18.9304], [96.9504, 18.6883], [97.2026, 18.4597], [97.3841, 18.2579], [97.5825, 17.9889], [97.7271, 17.7805], [97.8717, 17.6359], [98.0398, 17.4678], [98.2751, 17.2795], [98.4432, 17.1618], [98.6752, 16.9702]]}}, {"type": "Feature", "properties": {}, "geometry": {"type": "LineString", "coordinates": [[90.4749, 45.7113], [91.0121, 45.7421], [91.6328, 45.861], [92.2272, 45.9623], [92.7599, 46.0767], [92.958, 46.1075]]}}, {"type": "Feature", "properties": {}, "geometry": {"type": "LineString", "coordinates": [[92.1571, 40.9359], [92.6044, 40.9962], [92.9109, 41.0565], [93.1321, 41.1068]]}}, {"type": "Feature", "properties": {}, "geometry": {"type": "LineString", "coordinates": [[93.6899, 40.5037], [93.9864, 40.4886], [94.1321, 40.4886]]}}, {"type": "Feature", "properties": {}, "geometry": {"type": "LineString", "coordinates": [[96.7315, 42.9377], [97.3125, 42.9577], [98.301, 42.9109], [98.8754, 42.8776], [99.4765, 42.8776], [100.2111, 42.8642], [100.6386, 42.8642]]}}, {"type": "Feature", "properties": {}, "geometry": {"type": "LineString", "coordinates": [[99.3228, 43.2516], [100.1377, 43.2716], [101.1328, 43.2182], [101.6204, 43.2182], [102.2548, 43.1781], [103.083, 43.1313]]}}, {"type": "Feature", "properties": {}, "geometry": {"type": "LineString", "coordinates": [[103.9008, 43.5405], [104.0721, 43.5069], [104.1853, 43.4824], [104.3506, 43.4824]]}}, {"type": "Feature", "properties": {}, "geometry": {"type": "LineString", "coordinates": [[84.6718, 37.0563], [84.6944, 37.0548], [84.7101, 37.0548], [84.7239, 37.0553]]}}, {"type": "Feature", "properties": {}, "geometry": {"type": "LineString", "coordinates": [[84.7244, 37.0652], [84.7431, 37.0656], [84.7578, 37.0676], [84.7711, 37.0706]]}}, {"type": "Feature", "properties": {}, "geometry": {"type": "LineString", "coordinates": [[85.8668, 37.5675], [85.9615, 37.6434], [86.0562, 37.7241], [86.1474, 37.7966], [86.2432, 37.869], [86.3472, 37.9497], [86.4571, 38.0175], [86.5272, 38.0572], [86.602, 38.0736], [86.7189, 38.0958], [86.8849, 38.132], [86.9714, 38.1566], [87.1011, 38.2103], [87.232, 38.2594], [87.2776, 38.2886], [87.3349, 38.3085], [87.4868, 38.3611]]}}, {"type": "Feature", "properties": {}, "geometry": {"type": "LineString", "coordinates": [[86.6804, 38.0993], [86.7201, 38.1449], [86.7902, 38.1846], [86.9293, 38.2606], [87.0065, 38.3062], [87.0263, 38.319]]}}, {"type": "Feature", "properties": {}, "geometry": {"type": "LineString", "coordinates": [[87.4868, 38.3623], [87.5862, 38.3938], [87.64, 38.4184], [87.6914, 38.4569], [87.744, 38.485], [87.8188, 38.5224], [87.9205, 38.5563], [87.9801, 38.5808], [88.042, 38.6112], [88.1239, 38.6545], [88.1706, 38.665], [88.2618, 38.6977]]}}, {"type": "Feature", "properties": {}, "geometry": {"type": "LineString", "coordinates": [[87.7849, 38.6907], [87.8667, 38.7328], [87.9287, 38.762], [87.9719, 38.7854], [88.0222, 38.7924]]}}, {"type": "Feature", "properties": {}, "geometry": {"type": "LineString", "coordinates": [[88.1254, 38.6839], [88.1775, 38.7207], [88.2297, 38.7635], [88.2582, 38.78], [88.3252, 38.8008], [88.3658, 38.8162], [88.4251, 38.8332], [88.5068, 38.8618], [88.5733, 38.8832], [88.6495, 38.9216], [88.694, 38.9463], [88.7357, 38.9671], [88.7922, 38.9946], [88.8779, 39.0396], [88.924, 39.0615], [88.9536, 39.0813], [88.9778, 39.0862]]}}, {"type": "Feature", "properties": {}, "geometry": {"type": "LineString", "coordinates": [[88.6484, 38.9139], [88.705, 38.9232], [88.7615, 38.9413], [88.8257, 38.9666], [88.896, 38.9885], [89.0266, 39.0313], [89.1281, 39.0725], [89.166, 39.0901]]}}, {"type": "Feature", "properties": {}, "geometry": {"type": "LineString", "coordinates": [[88.6853, 38.9531], [88.6383, 38.9534], [88.5919, 38.9424], [88.5707, 38.9371], [88.5404, 38.9163], [88.5121, 38.9048], [88.4996, 38.8973], [88.4771, 38.8903], [88.4618, 38.8798], [88.4435, 38.8623], [88.4327, 38.8525]]}}, {"type": "Feature", "properties": {}, "geometry": {"type": "LineString", "coordinates": [[91.3251, 39.1265], [91.2591, 39.1099], [91.194, 39.089], [91.128, 39.0699], [91.0637, 39.0516], [90.996, 39.0379], [90.9283, 39.0196], [90.8819, 39.0107], [90.8598, 39.0098], [90.7712, 39.0064], [90.7401, 39.0069], [90.709, 39.0107], [90.6924, 39.0111], [90.6758, 39.0179], [90.6575, 39.0235], [90.6222, 39.0294], [90.58, 39.0379], [90.5532, 39.0379], [90.5362, 39.0379], [90.5111, 39.0396], [90.4911, 39.0443], [90.471, 39.049], [90.4498, 39.0545], [90.4314, 39.0545], [90.4038, 39.0516], [90.3701, 39.046], [90.3591, 39.0426], [90.3412, 39.0426], [90.3075, 39.0435], [90.2701, 39.0456], [90.2377, 39.049], [90.2164, 39.0507]]}}, {"type": "Feature", "properties": {}, "geometry": {"type": "LineString", "coordinates": [[89.849, 38.9379], [89.9141, 38.9545], [89.9737, 38.9664], [90.0316, 38.9796], [90.0772, 38.992], [90.1219, 39.0009], [90.1555, 39.0077], [90.19, 39.0375], [90.2096, 39.0507]]}}, {"type": "Feature", "properties": {}, "geometry": {"type": "LineString", "coordinates": [[91.0138, 38.709], [91.1367, 38.7429], [91.3264, 38.8], [91.4319, 38.83], [91.5781, 38.8629], [91.7523, 38.9142], [91.8975, 38.9587], [92.0368, 39.0003], [92.1694, 39.0294], [92.2895, 39.0661], [92.3708, 39.0971], [92.4888, 39.129], [92.635, 39.1591], [92.9418, 39.2133], [93.0947, 39.2307], [93.1818, 39.2355], [93.3367, 39.2365], [93.4702, 39.2404], [93.537, 39.2365], [93.6183, 39.2239], [93.7083, 39.2142], [93.8313, 39.2171], [93.9174, 39.2307], [93.9987, 39.2462]]}}, {"type": "Feature", "properties": {}, "geometry": {"type": "LineString", "coordinates": [[94.0163, 39.2475], [94.2821, 39.3398], [94.452, 39.3656], [94.7104, 39.3656], [94.8322, 39.4099]]}}, {"type": "Feature", "properties": {}, "geometry": {"type": "LineString", "coordinates": [[94.1861, 39.4062], [94.5775, 39.4801], [94.943, 39.5835], [95.3934, 39.7053], [95.8365, 39.805], [96.3608, 39.9564], [96.8297, 40.0228], [97.162, 40.0819]]}}, {"type": "Feature", "properties": {}, "geometry": {"type": "LineString", "coordinates": [[86.6084, 32.8065], [86.9434, 32.9546], [87.1615, 33.1104], [87.2394, 33.235], [87.3173, 33.3363]]}}, {"type": "Feature", "properties": {}, "geometry": {"type": "LineString", "coordinates": [[88.8287, 33.3441], [88.7664, 33.1805], [88.6729, 33.0714], [88.5327, 33.0325], [88.2989, 32.9779], [88.1042, 32.939]]}}, {"type": "Feature", "properties": {}, "geometry": {"type": "LineString", "coordinates": [[89.8103, 35.2294], [89.709, 35.1203], [89.7168, 34.9957], [89.6623, 34.9022], [89.6311, 34.8009], [89.5922, 34.684], [89.5844, 34.6061], [89.5922, 34.5282], [89.5532, 34.4425]]}}, {"type": "Feature", "properties": {}, "geometry": {"type": "LineString", "coordinates": [[89.8103, 34.2556], [89.7402, 34.4114], [89.7402, 34.5204], [89.7402, 34.6451], [89.7636, 34.7542], [89.7947, 34.8476], [89.8181, 34.9411], [89.8415, 35.0502]]}}, {"type": "Feature", "properties": {}, "geometry": {"type": "LineString", "coordinates": [[82.7918, 34.9529], [82.7532, 34.904], [82.6925, 34.8225], [82.648, 34.7736], [82.5917, 34.7469], [82.5383, 34.7336], [82.4983, 34.7158], [82.4731, 34.695]]}}, {"type": "Feature", "properties": {}, "geometry": {"type": "LineString", "coordinates": [[82.897, 34.7993], [82.8581, 34.7178], [82.8489, 34.6641], [82.8433, 34.5863], [82.8396, 34.5196], [82.8396, 34.4491], [82.8563, 34.4047], [82.8563, 34.3695]]}}, {"type": "Feature", "properties": {}, "geometry": {"type": "LineString", "coordinates": [[84.4546, 35.0587], [84.5435, 34.992], [84.6046, 34.9476], [84.6435, 34.9235]]}}, {"type": "Feature", "properties": {}, "geometry": {"type": "LineString", "coordinates": [[84.6621, 34.879], [84.6954, 34.7938], [84.6899, 34.7308], [84.6454, 34.6937], [84.6028, 34.6659], [84.5787, 34.6326], [84.5787, 34.6122]]}}, {"type": "Feature", "properties": {}, "geometry": {"type": "LineString", "coordinates": [[86.216, 32.6482], [86.2445, 32.7034], [86.275, 32.7434], [86.2807, 32.7757], [86.2883, 32.7966]]}}, {"type": "Feature", "properties": {}, "geometry": {"type": "LineString", "coordinates": [[86.6441, 33.3351], [86.6251, 33.2762], [86.6327, 33.221], [86.6365, 33.1658], [86.6403, 33.1411], [86.6575, 33.1011], [86.6613, 33.0535]]}}, {"type": "Feature", "properties": {}, "geometry": {"type": "LineString", "coordinates": [[86.8344, 33.4912], [86.8097, 33.4303], [86.7888, 33.3846], [86.7869, 33.3332], [86.7888, 33.2819], [86.7964, 33.2457]]}}, {"type": "Feature", "properties": {}, "geometry": {"type": "LineString", "coordinates": [[87.6296, 34.71], [87.6098, 34.6828], [87.5883, 34.6704], [87.5768, 34.649], [87.5702, 34.6309], [87.5611, 34.621], [87.5611, 34.5971], [87.5504, 34.5723], [87.5248, 34.5534], [87.4993, 34.5311], [87.4869, 34.5204], [87.4647, 34.5064], [87.4449, 34.4899], [87.4605, 34.433]]}}, {"type": "Feature", "properties": {}, "geometry": {"type": "LineString", "coordinates": [[87.7928, 34.5575], [87.7516, 34.5195], [87.7335, 34.4841], [87.7079, 34.4536], [87.6906, 34.428], [87.6749, 34.3785], [87.6584, 34.3472], [87.6304, 34.3291], [87.6114, 34.3159], [87.5958, 34.2936]]}}, {"type": "Feature", "properties": {}, "geometry": {"type": "LineString", "coordinates": [[86.8545, 35.4893], [86.9361, 35.4878], [86.9996, 35.4802], [87.0556, 35.4787], [87.0933, 35.4817], [87.1417, 35.4893], [87.1735, 35.4953], [87.3125, 35.4817], [87.3715, 35.4832], [87.4032, 35.5059], [87.4743, 35.5074], [87.5846, 35.5044], [87.6617, 35.5376], [87.8249, 35.5921], [87.9534, 35.6283], [88.0683, 35.654], [88.1952, 35.6812]]}}, {"type": "Feature", "properties": {}, "geometry": {"type": "LineString", "coordinates": [[90.173, 37.2018], [90.0715, 37.2635], [89.921, 37.3033], [89.7705, 37.3378], [89.6019, 37.3777], [89.3808, 37.4085], [89.1904, 37.4556], [89.0345, 37.4574], [88.9457, 37.4411]]}}, {"type": "Feature", "properties": {}, "geometry": {"type": "LineString", "coordinates": [[90.3527, 36.4923], [90.4846, 36.4773], [90.5661, 36.4569], [90.6232, 36.4569], [90.7143, 36.4447], [90.8149, 36.4216], [90.9033, 36.4066], [91.0311, 36.3849], [91.1277, 36.3794], [91.2487, 36.3345], [91.3629, 36.2897], [91.4798, 36.2611]]}}, {"type": "Feature", "properties": {}, "geometry": {"type": "LineString", "coordinates": [[90.4832, 36.7248], [90.5784, 36.6826], [90.6695, 36.65], [90.7334, 36.6377], [90.8013, 36.6377], [90.8666, 36.6568], [90.9115, 36.669], [90.9482, 36.6541], [91.0026, 36.6078], [91.0706, 36.5602], [91.1576, 36.5167], [91.2256, 36.5059], [91.2935, 36.4678], [91.3411, 36.4624], [91.4431, 36.4324], [91.5152, 36.4324]]}}, {"type": "Feature", "properties": {}, "geometry": {"type": "LineString", "coordinates": [[90.3768, 36.1329], [90.216, 36.174], [90.1304, 36.174], [90.02, 36.1447], [89.9027, 36.1282], [89.7888, 36.1212], [89.7126, 36.1341], [89.6562, 36.1341], [89.6022, 36.1411], [89.5635, 36.1799], [89.5213, 36.2092], [89.472, 36.235], [89.4415, 36.2585], [89.3405, 36.3348], [89.256, 36.3676], [89.2032, 36.3946], [89.1528, 36.458], [89.1129, 36.5073], [89.0424, 36.5449], [88.9791, 36.5613], [88.965, 36.5636]]}}, {"type": "Feature", "properties": {}, "geometry": {"type": "LineString", "coordinates": [[88.9541, 36.5673], [88.8097, 36.6177], [88.6355, 36.6429], [88.443, 36.6612], [88.3192, 36.6796], [88.2435, 36.7392], [88.1542, 36.7758], [88.0831, 36.785]]}}, {"type": "Feature", "properties": {}, "geometry": {"type": "LineString", "coordinates": [[92.5306, 37.3447], [92.6099, 37.315], [92.6937, 37.305], [92.7615, 37.3066], [92.8263, 37.3005], [92.8522, 37.2936]]}}, {"type": "Feature", "properties": {}, "geometry": {"type": "LineString", "coordinates": [[88.2447, 37.2939], [88.2968, 37.2834], [88.3561, 37.2695], [88.406, 37.2684], [88.4625, 37.2679], [88.5074, 37.264], [88.5522, 37.2557], [88.5932, 37.2557], [88.6281, 37.2568], [88.6514, 37.2579], [88.6946, 37.2485]]}}, {"type": "Feature", "properties": {}, "geometry": {"type": "LineString", "coordinates": [[88.3583, 37.4698], [88.4658, 37.4732], [88.5578, 37.4637], [88.6525, 37.4377], [88.7467, 37.4017], [88.8204, 37.3662], [88.8952, 37.3319]]}}, {"type": "Feature", "properties": {}, "geometry": {"type": "LineString", "coordinates": [[98.1308, 39.7334], [98.2484, 39.7026], [98.3548, 39.6606], [98.4192, 39.6074]]}}, {"type": "Feature", "properties": {}, "geometry": {"type": "LineString", "coordinates": [[86.5373, 30.427], [86.4237, 30.4007], [86.3514, 30.3529], [86.3352, 30.2839], [86.3266, 30.209], [86.3422, 30.1999]]}}, {"type": "Feature", "properties": {}, "geometry": {"type": "LineString", "coordinates": [[86.5155, 28.6345], [86.4761, 28.7176], [86.4643, 28.7804], [86.4761, 28.8312], [86.4911, 28.8454], [86.4681, 28.8759], [86.4422, 28.9424], [86.4169, 29.0104], [86.3986, 29.0838], [86.3726, 29.1212], [86.3492, 29.142], [86.337, 29.1511], [86.3237, 29.1593], [86.3084, 29.1705], [86.2982, 29.1786], [86.284, 29.1888]]}}, {"type": "Feature", "properties": {}, "geometry": {"type": "LineString", "coordinates": [[88.2222, 29.6589], [88.1858, 29.6338], [88.1695, 29.5936], [88.172, 29.5334], [88.1833, 29.4807], [88.1758, 29.408], [88.1381, 29.3603], [88.1281, 29.3252], [88.1206, 29.2788], [88.103, 29.2499], [88.1018, 29.2311]]}}, {"type": "Feature", "properties": {}, "geometry": {"type": "LineString", "coordinates": [[90.2807, 29.6777], [90.2418, 29.6124], [90.2393, 29.556], [90.2406, 29.4807], [90.2406, 29.4531], [90.2155, 29.4205]]}}, {"type": "Feature", "properties": {}, "geometry": {"type": "LineString", "coordinates": [[90.2907, 29.7943], [90.3397, 29.7379], [90.3422, 29.704]]}}, {"type": "Feature", "properties": {}, "geometry": {"type": "LineString", "coordinates": [[92.2138, 29.2876], [92.338, 29.3603], [92.3944, 29.3917], [92.422, 29.4243], [92.4258, 29.4694], [92.4295, 29.5259], [92.4195, 29.5848], [92.4195, 29.6313], [92.417, 29.6839]]}}, {"type": "Feature", "properties": {}, "geometry": {"type": "LineString", "coordinates": [[91.0057, 30.5025], [90.9473, 30.4827], [90.8807, 30.4728], [90.834, 30.4413], [90.7621, 30.3847], [90.7162, 30.3388], [90.6587, 30.3128], [90.6218, 30.2921], [90.5903, 30.2453]]}}, {"type": "Feature", "properties": {}, "geometry": {"type": "LineString", "coordinates": [[91.631, 31.107], [91.5941, 30.9924], [91.5941, 30.9148], [91.5534, 30.8557], [91.5202, 30.7892], [91.5202, 30.7855]]}}, {"type": "Feature", "properties": {}, "geometry": {"type": "LineString", "coordinates": [[90.8072, 31.542], [90.797, 31.6062], [90.7767, 31.6552], [90.7784, 31.7092], [90.8173, 31.7988], [90.8376, 31.841], [90.8832, 31.8714]]}}, {"type": "Feature", "properties": {}, "geometry": {"type": "LineString", "coordinates": [[83.9188, 31.1614], [83.9557, 31.0544], [84.0203, 30.9473], [84.1034, 30.8514], [84.179, 30.7849], [84.2768, 30.6853], [84.3297, 30.5798], [84.3566, 30.5291], [84.3636, 30.4715]]}}, {"type": "Feature", "properties": {}, "geometry": {"type": "LineString", "coordinates": [[84.5225, 29.9275], [84.5337, 30.0306], [84.595, 30.1088], [84.5965, 30.1361], [84.571, 30.1516], [84.5365, 30.2634], [84.5183, 30.2887]]}}, {"type": "Feature", "properties": {}, "geometry": {"type": "LineString", "coordinates": [[84.8102, 29.9757], [84.8655, 30.0883], [84.8692, 30.1639], [84.836, 30.2304], [84.801, 30.2802], [84.7677, 30.33], [84.7179, 30.3835], [84.6773, 30.4131], [84.6035, 30.4647]]}}, {"type": "Feature", "properties": {}, "geometry": {"type": "LineString", "coordinates": [[86.7978, 31.119], [86.7959, 31.2242], [86.7664, 31.3275], [86.7277, 31.3773], [86.7184, 31.4345], [86.7553, 31.4991], [86.7867, 31.5453], [86.8089, 31.5859], [86.8107, 31.5951], [86.7609, 31.632], [86.7424, 31.6449]]}}, {"type": "Feature", "properties": {}, "geometry": {"type": "LineString", "coordinates": [[86.4822, 31.3201], [86.3992, 31.2961], [86.3678, 31.2537], [86.377, 31.1559], [86.3364, 31.0747], [86.3364, 31.0488]]}}, {"type": "Feature", "properties": {}, "geometry": {"type": "LineString", "coordinates": [[94.8556, 41.5613], [95.0783, 41.5211], [95.2645, 41.5175], [95.363, 41.5175]]}}, {"type": "Feature", "properties": {}, "geometry": {"type": "LineString", "coordinates": [[93.9649, 40.9005], [93.7969, 40.8713], [93.6509, 40.8713], [93.5487, 40.8713]]}}, {"type": "Feature", "properties": {}, "geometry": {"type": "LineString", "coordinates": [[82.4997, 29.1105], [82.4385, 29.1542], [82.3948, 29.2052], [82.322, 29.278], [82.2507, 29.3639], [82.1866, 29.4411], [82.1385, 29.5226]]}}, {"type": "Feature", "properties": {}, "geometry": {"type": "LineString", "coordinates": [[83.1885, 28.2907], [83.0662, 28.3839], [82.9366, 28.4494], [82.8375, 28.5178], [82.7269, 28.579], [82.6599, 28.6212], [82.6191, 28.662]]}}, {"type": "Feature", "properties": {}, "geometry": {"type": "LineString", "coordinates": [[83.0499, 28.6192], [82.9626, 28.6489], [82.8958, 28.6826], [82.8545, 28.7065], [82.8306, 28.7425], [82.8016, 28.7728], [82.7847, 28.785]]}}, {"type": "Feature", "properties": {}, "geometry": {"type": "LineString", "coordinates": [[103.0246, 33.8369], [103.3075, 33.7494], [103.4745, 33.6679], [103.6841, 33.5376], [103.7167, 33.3931], [103.7085, 33.2649], [103.6495, 33.1122], [103.5803, 33.0186], [103.4704, 32.9351], [103.3971, 32.8842], [103.3096, 32.8435], [103.2628, 32.8211]]}}, {"type": "Feature", "properties": {}, "geometry": {"type": "LineString", "coordinates": [[101.2142, 31.5126], [101.315, 31.6106], [101.4158, 31.6862], [101.511, 31.759], [101.567, 31.7982], [101.5894, 31.815], [101.7014, 31.8598], [101.7686, 31.8822], [101.8554, 31.9074], [101.945, 31.9662], [101.9954, 32.0334], [102.0318, 32.1006], [102.071, 32.1426], [102.113, 32.165], [102.1718, 32.1986], [102.2922, 32.305]]}}, {"type": "Feature", "properties": {}, "geometry": {"type": "LineString", "coordinates": [[92.122, 25.8693], [91.9631, 25.7842], [91.7702, 25.6083], [91.651, 25.4777]]}}, {"type": "Feature", "properties": {}, "geometry": {"type": "LineString", "coordinates": [[91.475, 25.7331], [91.3105, 25.7388], [91.1856, 25.7672], [91.0891, 25.8012], [91.0097, 25.841], [90.9245, 25.875], [90.8507, 25.9091], [90.7202, 25.9488], [90.6294, 25.9601], [90.5897, 25.9658]]}}, {"type": "Feature", "properties": {}, "geometry": {"type": "LineString", "coordinates": [[102.5079, 32.2434], [102.6255, 32.3162], [102.6927, 32.3862], [102.7571, 32.4338], [102.8495, 32.4842], [102.9503, 32.5319], [103.0203, 32.5823], [103.0987, 32.6383], [103.1659, 32.6859]]}}, {"type": "Feature", "properties": {}, "geometry": {"type": "LineString", "coordinates": [[90.0335, 25.6877], [90.147, 25.5856], [90.2889, 25.4948], [90.4194, 25.4721], [90.5102, 25.4437], [90.6237, 25.4039], [90.6975, 25.3529]]}}, {"type": "Feature", "properties": {}, "geometry": {"type": "LineString", "coordinates": [[93.6033, 26.6355], [93.2912, 26.6015], [93.1095, 26.5277], [92.9847, 26.4425], [92.8712, 26.3177], [92.7747, 26.1815], [92.6215, 26.0055], [92.5136, 25.892], [92.3661, 25.8069], [92.2582, 25.7047], [92.1504, 25.6026]]}}, {"type": "Feature", "properties": {}, "geometry": {"type": "LineString", "coordinates": [[90.8621, 25.5629], [91.1515, 25.4777], [91.3048, 25.4266], [91.475, 25.4266]]}}, {"type": "Feature", "properties": {}, "geometry": {"type": "LineString", "coordinates": [[88.968, 27.5585], [89.088, 27.6419], [89.1923, 27.7358], [89.2706, 27.8767], [89.3384, 27.9289], [89.4219, 27.9654], [89.4375, 28.101], [89.4897, 28.1323], [89.5679, 28.2314], [89.6097, 28.2784]]}}, {"type": "Feature", "properties": {}, "geometry": {"type": "LineString", "coordinates": [[87.8465, 28.0801], [88.1177, 28.0854], [88.3055, 28.101], [88.4881, 28.1219], [88.5924, 28.1323], [88.7646, 28.174]]}}, {"type": "Feature", "properties": {}, "geometry": {"type": "LineString", "coordinates": [[87.7265, 28.1792], [87.9352, 28.2158], [88.123, 28.2627], [88.3473, 28.2784], [88.4933, 28.3097], [88.7333, 28.294], [88.9367, 28.2731], [89.1037, 28.2888], [89.2497, 28.3044], [89.4271, 28.341], [89.5262, 28.3775]]}}, {"type": "Feature", "properties": {}, "geometry": {"type": "LineString", "coordinates": [[95.2112, 45.3763], [95.2857, 45.2646], [95.306, 45.1563], [95.2958, 45.021], [95.3094, 44.8282], [95.3094, 44.7436], [95.3161, 44.6725], [95.3601, 44.5677], [95.4447, 44.4628]]}}, {"type": "Feature", "properties": {}, "geometry": {"type": "LineString", "coordinates": [[82.641, 29.0903], [82.6963, 29.0704], [82.7897, 29.0213], [82.8481, 28.987], [82.8911, 28.9572], [82.9259, 28.9404], [82.9645, 28.9298], [83.0142, 28.9136], [83.0547, 28.9068], [83.0982, 28.8894], [83.1343, 28.8738]]}}, {"type": "Feature", "properties": {}, "geometry": {"type": "LineString", "coordinates": [[74.1581, 34.9165], [74.304, 35.0941], [74.4499, 35.1956], [74.6022, 35.2844], [74.7354, 35.4239], [74.7798, 35.5572], [74.7607, 35.6777], [74.7798, 35.8109]]}}, {"type": "Feature", "properties": {}, "geometry": {"type": "LineString", "coordinates": [[97.1183, 29.9395], [97.06, 29.7938], [97.0542, 29.5724], [97.0542, 29.4151], [97.0134, 29.2519], [96.9026, 29.0946], [96.8386, 28.9722], [96.7395, 28.8557], [96.6288, 28.7508], [96.4947, 28.5934], [96.3258, 28.337], [96.1509, 28.1739]]}}, {"type": "Feature", "properties": {}, "geometry": {"type": "LineString", "coordinates": [[72.5779, 33.407], [72.7246, 33.4344], [72.8464, 33.4841], [72.9185, 33.5388], [73.008, 33.5587]]}}, {"type": "Feature", "properties": {}, "geometry": {"type": "LineString", "coordinates": [[73.9426, 33.161], [73.8755, 33.2504], [73.7661, 33.3673], [73.704, 33.4095], [73.6045, 33.4468]]}}, {"type": "Feature", "properties": {}, "geometry": {"type": "LineString", "coordinates": [[73.8059, 33.504], [73.7263, 33.5711], [73.6567, 33.6357], [73.6095, 33.6929], [73.5846, 33.7302], [73.5722, 33.7526], [73.5424, 33.7352], [73.4728, 33.678], [73.4131, 33.6332], [73.351, 33.6134], [73.2988, 33.6009], [73.2565, 33.6009]]}}, {"type": "Feature", "properties": {}, "geometry": {"type": "LineString", "coordinates": [[75.0821, 40.5997], [75.223, 40.666], [75.3432, 40.7406], [75.4634, 40.7862], [75.5545, 40.8152], [75.654, 40.8276], [75.7493, 40.8442], [75.8529, 40.8856], [75.9731, 40.9188], [76.0726, 40.9685], [76.172, 41.0265], [76.2508, 41.0555], [76.3378, 41.1053], [76.4083, 41.1467], [76.4663, 41.2047], [76.5243, 41.2462], [76.6114, 41.2959]]}}, {"type": "Feature", "properties": {}, "geometry": {"type": "LineString", "coordinates": [[75.1028, 40.4339], [75.2188, 40.438], [75.339, 40.4753], [75.4219, 40.5416], [75.4799, 40.6038], [75.5835, 40.6535], [75.6747, 40.7033], [75.7949, 40.7116]]}}, {"type": "Feature", "properties": {}, "geometry": {"type": "LineString", "coordinates": [[74.7422, 41.4161], [74.4107, 41.383], [74.2283, 41.3415], [74.0584, 41.3042], [73.9631, 41.2255]]}}, {"type": "Feature", "properties": {}, "geometry": {"type": "LineString", "coordinates": [[74.3112, 40.9354], [74.6718, 40.9436], [74.8914, 40.9644], [75.1152, 41.0348], [75.2769, 41.1426], [75.4426, 41.1882], [75.625, 41.2213], [75.6913, 41.242]]}}, {"type": "Feature", "properties": {}, "geometry": {"type": "LineString", "coordinates": [[73.8338, 38.1295], [73.9503, 38.0476], [74.0212, 37.9584], [74.1686, 37.8456], [74.3106, 37.7601], [74.407, 37.7091], [74.5653, 37.6254], [74.6509, 37.5818], [74.7309, 37.5253], [74.8274, 37.4817], [74.9438, 37.4325], [75.0348, 37.4125]]}}, {"type": "Feature", "properties": {}, "geometry": {"type": "LineString", "coordinates": [[90.4862, 36.2108], [90.6946, 36.1618], [91.5607, 35.9739], [91.8753, 35.9248], [92.6966, 35.8554], [93.5296, 35.7427], [94.2145, 35.7339], [95.2542, 35.7818], [96.0387, 35.7532], [96.913, 35.6021], [97.5952, 35.5408], [98.3768, 35.3388], [98.7807, 35.1983], [99.1765, 35.0505], [99.4462, 34.8871], [99.6872, 34.6624], [100.1898, 34.4744], [100.7915, 34.3202], [101.3184, 34.2499], [101.6852, 34.1026], [102.1305, 33.9514], [102.6903, 33.8289]]}}, {"type": "Feature", "properties": {}, "geometry": {"type": "LineString", "coordinates": [[87.8557, 28.6268], [87.8687, 28.7051], [87.9079, 28.7964], [87.9079, 28.8747], [87.9079, 28.979], [87.9861, 29.0703]]}}, {"type": "Feature", "properties": {}, "geometry": {"type": "LineString", "coordinates": [[87.3643, 28.1007], [87.3662, 28.1169], [87.3671, 28.1264], [87.3662, 28.1369], [87.37, 28.1502], [87.3738, 28.1645], [87.3748, 28.1759], [87.3738, 28.1892], [87.3767, 28.2073], [87.3776, 28.2159], [87.3795, 28.2283], [87.3824, 28.2406], [87.3824, 28.2511], [87.3862, 28.2568], [87.3938, 28.2711], [87.4005, 28.2816], [87.4043, 28.2892], [87.4109, 28.2901], [87.4242, 28.293], [87.4357, 28.3006], [87.4423, 28.3101], [87.4566, 28.3206], [87.4852, 28.3196], [87.4994, 28.3215], [87.5204, 28.3253], [87.5413, 28.3291], [87.5546, 28.332], [87.5699, 28.3377], [87.5822, 28.3387], [87.5965, 28.3444], [87.6098, 28.3501], [87.6355, 28.3596], [87.6498, 28.3729], [87.6727, 28.3901], [87.6907, 28.4119], [87.7022, 28.431], [87.7022, 28.4434], [87.7022, 28.4586], [87.706, 28.4776], [87.7098, 28.4928], [87.7136, 28.5128], [87.7202, 28.5423], [87.7193, 28.569], [87.7117, 28.5975]]}}, {"type": "Feature", "properties": {}, "geometry": {"type": "LineString", "coordinates": [[87.7838, 28.4765], [87.785, 28.4563], [87.7802, 28.442], [87.7755, 28.4254], [87.7683, 28.4016], [87.76, 28.3885], [87.7588, 28.3707], [87.7398, 28.354], [87.7314, 28.3421], [87.7243, 28.3314], [87.7195, 28.3195], [87.7136, 28.3064], [87.71, 28.2921], [87.7053, 28.285], [87.7017, 28.2731], [87.6969, 28.2624], [87.691, 28.2529], [87.685, 28.2434], [87.6815, 28.2338], [87.6803, 28.2231], [87.6803, 28.2148], [87.6779, 28.2053], [87.6743, 28.1958], [87.6719, 28.1863], [87.6636, 28.1744], [87.6553, 28.1601], [87.6505, 28.1518], [87.647, 28.1422], [87.6422, 28.1268], [87.6422, 28.1101], [87.647, 28.1006], [87.6434, 28.0863], [87.6422, 28.0756], [87.6374, 28.0613], [87.6339, 28.0423], [87.6339, 28.034], [87.6303, 28.0221], [87.6291, 28.0042], [87.6267, 27.9876]]}}, {"type": "Feature", "properties": {}, "geometry": {"type": "LineString", "coordinates": [[86.5854, 28.2279], [86.6597, 28.4028], [86.6597, 28.5077], [86.6117, 28.6039]]}}, {"type": "Feature", "properties": {}, "geometry": {"type": "LineString", "coordinates": [[83.4018, 32.237], [83.4473, 32.2193], [83.532, 32.1852], [83.5889, 32.146], [83.6345, 32.108], [83.6775, 32.0726], [83.7116, 32.0284], [83.723, 31.9765]]}}, {"type": "Feature", "properties": {}, "geometry": {"type": "LineString", "coordinates": [[84.4944, 30.286], [84.4669, 30.3349], [84.4186, 30.4219], [84.3997, 30.4811], [84.3737, 30.5917], [84.3617, 30.6364], [84.358, 30.6548]]}}, {"type": "Feature", "properties": {}, "geometry": {"type": "LineString", "coordinates": [[86.3568, 30.188], [86.3589, 30.1541], [86.3072, 30.1023], [86.2991, 30.0501], [86.283, 30.0291], [86.2706, 29.973]]}}, {"type": "Feature", "properties": {}, "geometry": {"type": "LineString", "coordinates": [[86.3978, 29.8945], [86.4013, 29.8945], [86.426, 29.9333], [86.4382, 29.9676], [86.4479, 29.9779]]}}, {"type": "Feature", "properties": {}, "geometry": {"type": "LineString", "coordinates": [[85.7713, 29.8601], [85.7606, 29.8682], [85.7579, 29.8779], [85.7509, 29.886], [85.7428, 29.9022], [85.7363, 29.9156], [85.7363, 29.9237], [85.7325, 29.9388], [85.7228, 29.955], [85.7174, 29.9593], [85.7083, 29.9615], [85.6964, 29.9787], [85.6937, 29.9889], [85.6975, 30.0013], [85.6991, 30.011], [85.7013, 30.0207], [85.6991, 30.0283], [85.697, 30.0396], [85.698, 30.0477], [85.698, 30.0584], [85.6959, 30.0725], [85.6975, 30.0811], [85.7034, 30.0924]]}}, {"type": "Feature", "properties": {}, "geometry": {"type": "LineString", "coordinates": [[83.2362, 30.6672], [83.2305, 30.7478], [83.1991, 30.8043]]}}, {"type": "Feature", "properties": {}, "geometry": {"type": "LineString", "coordinates": [[83.2103, 30.6736], [83.2103, 30.6459], [83.18, 30.5376], [83.1464, 30.4777], [83.1055, 30.3863]]}}, {"type": "Feature", "properties": {}, "geometry": {"type": "LineString", "coordinates": [[81.2636, 30.5143], [81.2931, 30.5159], [81.3045, 30.5245], [81.334, 30.5283], [81.3663, 30.5312], [81.3863, 30.5293], [81.4225, 30.5226], [81.4539, 30.5159], [81.4958, 30.5102], [81.5462, 30.494], [81.5643, 30.4864], [81.5872, 30.4731], [81.6319, 30.4674], [81.669, 30.455], [81.6947, 30.4512], [81.7223, 30.4493], [81.7452, 30.4446], [81.7823, 30.4388], [81.8118, 30.4369], [81.8422, 30.4322], [81.8679, 30.4274], [81.8851, 30.4265], [81.9298, 30.4179], [81.9679, 30.4036], [82.0088, 30.3894], [82.0621, 30.3798]]}}, {"type": "Feature", "properties": {}, "geometry": {"type": "LineString", "coordinates": [[81.946, 30.4607], [81.9707, 30.4636], [81.9821, 30.4731], [81.985, 30.4931], [81.9726, 30.5045], [81.9517, 30.5102], [81.9279, 30.5264], [81.9012, 30.5416], [81.8784, 30.5521], [81.8556, 30.5645], [81.847, 30.5702], [81.8241, 30.5826], [81.8042, 30.5873], [81.7894, 30.606], [81.7703, 30.6116], [81.7699, 30.6311], [81.788, 30.6378], [81.8165, 30.6378], [81.8441, 30.6368], [81.8708, 30.634], [81.8974, 30.633], [81.9184, 30.6359], [81.9269, 30.6444], [81.9631, 30.6435], [82.0031, 30.6387], [82.0383, 30.6349], [82.0764, 30.6235], [82.1097, 30.6197]]}}, {"type": "Feature", "properties": {}, "geometry": {"type": "LineString", "coordinates": [[81.8613, 29.9374], [81.837, 29.9737], [81.7804, 30.0303], [81.7279, 30.0667], [81.5985, 30.1071], [81.4692, 30.1354], [81.4188, 30.1422]]}}, {"type": "Feature", "properties": {}, "geometry": {"type": "LineString", "coordinates": [[79.1106, 33.0715], [79.1098, 33.0385], [79.1098, 32.9985], [79.1117, 32.9661], [79.1193, 32.9204], [79.1193, 32.8767], [79.1288, 32.8367], [79.1326, 32.7872], [79.1364, 32.7548], [79.1485, 32.6948], [79.1764, 32.6349], [79.2085, 32.5312]]}}, {"type": "Feature", "properties": {}, "geometry": {"type": "LineString", "coordinates": [[79.3218, 32.4855], [79.2961, 32.4655], [79.2661, 32.4341], [79.2418, 32.3955], [79.219, 32.367], [79.1861, 32.3341], [79.1662, 32.3099], [79.149, 32.2856], [79.1319, 32.2642], [79.1033, 32.2342], [79.0919, 32.2128], [79.0719, 32.1928], [79.0419, 32.15], [79.0248, 32.1271], [79.0034, 32.09], [78.9877, 32.0686], [78.9806, 32.0458], [78.9534, 32.0172], [78.9306, 31.9944], [78.9163, 31.9658], [78.902, 31.9373]]}}, {"type": "Feature", "properties": {}, "geometry": {"type": "LineString", "coordinates": [[78.6136, 31.8402], [78.6051, 31.8673], [78.6108, 31.9244], [78.6165, 31.9572], [78.6165, 31.9986], [78.6308, 32.0286], [78.6708, 32.0586], [78.7236, 32.0757], [78.775, 32.0914], [78.8464, 32.1229], [78.8678, 32.1543], [78.8835, 32.1957], [78.9006, 32.2371], [78.9163, 32.2728]]}}, {"type": "Feature", "properties": {}, "geometry": {"type": "LineString", "coordinates": [[78.9249, 32.0215], [78.9063, 31.9801], [78.902, 31.9373], [78.8835, 31.8944], [78.8749, 31.8559], [78.8464, 31.823], [78.8121, 31.8116], [78.7693, 31.8145], [78.7379, 31.8373], [78.6922, 31.8345], [78.6522, 31.8173], [78.6136, 31.8402]]}}, {"type": "Feature", "properties": {}, "geometry": {"type": "LineString", "coordinates": [[78.2177, 33.2519], [78.2296, 33.1972], [78.232, 33.1496], [78.2439, 33.1187], [78.2534, 33.0853], [78.2653, 33.0449], [78.2714, 33.0056], [78.2714, 32.9594], [78.2864, 32.9086], [78.2836, 32.8597], [78.2967, 32.8214], [78.3058, 32.757], [78.3272, 32.7118], [78.3605, 32.6856], [78.3772, 32.6713]]}}, {"type": "Feature", "properties": {}, "geometry": {"type": "LineString", "coordinates": [[85.3081, 28.5878], [85.32, 28.6045], [85.3426, 28.6283], [85.3676, 28.6485], [85.3783, 28.6735], [85.3771, 28.6949], [85.376, 28.7187], [85.3664, 28.7366], [85.3688, 28.7544], [85.3736, 28.7782], [85.3783, 28.8008], [85.3724, 28.821], [85.3688, 28.8389], [85.3652, 28.8627], [85.3629, 28.8817], [85.3629, 28.9031], [85.3688, 28.921], [85.3783, 28.946]]}}, {"type": "Feature", "properties": {}, "geometry": {"type": "LineString", "coordinates": [[81.4506, 35.302], [81.4863, 35.321], [81.5077, 35.3317], [81.5148, 35.3543], [81.516, 35.3686], [81.522, 35.3817], [81.5315, 35.3924], [81.5351, 35.3972], [81.5386, 35.4126], [81.541, 35.421], [81.5446, 35.4329], [81.547, 35.4495], [81.547, 35.4662], [81.5458, 35.4769], [81.5386, 35.49], [81.5362, 35.5042], [81.5362, 35.5173], [81.5291, 35.5269], [81.5267, 35.5376], [81.5243, 35.5495]]}}, {"type": "Feature", "properties": {}, "geometry": {"type": "LineString", "coordinates": [[82.1469, 36.001], [82.2126, 36.0209], [82.2911, 36.0338], [82.3482, 36.0438], [82.441, 36.0552], [82.5081, 36.0609], [82.6066, 36.0823], [82.688, 36.1095], [82.758, 36.1352], [82.8308, 36.1623], [82.9179, 36.1965], [83.0349, 36.2351], [83.0893, 36.261], [83.1315, 36.2884], [83.1553, 36.3012], [83.1853, 36.3203], [83.2124, 36.3441]]}}, {"type": "Feature", "properties": {}, "geometry": {"type": "LineString", "coordinates": [[79.7383, 34.0239], [79.7631, 34.022], [79.784, 34.041], [79.7993, 34.061], [79.8069, 34.0791], [79.8107, 34.0943], [79.8088, 34.1134], [79.804, 34.1314], [79.8059, 34.141], [79.8164, 34.1543], [79.8269, 34.1619], [79.8298, 34.168], [79.8345, 34.1754], [79.8372, 34.1807], [79.8408, 34.1861], [79.8473, 34.1903], [79.8506, 34.195], [79.8545, 34.2001], [79.8553, 34.2087], [79.8542, 34.22], [79.8515, 34.2274], [79.85, 34.2349], [79.85, 34.2426], [79.8482, 34.2506], [79.8476, 34.2575], [79.8446, 34.2658], [79.842, 34.2738], [79.839, 34.2825], [79.8396, 34.2872], [79.8399, 34.2935], [79.8402, 34.2976], [79.8319, 34.3036], [79.822, 34.3083], [79.8134, 34.317], [79.8069, 34.3235], [79.8012, 34.3304], [79.795, 34.339], [79.7887, 34.3458], [79.7828, 34.35], [79.7816, 34.3547], [79.7813, 34.3619], [79.7807, 34.3661], [79.7774, 34.3696], [79.7747, 34.375], [79.7741, 34.38], [79.7739, 34.3842], [79.7747, 34.3892], [79.7724, 34.394], [79.7691, 34.4], [79.7676, 34.4089], [79.7697, 34.4142], [79.7691, 34.4238], [79.7706, 34.4252]]}}, {"type": "Feature", "properties": {}, "geometry": {"type": "LineString", "coordinates": [[84.0767, 30.312], [84.0874, 30.3477], [84.1142, 30.3834], [84.1195, 30.4138], [84.1052, 30.4566], [84.0892, 30.4744], [84.0713, 30.4941], [84.0481, 30.5119], [84.0249, 30.5315], [84.0142, 30.5619], [84.0053, 30.5958]]}}, {"type": "Feature", "properties": {}, "geometry": {"type": "LineString", "coordinates": [[84.405, 30.1996], [84.3961, 30.2282], [84.3801, 30.2531], [84.3807, 30.2871], [84.3462, 30.3013], [84.3402, 30.3174], [84.3355, 30.3255], [84.3288, 30.335], [84.3131, 30.3445], [84.3007, 30.3474], [84.2974, 30.3593], [84.296, 30.3659], [84.2907, 30.3716], [84.2822, 30.3778], [84.2769, 30.3821], [84.2626, 30.3911]]}}, {"type": "Feature", "properties": {}, "geometry": {"type": "LineString", "coordinates": [[83.0793, 30.5945], [83.0955, 30.6241], [83.1146, 30.6288], [83.1179, 30.6544], [83.1336, 30.6687], [83.135, 30.693], [83.1379, 30.7101], [83.1364, 30.733], [83.1279, 30.7429], [83.1179, 30.7672], [83.1165, 30.7772]]}}, {"type": "Feature", "properties": {}, "geometry": {"type": "LineString", "coordinates": [[89.9254, 29.9225], [89.9349, 29.932], [89.9462, 29.9445], [89.9569, 29.954], [89.9659, 29.9606], [89.9736, 29.9671], [89.9766, 29.9772], [89.9801, 29.9856], [89.9843, 29.9921], [89.9885, 30.0016], [89.9932, 30.0076], [90.0033, 30.0165], [90.0123, 30.0224], [90.0158, 30.0266], [90.0224, 30.0355], [90.0331, 30.0564], [90.0379, 30.0694], [90.0503, 30.0825], [90.0593, 30.0903], [90.0676, 30.0986], [90.0724, 30.1123], [90.0759, 30.126], [90.0795, 30.142], [90.0771, 30.1581], [90.0848, 30.1747], [90.0926, 30.1926], [90.1021, 30.2009], [90.1086, 30.2063], [90.1164, 30.2128], [90.1223, 30.2217], [90.1277, 30.2306], [90.136, 30.2402], [90.1449, 30.2461], [90.1562, 30.2556], [90.1681, 30.2646], [90.1717, 30.2753], [90.1729, 30.2883], [90.1806, 30.2973], [90.1937, 30.308], [90.1979, 30.3282], [90.1949, 30.3395]]}}, {"type": "Feature", "properties": {}, "geometry": {"type": "LineString", "coordinates": [[90.2609, 30.4067], [90.2966, 30.4198], [90.3275, 30.434], [90.3537, 30.4424], [90.3763, 30.4543], [90.3918, 30.465], [90.4073, 30.4733], [90.4263, 30.4828], [90.4441, 30.4876], [90.481, 30.5149], [90.5001, 30.5364], [90.5488, 30.5506], [90.5691, 30.5483], [90.5917, 30.5602], [90.6202, 30.5602], [90.6571, 30.5709], [90.6857, 30.5911], [90.713, 30.6006], [90.7392, 30.6077], [90.763, 30.6232], [90.7963, 30.6351], [90.8296, 30.6446], [90.8605, 30.6565]]}}, {"type": "Feature", "properties": {}, "geometry": {"type": "LineString", "coordinates": [[90.3372, 33.7699], [90.3604, 33.7806], [90.377, 33.7824], [90.3883, 33.7836], [90.3984, 33.7896], [90.4103, 33.7955], [90.4222, 33.8015], [90.4341, 33.805], [90.4389, 33.808], [90.4454, 33.8145], [90.4573, 33.8282], [90.4651, 33.8395], [90.4668, 33.8437]]}}, {"type": "Feature", "properties": {}, "geometry": {"type": "LineString", "coordinates": [[90.5115, 33.9454], [90.496, 33.9341], [90.477, 33.9246], [90.4639, 33.9181], [90.4419, 33.9085], [90.427, 33.8984], [90.4175, 33.8931], [90.4163, 33.8818], [90.4062, 33.8776], [90.3931, 33.8657], [90.377, 33.8592], [90.3645, 33.855], [90.3508, 33.8449], [90.3413, 33.8371], [90.3193, 33.8199]]}}, {"type": "Feature", "properties": {}, "geometry": {"type": "LineString", "coordinates": [[86.6514, 34.0503], [86.64, 34.0712], [86.6134, 34.1074], [86.5962, 34.1264], [86.5772, 34.1397], [86.5601, 34.153], [86.5391, 34.1683], [86.5163, 34.1797], [86.503, 34.193]]}}, {"type": "Feature", "properties": {"name": "Tabuan River Fault"}, "geometry": {"type": "LineString", "coordinates": [[121.6328, 17.9652], [121.6692, 17.9835], [121.726, 17.9911], [121.8141, 18.04], [121.9326, 18.0448], [122.0277, 18.0657], [122.0994, 18.0975], [122.1819, 18.1193]]}}, {"type": "Feature", "properties": {"name": "West Ilocos Fault System FW"}, "geometry": {"type": "LineString", "coordinates": [[120.7084, 18.5272], [120.665, 18.4673], [120.6172, 18.3776]]}}, {"type": "Feature", "properties": {"name": "West Ilocos Fault System E"}, "geometry": {"type": "LineString", "coordinates": [[120.8111, 18.4471], [120.8092, 18.4175], [120.8017, 18.3873], [120.7902, 18.3421], [120.7955, 18.2677], [120.7884, 18.2112], [120.8101, 18.1407], [120.807, 18.0776], [120.7942, 18.0386], [120.7631, 18.0242], [120.741, 17.9805], [120.7166, 17.9472], [120.7131, 17.9291], [120.695, 17.9109], [120.6356, 17.8879]]}}, {"type": "Feature", "properties": {"name": "West Ilocos Fault System W"}, "geometry": {"type": "LineString", "coordinates": [[120.715, 18.4949], [120.7175, 18.4834], [120.7203, 18.4746], [120.7252, 18.4662], [120.7255, 18.4652], [120.7254, 18.444], [120.7263, 18.4397], [120.7279, 18.4341], [120.729, 18.4245], [120.7287, 18.4178], [120.7292, 18.4142], [120.7266, 18.4076], [120.7215, 18.4028], [120.7157, 18.3985], [120.7159, 18.3913], [120.7156, 18.3848], [120.7145, 18.3763], [120.7147, 18.3737], [120.71, 18.3536], [120.7081, 18.3396], [120.7081, 18.3383], [120.7078, 18.3362], [120.7058, 18.3309], [120.7009, 18.3127], [120.6983, 18.2961], [120.6845, 18.2779], [120.6822, 18.2645], [120.6805, 18.2433], [120.6754, 18.2268], [120.6724, 18.1823], [120.6684, 18.1736], [120.6681, 18.1655], [120.6657, 18.1506], [120.6645, 18.1478], [120.6633, 18.1396], [120.6317, 18.0815], [120.6208, 18.0429], [120.6146, 18.0301], [120.6112, 18.0257], [120.5995, 18.016], [120.594, 18.0077], [120.588, 17.9958], [120.5746, 17.9764], [120.5672, 17.971], [120.5529, 17.945], [120.5451, 17.9379], [120.5357, 17.9171], [120.5241, 17.9105], [120.5225, 17.906], [120.5196, 17.8981], [120.5172, 17.8897], [120.5159, 17.8858], [120.5137, 17.8783], [120.5129, 17.8715], [120.5124, 17.8552], [120.5113, 17.8417], [120.5111, 17.8415], [120.51, 17.8318], [120.5091, 17.8243], [120.5066, 17.7845], [120.5, 17.7271], [120.4991, 17.7068], [120.4966, 17.69], [120.4939, 17.6835], [120.4915, 17.6751], [120.4904, 17.6673], [120.4882, 17.6582], [120.4877, 17.6549], [120.4843, 17.6452], [120.4827, 17.639], [120.4761, 17.6221], [120.4746, 17.6156], [120.4735, 17.607], [120.4696, 17.5876], [120.4672, 17.5781], [120.4634, 17.5642], [120.4626, 17.5623], [120.4605, 17.5586], [120.4576, 17.552], [120.4582, 17.5498], [120.457, 17.5403], [120.4534, 17.5227], [120.4489, 17.4978], [120.4488, 17.4977], [120.4431, 17.4788], [120.441, 17.4701], [120.441, 17.47], [120.4338, 17.4508]]}}, {"type": "Feature", "properties": {"name": "Bangui Fault"}, "geometry": {"type": "LineString", "coordinates": [[120.922, 18.5606], [120.9127, 18.5237], [120.8986, 18.4579], [120.9345, 18.3926], [120.9791, 18.3541], [121.0698, 18.2863], [121.0817, 18.2592], [121.0975, 18.2374], [121.1177, 18.1702], [121.1599, 18.0956], [121.2164, 17.9599], [121.2162, 17.9276], [121.2466, 17.831], [121.3217, 17.7475], [121.3183, 17.5922]]}}, {"type": "Feature", "properties": {"name": "Kabugao-Lassam"}, "geometry": {"type": "LineString", "coordinates": [[121.5814, 18.0787], [121.5015, 18.0591], [121.4359, 18.0324], [121.3701, 17.9975], [121.2913, 17.96], [121.2653, 17.9646], [121.2198, 17.9349], [121.1978, 17.9308]]}}, {"type": "Feature", "properties": {"name": "Offshore North of Sta Ana"}, "geometry": {"type": "LineString", "coordinates": [[122.379, 19.0725], [122.3262, 18.9537], [122.1905, 18.7849], [122.0292, 18.6245]]}}, {"type": "Feature", "properties": {"name": "Offshore Pagudpud"}, "geometry": {"type": "LineString", "coordinates": [[120.8276, 18.8205], [120.7718, 18.5492]]}}, {"type": "Feature", "properties": {"name": "Offshore NE of Calayan"}, "geometry": {"type": "LineString", "coordinates": [[121.9607, 19.8655], [122.0168, 19.489]]}}, {"type": "Feature", "properties": {"name": "Offshore North of Pagudpud"}, "geometry": {"type": "LineString", "coordinates": [[121.016, 19.0528], [120.9897, 18.8633], [120.9618, 18.7073], [120.9323, 18.5706]]}}, {"type": "Feature", "properties": {"name": "Offshore South of Calayan"}, "geometry": {"type": "LineString", "coordinates": [[121.5553, 19.1964], [121.4655, 18.9337]]}}, {"type": "Feature", "properties": {"name": "Offshore West of Calayan"}, "geometry": {"type": "LineString", "coordinates": [[121.0125, 19.2014], [121.1968, 19.5092], [121.3392, 19.8494]]}}, {"type": "Feature", "properties": {"name": "Offshore FS North of Cagayan"}, "geometry": {"type": "LineString", "coordinates": [[121.7196, 18.501], [121.9276, 18.7111], [122.0521, 18.8952], [122.1503, 19.0728], [122.2849, 19.4734]]}}, {"type": "Feature", "properties": {"name": "Shanchiao fault"}, "geometry": {"type": "LineString", "coordinates": [[121.4185, 24.9925], [121.4153, 25.0009], [121.412, 25.0075], [121.412, 25.0137], [121.4108, 25.0188], [121.4125, 25.0283], [121.4159, 25.0306], [121.4213, 25.041], [121.4267, 25.0484], [121.4314, 25.063], [121.4319, 25.0701], [121.4335, 25.0774], [121.441, 25.089], [121.4458, 25.0938], [121.451, 25.1046], [121.4597, 25.1134], [121.463, 25.1166], [121.4661, 25.1256], [121.4687, 25.1292], [121.478, 25.1359], [121.4881, 25.1404], [121.493, 25.1461], [121.5015, 25.1492], [121.5162, 25.1582], [121.5248, 25.1658], [121.5296, 25.1664], [121.5371, 25.1762], [121.5487, 25.1818], [121.5545, 25.1866], [121.5636, 25.1955], [121.5698, 25.199], [121.572, 25.198], [121.5735, 25.2035], [121.5816, 25.2066], [121.5898, 25.2089], [121.5915, 25.2117], [121.5996, 25.2187], [121.6081, 25.2255], [121.6128, 25.2277], [121.6193, 25.2317], [121.6276, 25.2355], [121.6325, 25.2428], [121.6523, 25.2485], [121.6712, 25.2534], [121.6791, 25.2576], [121.6914, 25.2683], [121.6993, 25.2808], [121.7159, 25.2843], [121.7278, 25.29], [121.7323, 25.3058], [121.7376, 25.3105], [121.7475, 25.3123]]}}, {"type": "Feature", "properties": {"name": "Shuanglienpo structure"}, "geometry": {"type": "LineString", "coordinates": [[121.1088, 24.9193], [121.1163, 24.9259], [121.1213, 24.9299], [121.1471, 24.9492], [121.1533, 24.9535], [121.1641, 24.9571], [121.1756, 24.9588], [121.1832, 24.9593]]}}, {"type": "Feature", "properties": {"name": "Yangmei structure"}, "geometry": {"type": "LineString", "coordinates": [[121.0695, 24.8898], [121.078, 24.8915], [121.091, 24.8921], [121.0985, 24.8924], [121.1114, 24.8968], [121.1199, 24.9002], [121.127, 24.9054], [121.1344, 24.9119], [121.1397, 24.9157], [121.1505, 24.9167], [121.1578, 24.9164], [121.1653, 24.917], [121.172, 24.919], [121.1787, 24.921], [121.1907, 24.9261], [121.1972, 24.9283], [121.2036, 24.9305], [121.2115, 24.9319], [121.2161, 24.9319], [121.2208, 24.9319], [121.2255, 24.9249], [121.2353, 24.9236], [121.2457, 24.9241], [121.2535, 24.9236], [121.262, 24.9215], [121.2682, 24.9201]]}}, {"type": "Feature", "properties": {"name": "Hukou fault"}, "geometry": {"type": "LineString", "coordinates": [[121.0347, 24.8591], [121.0399, 24.8697], [121.0475, 24.8769], [121.0561, 24.8752], [121.0637, 24.8761], [121.0732, 24.8819], [121.0803, 24.8847], [121.0912, 24.8839], [121.0932, 24.8854], [121.0991, 24.89], [121.1053, 24.8927], [121.1146, 24.8936], [121.1243, 24.8912], [121.1338, 24.8915], [121.1401, 24.8916], [121.1511, 24.898], [121.1597, 24.9033], [121.1648, 24.9054], [121.178, 24.9056], [121.1909, 24.907], [121.1976, 24.9074], [121.2058, 24.9065], [121.2136, 24.9078], [121.2212, 24.9068], [121.2305, 24.9045], [121.2353, 24.9051], [121.2443, 24.9037], [121.2527, 24.9035], [121.2626, 24.9022], [121.2672, 24.9018]]}}, {"type": "Feature", "properties": {"name": "Fengshan River strike-slip structure"}, "geometry": {"type": "LineString", "coordinates": [[120.9612, 24.8954], [120.9708, 24.8908], [120.9805, 24.8884], [120.9883, 24.8868], [120.9998, 24.8864], [121.0147, 24.8861], [121.0219, 24.8853], [121.0372, 24.8787], [121.0475, 24.8769], [121.0638, 24.8695], [121.0858, 24.8607], [121.0938, 24.8572], [121.1087, 24.8505], [121.1156, 24.8472], [121.1263, 24.8449], [121.1448, 24.8437], [121.1494, 24.8428], [121.1624, 24.8362], [121.1723, 24.832], [121.1863, 24.8261], [121.1926, 24.8242], [121.1988, 24.8222], [121.2082, 24.8221], [121.2142, 24.8208], [121.2204, 24.8203], [121.2274, 24.8183], [121.2366, 24.8162], [121.245, 24.8165]]}}, {"type": "Feature", "properties": {"name": "Hsinchu fault"}, "geometry": {"type": "LineString", "coordinates": [[120.9284, 24.7884], [120.9394, 24.7907], [120.9489, 24.7919], [120.9562, 24.7943], [120.9705, 24.798], [120.977, 24.8016], [120.9824, 24.8021], [120.9938, 24.8045], [120.9997, 24.804], [121.0142, 24.7991], [121.0267, 24.7987], [121.0314, 24.7987], [121.0367, 24.7978], [121.0482, 24.7943]]}}, {"type": "Feature", "properties": {"name": "Hsincheng fault"}, "geometry": {"type": "LineString", "coordinates": [[120.9609, 24.7455], [120.9702, 24.7528], [120.9762, 24.7589], [120.9833, 24.761], [120.9918, 24.7635], [121.0109, 24.7639], [121.0213, 24.7679], [121.027, 24.772], [121.0367, 24.7749], [121.042, 24.7791], [121.047, 24.783], [121.0549, 24.7859], [121.0577, 24.7873], [121.0645, 24.7891], [121.0701, 24.7901], [121.0747, 24.7901]]}}, {"type": "Feature", "properties": {"name": "Hsinchu frontal structure"}, "geometry": {"type": "LineString", "coordinates": [[120.8664, 24.7162], [120.8674, 24.7212], [120.8734, 24.7274], [120.8775, 24.7294], [120.8821, 24.7334], [120.8915, 24.7375], [120.9062, 24.7445], [120.9075, 24.7492], [120.9122, 24.755], [120.914, 24.7585], [120.9152, 24.7644], [120.9174, 24.7701], [120.9184, 24.7751], [120.9199, 24.7828], [120.9246, 24.7854]]}}, {"type": "Feature", "properties": {"name": "Touhuanping structure"}, "geometry": {"type": "LineString", "coordinates": [[120.7949, 24.662], [120.8117, 24.6656], [120.8356, 24.666], [120.8607, 24.6642], [120.8745, 24.6647], [120.8873, 24.6661], [120.9029, 24.6696], [120.9199, 24.6741], [120.9316, 24.6751], [120.9379, 24.6767], [120.9415, 24.6803], [120.9567, 24.6812], [120.9696, 24.68], [120.988, 24.6798], [120.9976, 24.6798], [121.0076, 24.6817], [121.013, 24.6831], [121.0253, 24.684], [121.0351, 24.6841]]}}, {"type": "Feature", "properties": {"name": "Miaoli frontal structure"}, "geometry": {"type": "LineString", "coordinates": [[120.6563, 24.4439], [120.657, 24.4482], [120.663, 24.4582], [120.6634, 24.462], [120.6661, 24.4735], [120.6726, 24.4814], [120.6794, 24.4919], [120.6878, 24.5051], [120.6897, 24.5086], [120.6921, 24.5198], [120.6936, 24.5298], [120.696, 24.5449], [120.6991, 24.5514], [120.7024, 24.5541], [120.7067, 24.5565], [120.7076, 24.5614], [120.7114, 24.5694], [120.7113, 24.5749], [120.7166, 24.5817], [120.7157, 24.5862], [120.7162, 24.5892], [120.7205, 24.5947], [120.7221, 24.5987], [120.7304, 24.6059], [120.7371, 24.6074]]}}, {"type": "Feature", "properties": {"name": "Tunglo structure"}, "geometry": {"type": "LineString", "coordinates": [[120.7611, 24.403], [120.7662, 24.4086], [120.771, 24.4163], [120.7715, 24.426], [120.7737, 24.4375], [120.7756, 24.4489], [120.7767, 24.4646], [120.7767, 24.4722], [120.7767, 24.4798], [120.775, 24.4877], [120.7747, 24.4948], [120.7739, 24.5002]]}}, {"type": "Feature", "properties": {"name": "East Miaoli structure"}, "geometry": {"type": "LineString", "coordinates": [[120.832, 24.466], [120.8313, 24.4712], [120.8306, 24.4765], [120.8306, 24.4811], [120.8327, 24.484], [120.8326, 24.4891], [120.8324, 24.4942], [120.8355, 24.5009], [120.8371, 24.5028], [120.8375, 24.508], [120.8403, 24.5179], [120.8398, 24.5263], [120.8406, 24.5296], [120.8402, 24.5333], [120.8399, 24.5374], [120.8415, 24.5404], [120.8404, 24.5482], [120.841, 24.5552], [120.8418, 24.5615], [120.8433, 24.5655], [120.8447, 24.5748], [120.8467, 24.5837], [120.8478, 24.5899]]}}, {"type": "Feature", "properties": {"name": "Shihtan fault"}, "geometry": {"type": "LineString", "coordinates": [[120.8553, 24.3829], [120.8678, 24.4025], [120.8798, 24.4331], [120.8855, 24.4474], [120.8938, 24.4627], [120.9041, 24.4806], [120.9114, 24.4949], [120.9147, 24.5034], [120.9224, 24.5217], [120.9297, 24.5409], [120.9368, 24.5537], [120.9415, 24.5638], [120.9472, 24.5708], [120.9573, 24.5827], [120.9623, 24.5914], [120.9681, 24.5988], [120.9736, 24.6087], [120.9767, 24.6148]]}}, {"type": "Feature", "properties": {"name": "Sanyi fault"}, "geometry": {"type": "LineString", "coordinates": [[120.7302, 24.2346], [120.7309, 24.2485], [120.734, 24.2626], [120.7342, 24.2675], [120.7354, 24.2691], [120.7354, 24.2737], [120.7346, 24.2816], [120.7345, 24.2843], [120.7339, 24.2901], [120.7391, 24.2969], [120.7389, 24.2997], [120.7369, 24.3018], [120.7356, 24.3104], [120.7371, 24.3133], [120.741, 24.3175], [120.7388, 24.325], [120.7383, 24.3337], [120.7368, 24.3442], [120.7368, 24.3555], [120.7403, 24.3626], [120.7455, 24.3682], [120.752, 24.375], [120.7538, 24.3843], [120.7632, 24.4009], [120.7658, 24.4032], [120.7707, 24.404], [120.7784, 24.4084], [120.7849, 24.4078], [120.7891, 24.4071], [120.7923, 24.403], [120.803, 24.3992], [120.8092, 24.3973], [120.8173, 24.3962], [120.8239, 24.3966], [120.8306, 24.3971]]}}, {"type": "Feature", "properties": {"name": "Tuntzuchiao fault"}, "geometry": {"type": "LineString", "coordinates": [[120.6135, 24.265], [120.6548, 24.2792], [120.6923, 24.2938], [120.7218, 24.3076], [120.741, 24.3175], [120.7651, 24.3357], [120.7722, 24.34], [120.8025, 24.3464], [120.8299, 24.3601], [120.8351, 24.3619]]}}, {"type": "Feature", "properties": {"name": "Changhua fault"}, "geometry": {"type": "LineString", "coordinates": [[120.6455, 24.3653], [120.6348, 24.3559], [120.6292, 24.3458], [120.6244, 24.3381], [120.6158, 24.3328], [120.6124, 24.3268], [120.608, 24.3051], [120.6009, 24.2998], [120.59, 24.2849], [120.5803, 24.2737], [120.5724, 24.2573], [120.5634, 24.2437], [120.5593, 24.2308], [120.5551, 24.2216], [120.5486, 24.2059], [120.5486, 24.1962], [120.5498, 24.1868], [120.5438, 24.1728], [120.5453, 24.1559], [120.5498, 24.1405], [120.5508, 24.1219], [120.5486, 24.0999], [120.548, 24.0743], [120.5451, 24.0527], [120.5494, 24.031], [120.5546, 24.0229], [120.5814, 24.0067], [120.5997, 23.9771], [120.6065, 23.9669], [120.6221, 23.915], [120.6143, 23.8872], [120.6085, 23.8592], [120.6068, 23.8442], [120.6068, 23.8333], [120.6175, 23.8209], [120.6354, 23.8048], [120.6471, 23.7944], [120.6596, 23.7734], [120.6622, 23.7679], [120.6638, 23.754], [120.6693, 23.7344], [120.6697, 23.7256], [120.6652, 23.7098], [120.6628, 23.7056], [120.6612, 23.689], [120.666, 23.6723], [120.6661, 23.6629]]}}, {"type": "Feature", "properties": {"name": "Chelungpu fault"}, "geometry": {"type": "LineString", "coordinates": [[120.6451, 23.6392], [120.6619, 23.6577], [120.6696, 23.6646], [120.6788, 23.6692], [120.6846, 23.6741], [120.6897, 23.6776], [120.6962, 23.685], [120.7016, 23.699], [120.7039, 23.7107], [120.7038, 23.7162], [120.6987, 23.7288], [120.6984, 23.7405], [120.7027, 23.7553], [120.7107, 23.7623], [120.7076, 23.7722], [120.7097, 23.7785], [120.7113, 23.7872], [120.7083, 23.7922], [120.7118, 23.7962], [120.7136, 23.8017], [120.707, 23.8063], [120.7074, 23.8112], [120.7106, 23.817], [120.7151, 23.8246], [120.7156, 23.8285], [120.7082, 23.8356], [120.7038, 23.8401], [120.7034, 23.8491], [120.7063, 23.8607], [120.7075, 23.8731], [120.7124, 23.8759], [120.7144, 23.8806], [120.7125, 23.8916], [120.7098, 23.8959], [120.7066, 23.8994], [120.7037, 23.9097], [120.7036, 23.9143], [120.7099, 23.9282], [120.7049, 23.936], [120.7036, 23.9429], [120.7004, 23.9478], [120.6973, 23.9488], [120.6866, 23.9598], [120.6889, 23.9672], [120.6923, 23.9718], [120.6904, 23.9786], [120.689, 23.9991], [120.6953, 24.0054], [120.6985, 24.0101], [120.6987, 24.0142], [120.6979, 24.0227], [120.6996, 24.0293], [120.6964, 24.0346], [120.6916, 24.0407], [120.6914, 24.045], [120.6934, 24.0497], [120.6999, 24.0536], [120.7, 24.0623], [120.7036, 24.0699], [120.715, 24.0717], [120.7218, 24.0768], [120.7243, 24.0855], [120.7368, 24.0871], [120.732, 24.0959], [120.7342, 24.1084], [120.7394, 24.1176], [120.7356, 24.1278], [120.7346, 24.1407], [120.7389, 24.1509], [120.7351, 24.1655], [120.7294, 24.177], [120.7221, 24.1899], [120.7248, 24.2014], [120.726, 24.2084], [120.7247, 24.2144], [120.7289, 24.2221], [120.7302, 24.2346], [120.738, 24.2448], [120.7448, 24.2572], [120.757, 24.2744], [120.7596, 24.2811], [120.7658, 24.2852], [120.7699, 24.2834], [120.7777, 24.2843], [120.7889, 24.2844], [120.7967, 24.2853], [120.8032, 24.2876], [120.8204, 24.2966], [120.8267, 24.3023], [120.8302, 24.3085], [120.8338, 24.32]]}}, {"type": "Feature", "properties": {"name": "Tamaopu - Shuangtung fault"}, "geometry": {"type": "LineString", "coordinates": [[120.9346, 24.2806], [120.9312, 24.2782], [120.9292, 24.2771], [120.9289, 24.2768], [120.9281, 24.2765], [120.9261, 24.2754], [120.924, 24.2745], [120.917, 24.2719], [120.914, 24.2705], [120.9115, 24.2693], [120.9098, 24.2684], [120.9081, 24.2675], [120.9046, 24.266], [120.9021, 24.2652], [120.898, 24.2636], [120.8957, 24.2622], [120.8939, 24.2613], [120.8927, 24.2604], [120.8918, 24.2598], [120.8902, 24.2587], [120.8882, 24.2572], [120.887, 24.2565], [120.8826, 24.2535], [120.8814, 24.2521], [120.8795, 24.2503], [120.8775, 24.2485], [120.8766, 24.2466], [120.876, 24.245], [120.8749, 24.2434], [120.8735, 24.2412], [120.8721, 24.2395], [120.8709, 24.2378], [120.8685, 24.2317], [120.8676, 24.2295], [120.8675, 24.2285], [120.8663, 24.2255], [120.8649, 24.2236], [120.8627, 24.2207], [120.86, 24.2174], [120.8567, 24.214], [120.854, 24.2108], [120.8513, 24.2061], [120.8499, 24.2036], [120.8483, 24.2011], [120.8453, 24.1966], [120.8423, 24.191], [120.841, 24.19], [120.841, 24.19], [120.8377, 24.1877], [120.8356, 24.1865], [120.8337, 24.1856], [120.8319, 24.1848], [120.8298, 24.184], [120.8282, 24.1834], [120.8265, 24.1826], [120.8263, 24.1825], [120.8234, 24.181], [120.8211, 24.1796], [120.8187, 24.1782], [120.8169, 24.177], [120.815, 24.1756], [120.8135, 24.1741], [120.8121, 24.1723], [120.811, 24.1701], [120.8106, 24.1684], [120.8104, 24.1666], [120.8104, 24.1637], [120.8104, 24.1614], [120.8103, 24.1587], [120.8102, 24.157], [120.81, 24.1557], [120.8095, 24.1547], [120.8089, 24.1536], [120.8079, 24.1525], [120.8067, 24.1515], [120.8058, 24.1505], [120.8052, 24.1496], [120.8051, 24.1496], [120.8048, 24.1465], [120.8003, 24.1335], [120.7985, 24.1299], [120.798, 24.1266], [120.7979, 24.1258], [120.7975, 24.1233], [120.7975, 24.122], [120.7973, 24.1202], [120.7973, 24.1188], [120.7976, 24.1174], [120.7975, 24.1151], [120.7976, 24.1148], [120.7983, 24.112], [120.7985, 24.1112], [120.7997, 24.1095], [120.8013, 24.1071], [120.8025, 24.1048], [120.8038, 24.1026], [120.8042, 24.1011], [120.8045, 24.0997], [120.8048, 24.097], [120.8049, 24.0955], [120.8051, 24.0928], [120.8056, 24.091], [120.8059, 24.0888], [120.8063, 24.087], [120.8069, 24.0844], [120.8072, 24.0834], [120.8072, 24.0833], [120.8073, 24.0823], [120.8078, 24.081], [120.808, 24.0802], [120.8086, 24.0789], [120.8088, 24.0778], [120.809, 24.0771], [120.809, 24.077], [120.8088, 24.0748], [120.8085, 24.0718], [120.8084, 24.0698], [120.8081, 24.0693], [120.8075, 24.0676], [120.8073, 24.0665], [120.8073, 24.0654], [120.8067, 24.063], [120.8062, 24.0607], [120.8062, 24.06], [120.8061, 24.0579], [120.806, 24.0573], [120.8057, 24.0507], [120.8057, 24.0478], [120.8064, 24.0452], [120.806, 24.042], [120.806, 24.0388], [120.8056, 24.0362], [120.8057, 24.0349], [120.8058, 24.0329], [120.8059, 24.0311], [120.806, 24.0292], [120.806, 24.0289], [120.8065, 24.0244], [120.807, 24.0195], [120.8072, 24.0171], [120.807, 24.014], [120.8069, 24.0125], [120.806, 24.0094], [120.8051, 24.007], [120.8035, 24.0045], [120.8023, 24.0023], [120.8018, 24.0014], [120.8015, 24.0007], [120.8013, 24.0003], [120.8011, 23.9997], [120.801, 23.9987], [120.8009, 23.9978], [120.8009, 23.9978], [120.8003, 23.9959], [120.7994, 23.994], [120.7983, 23.9921], [120.7969, 23.9898], [120.796, 23.9886], [120.795, 23.9876], [120.7922, 23.9845], [120.7904, 23.9823], [120.7884, 23.9795], [120.7881, 23.9792], [120.7874, 23.9776], [120.7866, 23.9756], [120.7862, 23.9734], [120.786, 23.9711], [120.7858, 23.9684], [120.7859, 23.9673], [120.786, 23.9656], [120.7861, 23.9645], [120.7865, 23.963], [120.7867, 23.9617], [120.7867, 23.9596], [120.7873, 23.9574], [120.7877, 23.9558], [120.7881, 23.9545], [120.7877, 23.9527], [120.7867, 23.9509], [120.7849, 23.9477], [120.7839, 23.9452], [120.7839, 23.9426], [120.7843, 23.9412], [120.7852, 23.9386], [120.7852, 23.9386], [120.7854, 23.9378], [120.7856, 23.9365], [120.7859, 23.9347], [120.7858, 23.9324], [120.7855, 23.931], [120.7855, 23.9296], [120.7856, 23.9281], [120.7859, 23.9266], [120.7863, 23.9248], [120.7869, 23.9235], [120.7876, 23.9225], [120.7878, 23.9219], [120.788, 23.921], [120.7891, 23.9171], [120.7894, 23.9163], [120.7897, 23.9149], [120.7895, 23.9141], [120.7893, 23.9131], [120.7889, 23.909], [120.7882, 23.9058], [120.7875, 23.9021], [120.7875, 23.9003], [120.7877, 23.8994], [120.7883, 23.8985], [120.7897, 23.8971], [120.7911, 23.8958], [120.7931, 23.8942], [120.7941, 23.8932], [120.7961, 23.8921], [120.797, 23.8916], [120.7977, 23.8908], [120.7982, 23.8896], [120.7989, 23.8882], [120.799, 23.8879], [120.7996, 23.8869], [120.8003, 23.8855], [120.8006, 23.8841], [120.8007, 23.8823], [120.8006, 23.8806], [120.8007, 23.8804], [120.8005, 23.8798], [120.8003, 23.8787], [120.8004, 23.8777], [120.8005, 23.8761], [120.8007, 23.8749], [120.8014, 23.8733], [120.8015, 23.8732], [120.8017, 23.8722], [120.8019, 23.8711], [120.8025, 23.869], [120.803, 23.8677], [120.8032, 23.8667], [120.8031, 23.8654], [120.8036, 23.8635], [120.8042, 23.8604], [120.805, 23.8585], [120.805, 23.8569], [120.8054, 23.8538], [120.8058, 23.8511], [120.8058, 23.8501], [120.8061, 23.849], [120.806, 23.8475], [120.8066, 23.8461], [120.8072, 23.8451], [120.8083, 23.8439], [120.809, 23.8431], [120.8095, 23.8419], [120.8102, 23.8411], [120.8118, 23.8392], [120.8154, 23.8363], [120.8178, 23.8345], [120.8199, 23.8333], [120.8217, 23.832], [120.8236, 23.8307], [120.8252, 23.8281], [120.8263, 23.8264], [120.8268, 23.8244], [120.8268, 23.8243], [120.827, 23.8207], [120.827, 23.8173], [120.8269, 23.8157], [120.8266, 23.8132], [120.8263, 23.8098], [120.8261, 23.8088], [120.8261, 23.8084], [120.8249, 23.8057], [120.8234, 23.8029], [120.8217, 23.8004], [120.8197, 23.7977], [120.8182, 23.796], [120.815, 23.7933], [120.8114, 23.7912], [120.8089, 23.7894], [120.8066, 23.7877], [120.8065, 23.7877], [120.8041, 23.7857], [120.8023, 23.7841], [120.8013, 23.7825], [120.8004, 23.7804], [120.7997, 23.7782], [120.7998, 23.776], [120.7996, 23.7732], [120.7999, 23.7678], [120.7998, 23.7642], [120.7998, 23.7611], [120.8001, 23.7582], [120.8003, 23.7556], [120.8004, 23.7532], [120.8004, 23.7516], [120.8015, 23.7483]]}}, {"type": "Feature", "properties": {"name": "Chiuchiungkeng fault"}, "geometry": {"type": "LineString", "coordinates": [[120.5074, 23.3945], [120.5134, 23.4023], [120.5147, 23.41], [120.5163, 23.4157], [120.5169, 23.4256], [120.5174, 23.4317], [120.5196, 23.4399], [120.5313, 23.4605], [120.5338, 23.4711], [120.5342, 23.4806], [120.5336, 23.4876], [120.5316, 23.4934], [120.552, 23.5153], [120.5525, 23.5263], [120.557, 23.5381], [120.5577, 23.5484], [120.559, 23.5587], [120.559, 23.5675], [120.5603, 23.5718], [120.5625, 23.5818], [120.57, 23.6087], [120.5717, 23.615], [120.5752, 23.623], [120.575, 23.635], [120.577, 23.6385], [120.5791, 23.648], [120.5809, 23.6609], [120.5944, 23.6678]]}}, {"type": "Feature", "properties": {"name": "Meishan fault"}, "geometry": {"type": "LineString", "coordinates": [[120.4265, 23.5507], [120.4287, 23.5519], [120.4357, 23.5537], [120.4487, 23.5583], [120.4807, 23.5687], [120.5175, 23.5802], [120.5428, 23.5882], [120.5509, 23.5903], [120.5632, 23.5945], [120.578, 23.5995], [120.5958, 23.6092], [120.6156, 23.6202], [120.6283, 23.6275], [120.6329, 23.6327], [120.6375, 23.6371], [120.6393, 23.6379]]}}, {"type": "Feature", "properties": {"name": "Chiayi frontal structure"}, "geometry": {"type": "LineString", "coordinates": [[120.1848, 23.1477], [120.1848, 23.1826], [120.1849, 23.2174], [120.1914, 23.2986], [120.194, 23.3215], [120.1987, 23.3552], [120.2034, 23.3888], [120.2075, 23.4144], [120.2116, 23.44], [120.2179, 23.4672], [120.2241, 23.4944], [120.2319, 23.5187], [120.2397, 23.5431]]}}, {"type": "Feature", "properties": {"name": "Muchiliao - Liuchia fault"}, "geometry": {"type": "LineString", "coordinates": [[120.3724, 23.1899], [120.366, 23.2009], [120.3659, 23.2217], [120.3699, 23.2334], [120.3772, 23.2458], [120.3889, 23.2693], [120.3975, 23.2875], [120.4025, 23.2942], [120.4089, 23.2989], [120.4328, 23.3104], [120.4424, 23.3254], [120.4498, 23.3444], [120.4578, 23.3629], [120.4601, 23.3678], [120.4682, 23.3821]]}}, {"type": "Feature", "properties": {"name": "Chungchou structure"}, "geometry": {"type": "LineString", "coordinates": [[120.3179, 22.9576], [120.3131, 22.9728], [120.3114, 22.9843], [120.3097, 22.9925], [120.3104, 23.002], [120.3162, 23.0224], [120.3274, 23.0358], [120.3309, 23.0477], [120.3321, 23.0568], [120.3349, 23.0722], [120.3359, 23.074], [120.3393, 23.0809], [120.3609, 23.0896], [120.3639, 23.1027], [120.3648, 23.1099], [120.3638, 23.1169], [120.3573, 23.1253], [120.3533, 23.1346], [120.3515, 23.1424], [120.3512, 23.1515], [120.3487, 23.1575], [120.3439, 23.1618], [120.3343, 23.1741], [120.3263, 23.1718], [120.3192, 23.1791], [120.3197, 23.1849]]}}, {"type": "Feature", "properties": {"name": "Hsinhua fault"}, "geometry": {"type": "LineString", "coordinates": [[120.2371, 23.0412], [120.2518, 23.0466], [120.2593, 23.0503], [120.2706, 23.0544], [120.2856, 23.0611], [120.3012, 23.0688], [120.3144, 23.0751], [120.3276, 23.0814], [120.3365, 23.0849], [120.3445, 23.0859], [120.3525, 23.0862], [120.3635, 23.0891]]}}, {"type": "Feature", "properties": {"name": "Houchiali fault"}, "geometry": {"type": "LineString", "coordinates": [[120.2268, 22.934], [120.2345, 22.9424], [120.238, 22.9514], [120.2393, 22.9601], [120.2447, 22.973], [120.2472, 22.9888], [120.2471, 22.9998], [120.2499, 23.0124], [120.2502, 23.0208], [120.2502, 23.0267], [120.2508, 23.0336]]}}, {"type": "Feature", "properties": {"name": "Chishan fault"}, "geometry": {"type": "LineString", "coordinates": [[120.3604, 22.7738], [120.3663, 22.7768], [120.3698, 22.7828], [120.3783, 22.7882], [120.3873, 22.7929], [120.3909, 22.7948], [120.3998, 22.7974], [120.4143, 22.8146], [120.4234, 22.824], [120.4286, 22.8293], [120.434, 22.8358], [120.4426, 22.8435], [120.4504, 22.8501], [120.4544, 22.8538], [120.4642, 22.8611], [120.4709, 22.8616], [120.474, 22.8733], [120.4776, 22.8818], [120.4797, 22.8922], [120.4806, 22.8962], [120.4923, 22.8999], [120.5018, 22.9049], [120.5103, 22.9114], [120.5207, 22.9178], [120.5253, 22.9207], [120.5332, 22.9281], [120.5408, 22.9348], [120.5495, 22.9411], [120.5584, 22.9442], [120.5714, 22.9483], [120.5835, 22.9507], [120.5913, 22.9526], [120.5992, 22.9545], [120.6064, 22.9546], [120.6136, 22.9548]]}}, {"type": "Feature", "properties": {"name": "Hsiaokangshan fault"}, "geometry": {"type": "LineString", "coordinates": [[120.3277, 22.8104], [120.3272, 22.8177], [120.3278, 22.8254], [120.3282, 22.8309], [120.3285, 22.8364], [120.331, 22.8445], [120.333, 22.847], [120.3366, 22.8486], [120.3375, 22.8546], [120.3382, 22.8609], [120.3392, 22.8635], [120.3413, 22.8678], [120.3434, 22.8694], [120.3506, 22.8733], [120.3612, 22.8763]]}}, {"type": "Feature", "properties": {"name": "Kaoping River structure"}, "geometry": {"type": "LineString", "coordinates": [[120.4689, 22.8572], [120.4678, 22.8515], [120.4642, 22.8486], [120.4593, 22.8428], [120.4596, 22.8342], [120.4601, 22.8282], [120.4609, 22.8199], [120.4607, 22.8152], [120.4597, 22.8049], [120.4592, 22.7996], [120.4585, 22.7963], [120.4551, 22.7846], [120.4504, 22.7716], [120.4485, 22.7659], [120.4485, 22.7549], [120.4475, 22.7465], [120.446, 22.7409], [120.4448, 22.7347], [120.4416, 22.7263], [120.4397, 22.7214], [120.4359, 22.7139], [120.4345, 22.7093], [120.4331, 22.7001], [120.4312, 22.6885], [120.4315, 22.6839], [120.4303, 22.6786], [120.4291, 22.6733], [120.4269, 22.6676], [120.4277, 22.6638], [120.4267, 22.6556], [120.4247, 22.6493], [120.4236, 22.6449], [120.4226, 22.6405], [120.4228, 22.6303], [120.4236, 22.6208], [120.4224, 22.6113], [120.4218, 22.6018]]}}, {"type": "Feature", "properties": {"name": "Chaochou fault"}, "geometry": {"type": "LineString", "coordinates": [[120.66, 23.0065], [120.6553, 22.9946], [120.6549, 22.9791], [120.6511, 22.9658], [120.6504, 22.9381], [120.6487, 22.9118], [120.6479, 22.8995], [120.6453, 22.8799], [120.6444, 22.8666], [120.6386, 22.8578], [120.6275, 22.8469], [120.6249, 22.8174], [120.6209, 22.801], [120.6211, 22.7914], [120.6264, 22.7762], [120.6257, 22.7558], [120.6181, 22.7447], [120.6164, 22.7364], [120.6094, 22.6727], [120.602, 22.6508], [120.6003, 22.6375], [120.6013, 22.6243], [120.6243, 22.5826], [120.6257, 22.5807], [120.6261, 22.5751], [120.6238, 22.554], [120.6223, 22.5385], [120.6224, 22.5231], [120.6207, 22.5038], [120.6197, 22.4964], [120.615, 22.4879], [120.61, 22.4715], [120.6101, 22.4597], [120.6119, 22.4382], [120.6117, 22.4368], [120.611, 22.4132], [120.6124, 22.3972], [120.615, 22.3781], [120.6213, 22.3513], [120.6231, 22.3467], [120.6243, 22.3438], [120.63, 22.3295], [120.6382, 22.3114]]}}, {"type": "Feature", "properties": {"name": "Hengchun fault"}, "geometry": {"type": "LineString", "coordinates": [[120.7183, 22.0921], [120.7231, 22.0811], [120.7272, 22.0708], [120.7349, 22.0522], [120.739, 22.0437], [120.7437, 22.0322], [120.7486, 22.0208], [120.7515, 22.0085], [120.756, 21.9894], [120.7587, 21.9754], [120.7616, 21.9624], [120.7832, 21.9409], [120.7916, 21.9305], [120.8316, 21.8692], [120.8547, 21.8438], [120.8828, 21.7992]]}}, {"type": "Feature", "properties": {"name": "Hengchun offshore structure"}, "geometry": {"type": "LineString", "coordinates": [[120.6838, 22.0406], [120.6828, 22.0306], [120.6829, 22.0197], [120.6869, 22.0101], [120.6906, 22.0016], [120.6933, 21.9972], [120.701, 21.9885], [120.7057, 21.983], [120.7097, 21.9745], [120.7109, 21.963], [120.7103, 21.9552], [120.71, 21.941], [120.7105, 21.9346], [120.7124, 21.9258], [120.7143, 21.9171]]}}, {"type": "Feature", "properties": {"name": "Milun fault"}, "geometry": {"type": "LineString", "coordinates": [[121.6083, 23.9695], [121.6094, 23.9833], [121.6112, 23.9907], [121.6151, 23.9996], [121.6184, 24.0104], [121.6233, 24.0185], [121.6316, 24.0264], [121.6323, 24.0275], [121.6796, 24.0606], [121.6923, 24.0718], [121.7412, 24.1079]]}}, {"type": "Feature", "properties": {"name": "Longitudinal Valley fault"}, "geometry": {"type": "LineString", "coordinates": [[121.6086, 23.936], [121.5976, 23.9174], [121.5895, 23.906], [121.5819, 23.896], [121.575, 23.8882], [121.563, 23.8783], [121.5548, 23.8729], [121.5497, 23.8665], [121.5404, 23.8503], [121.5399, 23.8424], [121.5348, 23.8315], [121.5321, 23.8173], [121.5264, 23.8023], [121.5229, 23.7874], [121.5097, 23.7717], [121.5, 23.7616], [121.4918, 23.7458], [121.4893, 23.7348], [121.4914, 23.7201], [121.4901, 23.7059], [121.4827, 23.6905], [121.4718, 23.6788], [121.4601, 23.655], [121.4476, 23.6354], [121.4326, 23.6223], [121.4185, 23.6012], [121.4089, 23.5953], [121.4014, 23.5901], [121.4019, 23.5714], [121.395, 23.5562], [121.3917, 23.5479], [121.3889, 23.544], [121.3886, 23.5329], [121.3889, 23.5196], [121.3922, 23.5086], [121.3973, 23.5007], [121.403, 23.4856], [121.4033, 23.4739], [121.4026, 23.4614], [121.4025, 23.4538], [121.3915, 23.4512], [121.3882, 23.4482], [121.3811, 23.4364], [121.3734, 23.4249], [121.3685, 23.4164], [121.3596, 23.4082], [121.3601, 23.4042], [121.3573, 23.3956], [121.3544, 23.3918], [121.3521, 23.3781], [121.3479, 23.3651], [121.3457, 23.356], [121.3399, 23.3445], [121.3374, 23.3363], [121.3369, 23.3212], [121.3328, 23.3082], [121.3259, 23.2964], [121.3212, 23.291], [121.3169, 23.2825], [121.3089, 23.2735], [121.3003, 23.2654], [121.2964, 23.2556], [121.293, 23.2472], [121.2834, 23.2375], [121.2773, 23.2238], [121.2732, 23.2133], [121.2697, 23.1993], [121.2618, 23.1876], [121.252, 23.1802], [121.2472, 23.1698], [121.2382, 23.1592], [121.2378, 23.1473], [121.2339, 23.1298], [121.2298, 23.1205], [121.2242, 23.1095], [121.2176, 23.0963], [121.2114, 23.0893], [121.2145, 23.0872], [121.2151, 23.0764], [121.2093, 23.0656], [121.2059, 23.0587], [121.2008, 23.0532], [121.193, 23.0449], [121.1868, 23.0408], [121.1823, 23.0305], [121.1762, 23.024], [121.1734, 23.0199], [121.17, 23.0092], [121.1706, 22.997], [121.173, 22.9817], [121.1707, 22.9666], [121.1659, 22.9539], [121.1624, 22.9479], [121.1591, 22.9363], [121.157, 22.9279], [121.1526, 22.9185], [121.1499, 22.9081], [121.1467, 22.9008], [121.1434, 22.8876], [121.1453, 22.8754], [121.1417, 22.8639], [121.1369, 22.847], [121.1325, 22.8301], [121.133, 22.8206], [121.1335, 22.811], [121.1349, 22.8068], [121.1369, 22.7996], [121.1386, 22.7936], [121.141, 22.788]]}}, {"type": "Feature", "properties": {"name": "Central Range structure"}, "geometry": {"type": "LineString", "coordinates": [[121.4012, 23.4904], [121.3969, 23.4877], [121.3925, 23.485], [121.3903, 23.4837], [121.385, 23.4762], [121.3833, 23.4726], [121.3788, 23.4682], [121.3743, 23.4646], [121.37, 23.4613], [121.3682, 23.4575], [121.3662, 23.4564], [121.3637, 23.4529], [121.363, 23.4502], [121.3611, 23.4437], [121.3561, 23.4371], [121.354, 23.4342], [121.3525, 23.4291], [121.3472, 23.429], [121.345, 23.425], [121.3427, 23.4211], [121.3413, 23.4167], [121.3378, 23.414], [121.3343, 23.4081], [121.3308, 23.4023], [121.3273, 23.3988], [121.3238, 23.3954], [121.3252, 23.3891], [121.3264, 23.3827], [121.3254, 23.3784], [121.3243, 23.3742], [121.3233, 23.3645], [121.3223, 23.3548], [121.3205, 23.3516], [121.3147, 23.3472], [121.312, 23.3413], [121.3092, 23.3353], [121.3041, 23.3271], [121.3003, 23.3173], [121.2966, 23.3076], [121.2926, 23.3006], [121.2886, 23.2936], [121.2872, 23.2884], [121.2858, 23.2831], [121.2858, 23.2773], [121.2842, 23.2716], [121.2825, 23.2658], [121.2797, 23.2601], [121.2768, 23.2544], [121.2732, 23.2467], [121.271, 23.2387], [121.2679, 23.2319], [121.2658, 23.2266], [121.2637, 23.2212], [121.2601, 23.218], [121.2549, 23.2146], [121.2527, 23.2088], [121.2533, 23.204], [121.2523, 23.199], [121.2481, 23.1935], [121.244, 23.1869], [121.24, 23.1804], [121.2335, 23.1699], [121.2271, 23.1593], [121.2248, 23.1528], [121.2182, 23.1478], [121.2117, 23.1428], [121.2097, 23.1428], [121.2028, 23.1251], [121.196, 23.1074], [121.1925, 23.0944], [121.189, 23.0813], [121.1754, 23.0451], [121.1609, 22.9808], [121.1455, 22.9266], [121.1334, 22.8965], [121.1293, 22.8757], [121.1232, 22.8363], [121.1224, 22.8279], [121.1199, 22.8188], [121.1197, 22.8044], [121.1176, 22.79]]}}, {"type": "Feature", "properties": {"name": "Luyeh fault"}, "geometry": {"type": "LineString", "coordinates": [[121.1349, 22.9448], [121.131, 22.9419], [121.1271, 22.9389], [121.1238, 22.9337], [121.1205, 22.9299], [121.1182, 22.9253], [121.1146, 22.9175], [121.1133, 22.9142], [121.1119, 22.908], [121.1121, 22.9006], [121.1124, 22.8927], [121.1105, 22.8887], [121.1092, 22.8832], [121.1068, 22.8804], [121.1006, 22.8755], [121.1003, 22.8716], [121.1, 22.8678], [121.0977, 22.8626], [121.0956, 22.8584], [121.0944, 22.8543], [121.0946, 22.8495], [121.0961, 22.8438], [121.0971, 22.8383], [121.0947, 22.8285], [121.0931, 22.8221], [121.0915, 22.8135], [121.0929, 22.807], [121.0969, 22.8009]]}}, {"type": "Feature", "properties": {"name": "Taimali coastline structure"}, "geometry": {"type": "LineString", "coordinates": [[121.0403, 22.699], [121.0391, 22.6779], [121.0287, 22.6618], [121.0254, 22.6581], [121.0147, 22.6298], [121.0109, 22.62], [120.9931, 22.5898], [120.984, 22.5741], [120.9778, 22.557], [120.9693, 22.5321], [120.9662, 22.5224], [120.9536, 22.4861], [120.9463, 22.4616], [120.9404, 22.4431], [120.9312, 22.4228], [120.9236, 22.4048], [120.9172, 22.3906], [120.912, 22.3795], [120.9087, 22.3651], [120.9065, 22.3593], [120.9011, 22.3485], [120.8972, 22.3412]]}}, {"type": "Feature", "properties": {"name": "Northern Ilan structure"}, "geometry": {"type": "LineString", "coordinates": [[121.8836, 24.9175], [121.8671, 24.9041], [121.8485, 24.8863], [121.8354, 24.8747], [121.8138, 24.8672], [121.799, 24.862], [121.7789, 24.8447], [121.7624, 24.8274], [121.7453, 24.8215], [121.7203, 24.8062], [121.6715, 24.7449], [121.6518, 24.7125], [121.6234, 24.6948], [121.5964, 24.6732], [121.5775, 24.669], [121.5674, 24.6591], [121.5513, 24.6432], [121.5205, 24.6176], [121.5056, 24.6046], [121.4911, 24.6035], [121.4872, 24.5822], [121.47, 24.5658], [121.4618, 24.5565]]}}, {"type": "Feature", "properties": {"name": "Southern Ilan structure"}, "geometry": {"type": "LineString", "coordinates": [[121.6876, 24.6669], [121.7001, 24.6667], [121.7194, 24.6589], [121.7426, 24.6472], [121.7483, 24.6459], [121.7654, 24.6423], [121.779, 24.6296], [121.7975, 24.6236], [121.8046, 24.6207], [121.8129, 24.6142], [121.8258, 24.6135], [121.836, 24.6098], [121.8498, 24.6085], [121.8738, 24.608]]}}, {"type": "Feature", "properties": {}, "geometry": {"type": "LineString", "coordinates": [[128.462, 25.458], [128.978, 25.859]]}}, {"type": "Feature", "properties": {}, "geometry": {"type": "LineString", "coordinates": [[128.978, 25.859], [129.36, 26.191]]}}, {"type": "Feature", "properties": {}, "geometry": {"type": "LineString", "coordinates": [[129.36, 26.191], [129.785, 26.671]]}}, {"type": "Feature", "properties": {}, "geometry": {"type": "LineString", "coordinates": [[129.785, 26.671], [130.211, 27.213]]}}, {"type": "Feature", "properties": {}, "geometry": {"type": "LineString", "coordinates": [[130.211, 27.213], [130.523, 27.709]]}}, {"type": "Feature", "properties": {}, "geometry": {"type": "LineString", "coordinates": [[130.523, 27.709], [130.649, 28.136]]}}, {"type": "Feature", "properties": {}, "geometry": {"type": "LineString", "coordinates": [[130.649, 28.136], [131.097, 28.318]]}}, {"type": "Feature", "properties": {}, "geometry": {"type": "LineString", "coordinates": [[131.097, 28.318], [131.309, 28.451]]}}, {"type": "Feature", "properties": {}, "geometry": {"type": "LineString", "coordinates": [[131.309, 28.451], [131.467, 28.751]]}}, {"type": "Feature", "properties": {}, "geometry": {"type": "LineString", "coordinates": [[131.467, 28.751], [131.524, 28.859]]}}, {"type": "Feature", "properties": {}, "geometry": {"type": "LineString", "coordinates": [[131.524, 28.859], [131.628, 28.987]]}}, {"type": "Feature", "properties": {}, "geometry": {"type": "LineString", "coordinates": [[131.628, 28.987], [131.76, 29.392]]}}, {"type": "Feature", "properties": {}, "geometry": {"type": "LineString", "coordinates": [[131.76, 29.392], [132.073, 29.818]]}}, {"type": "Feature", "properties": {}, "geometry": {"type": "LineString", "coordinates": [[132.073, 29.818], [132.402, 30.215]]}}, {"type": "Feature", "properties": {}, "geometry": {"type": "LineString", "coordinates": [[132.402, 30.215], [132.63, 30.493]]}}, {"type": "Feature", "properties": {}, "geometry": {"type": "LineString", "coordinates": [[132.63, 30.493], [132.824, 30.754]]}}, {"type": "Feature", "properties": {}, "geometry": {"type": "LineString", "coordinates": [[132.824, 30.754], [132.965, 30.97]]}}, {"type": "Feature", "properties": {}, "geometry": {"type": "LineString", "coordinates": [[132.965, 30.97], [133.197, 31.216]]}}, {"type": "Feature", "properties": {}, "geometry": {"type": "LineString", "coordinates": [[133.197, 31.216], [133.5, 31.515]]}}, {"type": "Feature", "properties": {}, "geometry": {"type": "LineString", "coordinates": [[133.5, 31.515], [134.042, 31.882]]}}, {"type": "Feature", "properties": {}, "geometry": {"type": "LineString", "coordinates": [[134.042, 31.882], [134.691, 32.2]]}}, {"type": "Feature", "properties": {}, "geometry": {"type": "LineString", "coordinates": [[134.691, 32.2], [135.026, 32.326]]}}, {"type": "Feature", "properties": {}, "geometry": {"type": "LineString", "coordinates": [[111.569, 17.955], [112.098, 18.038]]}}, {"type": "Feature", "properties": {}, "geometry": {"type": "LineString", "coordinates": [[112.098, 18.038], [112.628, 18.121]]}}, {"type": "Feature", "properties": {}, "geometry": {"type": "LineString", "coordinates": [[112.628, 18.121], [113.313, 18.28]]}}, {"type": "Feature", "properties": {}, "geometry": {"type": "LineString", "coordinates": [[113.313, 18.28], [114.0, 18.438]]}}, {"type": "Feature", "properties": {}, "geometry": {"type": "LineString", "coordinates": [[114.0, 18.438], [114.419, 18.826]]}}, {"type": "Feature", "properties": {}, "geometry": {"type": "LineString", "coordinates": [[120.452, 21.632], [120.344, 21.202]]}}, {"type": "Feature", "properties": {}, "geometry": {"type": "LineString", "coordinates": [[120.344, 21.202], [120.29, 20.631]]}}, {"type": "Feature", "properties": {}, "geometry": {"type": "LineString", "coordinates": [[120.29, 20.631], [120.502, 20.255]]}}, {"type": "Feature", "properties": {}, "geometry": {"type": "LineString", "coordinates": [[120.502, 20.255], [120.441, 19.937]]}}, {"type": "Feature", "properties": {}, "geometry": {"type": "LineString", "coordinates": [[120.441, 19.937], [120.115, 19.487]]}}, {"type": "Feature", "properties": {}, "geometry": {"type": "LineString", "coordinates": [[120.115, 19.487], [119.795, 18.878]]}}, {"type": "Feature", "properties": {}, "geometry": {"type": "LineString", "coordinates": [[119.795, 18.878], [119.279, 18.201]]}}, {"type": "Feature", "properties": {}, "geometry": {"type": "LineString", "coordinates": [[119.279, 18.201], [119.161, 17.629]]}}, {"type": "Feature", "properties": {}, "geometry": {"type": "LineString", "coordinates": [[121.779, 24.255], [122.14, 23.949]]}}, {"type": "Feature", "properties": {}, "geometry": {"type": "LineString", "coordinates": [[122.14, 23.949], [122.501, 23.643]]}}, {"type": "Feature", "properties": {}, "geometry": {"type": "LineString", "coordinates": [[122.501, 23.643], [123.01, 23.469]]}}, {"type": "Feature", "properties": {}, "geometry": {"type": "LineString", "coordinates": [[123.01, 23.469], [123.518, 23.454]]}}, {"type": "Feature", "properties": {}, "geometry": {"type": "LineString", "coordinates": [[123.518, 23.454], [124.026, 23.438]]}}, {"type": "Feature", "properties": {}, "geometry": {"type": "LineString", "coordinates": [[124.026, 23.438], [124.534, 23.42]]}}, {"type": "Feature", "properties": {}, "geometry": {"type": "LineString", "coordinates": [[124.534, 23.42], [125.042, 23.401]]}}, {"type": "Feature", "properties": {}, "geometry": {"type": "LineString", "coordinates": [[125.042, 23.401], [125.55, 23.38]]}}, {"type": "Feature", "properties": {}, "geometry": {"type": "LineString", "coordinates": [[125.55, 23.38], [125.954, 23.498]]}}, {"type": "Feature", "properties": {}, "geometry": {"type": "LineString", "coordinates": [[125.954, 23.498], [126.426, 23.761]]}}, {"type": "Feature", "properties": {}, "geometry": {"type": "LineString", "coordinates": [[126.426, 23.761], [126.901, 24.101]]}}, {"type": "Feature", "properties": {}, "geometry": {"type": "LineString", "coordinates": [[126.901, 24.101], [127.398, 24.503]]}}, {"type": "Feature", "properties": {}, "geometry": {"type": "LineString", "coordinates": [[127.398, 24.503], [127.907, 24.969]]}}, {"type": "Feature", "properties": {}, "geometry": {"type": "LineString", "coordinates": [[127.907, 24.969], [128.462, 25.458]]}}, {"type": "Feature", "properties": {}, "geometry": {"type": "LineString", "coordinates": [[124.148, 25.07], [124.705, 25.12]]}}, {"type": "Feature", "properties": {}, "geometry": {"type": "LineString", "coordinates": [[132.269, 31.257], [132.581, 30.991]]}}, {"type": "Feature", "properties": {}, "geometry": {"type": "LineString", "coordinates": [[132.581, 30.991], [132.824, 30.754]]}}, {"type": "Feature", "properties": {}, "geometry": {"type": "LineString", "coordinates": [[103.225, 23.075], [103.254, 23.069], [103.309, 23.044], [103.362, 23.016], [103.402, 22.996], [103.441, 22.971], [103.467, 22.957], [103.503, 22.921], [103.548, 22.89], [103.59, 22.851], [103.617, 22.832], [103.642, 22.804], [103.708, 22.744], [103.756, 22.703], [103.781, 22.676], [103.819, 22.634], [103.874, 22.58], [103.937, 22.531], [104.001, 22.476], [104.03, 22.451], [104.066, 22.418], [104.117, 22.376], [104.198, 22.313], [104.292, 22.236], [104.371, 22.167], [104.445, 22.095], [104.499, 22.047], [104.559, 21.994], [104.581, 21.98], [104.647, 21.923], [104.709, 21.869], [106.292, 20.153]]}}, {"type": "Feature", "properties": {}, "geometry": {"type": "LineString", "coordinates": [[100.273, 24.666], [100.267, 24.662], [100.26, 24.66], [100.254, 24.656], [100.253, 24.651], [100.249, 24.648], [100.244, 24.643], [100.24, 24.638], [100.235, 24.631], [100.233, 24.623], [100.231, 24.614], [100.217, 24.594], [100.2, 24.57], [100.184, 24.546], [100.169, 24.523], [100.161, 24.51], [100.154, 24.498], [100.143, 24.484], [100.127, 24.465], [100.087, 24.423]]}}, {"type": "Feature", "properties": {}, "geometry": {"type": "LineString", "coordinates": [[97.303, 23.196], [97.323, 23.193], [97.341, 23.192], [97.357, 23.19], [97.374, 23.188], [97.38, 23.19], [97.401, 23.192], [97.425, 23.19], [97.435, 23.189], [97.445, 23.188], [97.455, 23.188], [97.481, 23.192], [97.511, 23.19], [97.553, 23.194], [97.563, 23.193], [97.586, 23.195], [97.601, 23.2], [97.622, 23.206], [97.641, 23.212], [97.656, 23.217], [97.684, 23.234], [97.695, 23.236], [97.717, 23.241], [97.728, 23.241], [97.736, 23.245], [97.749, 23.247], [97.762, 23.253], [97.778, 23.259], [97.789, 23.265], [97.798, 23.274], [97.804, 23.277], [97.819, 23.283], [97.847, 23.284], [97.855, 23.283], [97.866, 23.287], [97.881, 23.29], [97.899, 23.295], [97.912, 23.3], [97.924, 23.299], [97.935, 23.303], [97.944, 23.309], [97.959, 23.313], [97.967, 23.313], [97.974, 23.313], [97.981, 23.313], [97.988, 23.314], [97.994, 23.315], [98.002, 23.316], [98.01, 23.317], [98.017, 23.32], [98.021, 23.323], [98.03, 23.324], [98.041, 23.327], [98.047, 23.328], [98.056, 23.329], [98.062, 23.329], [98.069, 23.328], [98.076, 23.329], [98.081, 23.33], [98.086, 23.33], [98.09, 23.329], [98.094, 23.328], [98.099, 23.329], [98.103, 23.331], [98.107, 23.332], [98.111, 23.334], [98.113, 23.334], [98.116, 23.335], [98.12, 23.336], [98.122, 23.336], [98.124, 23.336], [98.127, 23.335], [98.129, 23.334], [98.131, 23.333], [98.133, 23.333], [98.135, 23.334], [98.137, 23.335], [98.139, 23.337], [98.14, 23.338], [98.142, 23.339], [98.145, 23.34], [98.146, 23.34], [98.149, 23.34], [98.151, 23.34], [98.156, 23.341], [98.159, 23.342], [98.165, 23.343], [98.17, 23.345], [98.175, 23.348], [98.191, 23.353], [98.207, 23.353]]}}, {"type": "Feature", "properties": {}, "geometry": {"type": "LineString", "coordinates": [[97.636, 23.269], [97.638, 23.268], [97.641, 23.268], [97.643, 23.268], [97.646, 23.268], [97.649, 23.268], [97.653, 23.268], [97.655, 23.269], [97.658, 23.269], [97.66, 23.269], [97.662, 23.269], [97.682, 23.273], [97.717, 23.276], [97.735, 23.28], [97.756, 23.281], [97.767, 23.283], [97.79, 23.29], [97.804, 23.292], [97.82, 23.293], [97.842, 23.297], [97.857, 23.305], [97.879, 23.313], [97.89, 23.315], [97.911, 23.314], [97.927, 23.312]]}}, {"type": "Feature", "properties": {}, "geometry": {"type": "LineString", "coordinates": [[97.983, 23.33], [98.047, 23.344], [98.08, 23.35], [98.103, 23.356], [98.123, 23.358], [98.151, 23.362], [98.185, 23.365], [98.198, 23.365], [98.212, 23.365], [98.224, 23.365], [98.231, 23.365], [98.245, 23.363], [98.251, 23.363], [98.261, 23.363], [98.269, 23.363], [98.278, 23.363], [98.287, 23.364], [98.3, 23.365], [98.313, 23.366], [98.324, 23.366], [98.328, 23.368], [98.349, 23.372], [98.368, 23.375], [98.39, 23.377], [98.409, 23.379], [98.427, 23.382], [98.447, 23.382], [98.466, 23.383], [98.477, 23.384], [98.494, 23.384], [98.519, 23.385], [98.547, 23.388], [98.574, 23.395], [98.608, 23.404], [98.64, 23.417], [98.669, 23.426], [98.707, 23.439], [98.744, 23.45], [98.781, 23.466], [98.807, 23.477], [98.826, 23.484], [98.83, 23.487], [98.841, 23.493], [98.846, 23.495], [98.85, 23.497], [98.853, 23.498], [98.856, 23.499], [98.861, 23.5], [98.865, 23.501], [98.87, 23.502], [98.876, 23.503], [98.881, 23.504], [98.896, 23.507], [98.908, 23.511], [98.915, 23.516], [98.945, 23.528], [98.969, 23.539], [98.987, 23.548], [99.012, 23.555], [99.032, 23.566], [99.05, 23.573], [99.061, 23.577], [99.069, 23.581], [99.086, 23.597], [99.101, 23.607], [99.115, 23.615], [99.132, 23.625], [99.149, 23.634], [99.162, 23.641], [99.175, 23.647], [99.184, 23.652], [99.189, 23.658], [99.203, 23.664], [99.223, 23.673], [99.24, 23.681], [99.252, 23.687], [99.263, 23.692], [99.272, 23.697], [99.294, 23.71], [99.307, 23.717], [99.318, 23.729], [99.328, 23.737], [99.334, 23.74], [99.341, 23.742], [99.35, 23.747], [99.361, 23.752], [99.364, 23.755], [99.371, 23.76], [99.377, 23.765], [99.388, 23.769], [99.396, 23.774], [99.403, 23.777], [99.413, 23.787], [99.421, 23.791], [99.424, 23.793], [99.43, 23.798], [99.435, 23.801], [99.443, 23.805], [99.45, 23.809], [99.461, 23.815], [99.472, 23.82], [99.488, 23.828], [99.492, 23.832], [99.5, 23.84], [99.511, 23.848], [99.525, 23.856], [99.533, 23.862], [99.545, 23.869], [99.559, 23.877], [99.566, 23.883], [99.574, 23.892], [99.578, 23.898], [99.594, 23.913], [99.607, 23.928], [99.62, 23.942], [99.632, 23.952], [99.644, 23.96], [99.661, 23.972], [99.664, 23.976], [99.67, 23.982], [99.681, 23.991], [99.692, 24.001], [99.701, 24.01], [99.709, 24.02], [99.714, 24.029], [99.721, 24.037], [99.729, 24.046], [99.735, 24.054], [99.741, 24.059], [99.746, 24.064], [99.749, 24.07], [99.751, 24.075], [99.755, 24.079], [99.76, 24.083], [99.765, 24.087], [99.77, 24.09], [99.774, 24.092], [99.78, 24.098], [99.795, 24.11], [99.806, 24.12], [99.814, 24.129], [99.822, 24.139], [99.833, 24.148], [99.842, 24.157], [99.857, 24.168], [99.869, 24.178], [99.878, 24.187], [99.891, 24.202], [99.908, 24.22], [99.925, 24.241], [99.939, 24.26], [99.95, 24.276], [99.958, 24.289], [99.968, 24.298], [99.983, 24.309], [99.991, 24.317], [99.999, 24.322], [100.004, 24.327], [100.012, 24.332], [100.017, 24.337], [100.021, 24.342], [100.026, 24.344], [100.03, 24.348], [100.038, 24.358], [100.042, 24.365], [100.045, 24.37], [100.049, 24.375], [100.053, 24.379], [100.058, 24.385], [100.061, 24.389], [100.065, 24.394], [100.068, 24.398], [100.072, 24.4], [100.076, 24.405], [100.081, 24.411], [100.083, 24.414], [100.085, 24.418], [100.087, 24.422], [100.087, 24.423]]}}, {"type": "Feature", "properties": {}, "geometry": {"type": "LineString", "coordinates": [[97.751, 23.042], [97.76, 23.042], [97.782, 23.042], [97.805, 23.045], [97.826, 23.048], [97.845, 23.051], [97.857, 23.055], [97.87, 23.064], [97.879, 23.073], [97.893, 23.073], [97.906, 23.073], [97.914, 23.073], [97.926, 23.072], [97.938, 23.073], [97.949, 23.074], [97.962, 23.073], [97.977, 23.072], [97.987, 23.072], [97.999, 23.072], [98.008, 23.073], [98.021, 23.072], [98.031, 23.071], [98.04, 23.069], [98.051, 23.069], [98.066, 23.07], [98.077, 23.069], [98.085, 23.071], [98.097, 23.072], [98.109, 23.072], [98.122, 23.072], [98.134, 23.071], [98.145, 23.073], [98.154, 23.074], [98.162, 23.076], [98.169, 23.077], [98.176, 23.079], [98.186, 23.082], [98.193, 23.084], [98.205, 23.088], [98.223, 23.091], [98.243, 23.097], [98.253, 23.106], [98.281, 23.119], [98.307, 23.136], [98.314, 23.142], [98.323, 23.155], [98.334, 23.168], [98.348, 23.185], [98.355, 23.199], [98.373, 23.203], [98.39, 23.216], [98.398, 23.227], [98.407, 23.235], [98.418, 23.24], [98.44, 23.247], [98.477, 23.265]]}}, {"type": "Feature", "properties": {}, "geometry": {"type": "LineString", "coordinates": [[97.022, 22.555], [97.031, 22.556], [97.042, 22.555], [97.053, 22.554], [97.064, 22.553], [97.076, 22.553], [97.087, 22.555], [97.105, 22.556], [97.111, 22.557], [97.119, 22.559], [97.13, 22.559], [97.137, 22.56], [97.152, 22.563], [97.162, 22.57], [97.184, 22.579], [97.21, 22.587], [97.233, 22.6], [97.25, 22.617], [97.254, 22.634], [97.264, 22.646], [97.287, 22.661], [97.319, 22.69]]}}, {"type": "Feature", "properties": {}, "geometry": {"type": "LineString", "coordinates": [[97.275, 22.71], [97.28, 22.713], [97.288, 22.712], [97.297, 22.71], [97.305, 22.71], [97.318, 22.708], [97.33, 22.707], [97.337, 22.708], [97.366, 22.721], [97.417, 22.743], [97.438, 22.755], [97.457, 22.762], [97.481, 22.772], [97.507, 22.779], [97.542, 22.781], [97.585, 22.788], [97.615, 22.793], [97.653, 22.798], [97.688, 22.803], [97.72, 22.806], [97.777, 22.816], [97.81, 22.819], [97.85, 22.828], [97.907, 22.835], [97.946, 22.837], [97.981, 22.847], [98.027, 22.856], [98.085, 22.866], [98.13, 22.878], [98.159, 22.884], [98.202, 22.887], [98.271, 22.897], [98.314, 22.901], [98.36, 22.905], [98.411, 22.91], [98.434, 22.934], [98.445, 22.954]]}}, {"type": "Feature", "properties": {}, "geometry": {"type": "LineString", "coordinates": [[98.469, 22.946], [98.474, 22.949], [98.479, 22.954], [98.484, 22.958], [98.488, 22.962], [98.493, 22.966], [98.499, 22.969], [98.505, 22.972], [98.511, 22.976], [98.515, 22.978], [98.549, 22.993], [98.599, 23.019], [98.644, 23.047], [98.673, 23.076], [98.694, 23.097], [98.718, 23.11], [98.754, 23.14], [98.771, 23.153], [98.783, 23.167], [98.791, 23.19]]}}, {"type": "Feature", "properties": {}, "geometry": {"type": "LineString", "coordinates": [[98.003, 22.965], [98.016, 22.965], [98.027, 22.967], [98.038, 22.97], [98.051, 22.971], [98.068, 22.971], [98.088, 22.97], [98.104, 22.972], [98.137, 22.98], [98.177, 22.994], [98.213, 23.001], [98.24, 23.012], [98.271, 23.023]]}}, {"type": "Feature", "properties": {}, "geometry": {"type": "LineString", "coordinates": [[100.415, 25.472], [100.4, 25.435], [100.393, 25.424], [100.392, 25.413], [100.392, 25.393], [100.396, 25.382], [100.402, 25.373], [100.411, 25.364], [100.42, 25.356], [100.435, 25.34], [100.468, 25.315], [100.51, 25.275], [100.54, 25.242], [100.544, 25.236], [100.548, 25.231], [100.558, 25.214], [100.565, 25.208], [100.568, 25.204], [100.572, 25.199], [100.577, 25.187], [100.584, 25.169], [100.587, 25.161], [100.589, 25.152], [100.596, 25.142], [100.603, 25.129], [100.605, 25.123], [100.618, 25.114], [100.634, 25.096], [100.647, 25.075], [100.669, 25.039], [100.677, 25.026], [100.681, 25.019], [100.686, 25.014], [100.696, 25.008], [100.702, 25.003], [100.713, 24.996], [100.722, 24.986], [100.734, 24.971], [100.761, 24.946], [100.793, 24.931], [100.804, 24.923], [100.814, 24.914], [100.827, 24.907], [100.835, 24.903], [100.843, 24.898], [100.856, 24.888], [100.864, 24.88], [100.883, 24.864], [100.897, 24.848], [100.909, 24.837], [100.915, 24.829], [100.957, 24.787], [101.028, 24.71], [101.064, 24.665], [101.104, 24.621], [101.131, 24.588], [101.193, 24.517], [101.24, 24.463], [101.286, 24.414], [101.335, 24.347], [101.372, 24.3], [101.41, 24.247], [101.443, 24.195], [101.491, 24.134], [101.511, 24.111], [101.543, 24.069], [101.603, 23.988], [101.643, 23.934], [101.663, 23.909], [101.686, 23.873], [101.715, 23.829], [101.734, 23.809], [101.744, 23.787], [101.773, 23.738], [101.79, 23.714], [101.821, 23.685], [101.854, 23.658], [101.915, 23.626], [101.945, 23.608], [101.973, 23.585], [102.006, 23.563], [102.055, 23.529], [102.121, 23.489], [102.162, 23.467], [102.266, 23.408], [102.324, 23.383], [102.388, 23.363], [102.456, 23.341], [102.525, 23.325], [102.593, 23.31], [102.648, 23.296], [102.697, 23.283], [102.745, 23.265], [102.786, 23.246], [102.813, 23.232], [102.834, 23.221], [102.86, 23.21], [102.874, 23.209], [102.893, 23.201], [102.917, 23.192], [102.958, 23.173], [102.998, 23.158], [103.014, 23.15], [103.038, 23.139], [103.061, 23.128], [103.091, 23.111], [103.156, 23.088], [103.2, 23.075], [103.229, 23.061], [103.275, 23.039], [103.353, 23.0]]}}, {"type": "Feature", "properties": {}, "geometry": {"type": "LineString", "coordinates": [[99.503, 25.079], [99.498, 25.07], [99.488, 25.06], [99.483, 25.052], [99.478, 25.044], [99.476, 25.038], [99.471, 25.029], [99.466, 25.02], [99.463, 25.008], [99.459, 24.991], [99.455, 24.981], [99.451, 24.966], [99.448, 24.955], [99.444, 24.946], [99.443, 24.937], [99.44, 24.928], [99.435, 24.916], [99.433, 24.902], [99.43, 24.893], [99.427, 24.886], [99.421, 24.876], [99.417, 24.865], [99.409, 24.859], [99.399, 24.848], [99.388, 24.838], [99.381, 24.826], [99.376, 24.811], [99.377, 24.805], [99.378, 24.791], [99.392, 24.776], [99.427, 24.746]]}}, {"type": "Feature", "properties": {}, "geometry": {"type": "LineString", "coordinates": [[98.727, 24.147], [98.763, 24.152], [98.793, 24.157], [98.814, 24.165], [98.834, 24.17], [98.857, 24.171], [98.885, 24.176], [98.91, 24.183], [98.94, 24.193], [98.968, 24.203], [98.997, 24.21], [99.031, 24.219], [99.054, 24.226], [99.08, 24.246], [99.084, 24.252], [99.098, 24.265], [99.112, 24.279], [99.127, 24.292], [99.139, 24.309], [99.154, 24.321], [99.183, 24.36], [99.218, 24.389], [99.233, 24.419], [99.251, 24.441], [99.285, 24.477], [99.305, 24.493], [99.317, 24.521], [99.323, 24.53]]}}, {"type": "Feature", "properties": {}, "geometry": {"type": "LineString", "coordinates": [[97.899, 24.04], [97.933, 24.053], [97.955, 24.06], [97.965, 24.065], [97.975, 24.068], [97.989, 24.073], [98.005, 24.077], [98.029, 24.083], [98.05, 24.093], [98.065, 24.098], [98.083, 24.1], [98.097, 24.101], [98.112, 24.102], [98.129, 24.102], [98.136, 24.102], [98.184, 24.103], [98.253, 24.103], [98.304, 24.108], [98.355, 24.115], [98.416, 24.122], [98.46, 24.127], [98.533, 24.13], [98.61, 24.136], [98.682, 24.142], [98.727, 24.147]]}}, {"type": "Feature", "properties": {}, "geometry": {"type": "LineString", "coordinates": [[97.894, 24.046], [97.904, 24.061], [97.92, 24.078], [97.931, 24.088], [97.937, 24.096], [97.945, 24.106], [97.963, 24.118], [97.974, 24.126], [97.983, 24.132], [97.992, 24.138], [98.003, 24.145], [98.013, 24.152], [98.024, 24.16], [98.036, 24.167], [98.044, 24.173], [98.055, 24.179], [98.063, 24.186], [98.092, 24.205], [98.134, 24.226], [98.184, 24.249], [98.225, 24.272], [98.285, 24.299], [98.317, 24.313], [98.368, 24.338], [98.439, 24.377], [98.457, 24.387], [98.485, 24.418], [98.5, 24.431], [98.535, 24.453], [98.559, 24.472], [98.595, 24.503], [98.63, 24.537]]}}, {"type": "Feature", "properties": {}, "geometry": {"type": "LineString", "coordinates": [[97.273, 23.592], [97.28, 23.597], [97.292, 23.602], [97.306, 23.609], [97.32, 23.614], [97.333, 23.622], [97.35, 23.629], [97.368, 23.638], [97.382, 23.646], [97.389, 23.65], [97.402, 23.656], [97.407, 23.661], [97.412, 23.664], [97.463, 23.681], [97.5, 23.699], [97.535, 23.725], [97.551, 23.734], [97.617, 23.774], [97.637, 23.795], [97.658, 23.817], [97.681, 23.826], [97.695, 23.84], [97.702, 23.852], [97.72, 23.862], [97.735, 23.872], [97.761, 23.889], [97.781, 23.901], [97.801, 23.917], [97.828, 23.933], [97.841, 23.938], [97.87, 23.953], [97.887, 23.958], [97.902, 23.958]]}}, {"type": "Feature", "properties": {}, "geometry": {"type": "LineString", "coordinates": [[98.126, 24.329], [98.143, 24.331], [98.164, 24.336], [98.182, 24.341], [98.2, 24.347], [98.219, 24.353], [98.242, 24.359], [98.26, 24.364], [98.276, 24.369], [98.294, 24.375], [98.309, 24.381], [98.324, 24.387], [98.336, 24.394], [98.346, 24.403], [98.358, 24.411], [98.368, 24.418], [98.378, 24.42], [98.384, 24.422], [98.391, 24.424], [98.397, 24.428], [98.4, 24.433], [98.406, 24.437], [98.417, 24.444], [98.43, 24.45], [98.442, 24.456], [98.45, 24.462], [98.487, 24.487], [98.513, 24.515], [98.544, 24.53], [98.568, 24.539], [98.601, 24.557], [98.628, 24.571], [98.653, 24.581], [98.679, 24.601], [98.695, 24.616], [98.711, 24.637], [98.721, 24.659], [98.732, 24.683], [98.743, 24.715], [98.748, 24.735], [98.753, 24.76], [98.754, 24.789]]}}, {"type": "Feature", "properties": {}, "geometry": {"type": "LineString", "coordinates": [[98.408, 24.981], [98.403, 24.952], [98.396, 24.94], [98.386, 24.924], [98.381, 24.896], [98.354, 24.867], [98.326, 24.832], [98.306, 24.81], [98.272, 24.792], [98.242, 24.786], [98.219, 24.777], [98.189, 24.766], [98.154, 24.75], [98.133, 24.737], [98.104, 24.732], [98.074, 24.716], [98.047, 24.702], [98.018, 24.684], [98.001, 24.67], [97.963, 24.652], [97.938, 24.623], [97.917, 24.605], [97.904, 24.591], [97.872, 24.575], [97.845, 24.554], [97.821, 24.538], [97.795, 24.516], [97.764, 24.495], [97.735, 24.473], [97.702, 24.456], [97.669, 24.44], [97.645, 24.434], [97.62, 24.435], [97.614, 24.435], [97.609, 24.434], [97.603, 24.433], [97.598, 24.433], [97.591, 24.433], [97.583, 24.432], [97.576, 24.431], [97.569, 24.43], [97.562, 24.428], [97.554, 24.425], [97.547, 24.422], [97.54, 24.419], [97.534, 24.416], [97.527, 24.413], [97.52, 24.409], [97.493, 24.398], [97.452, 24.364], [97.419, 24.34], [97.39, 24.312], [97.369, 24.291]]}}, {"type": "Feature", "properties": {}, "geometry": {"type": "LineString", "coordinates": [[97.986, 24.527], [98.011, 24.526], [98.03, 24.523], [98.043, 24.52], [98.058, 24.518], [98.071, 24.519], [98.085, 24.519], [98.1, 24.519], [98.112, 24.519], [98.124, 24.518], [98.134, 24.515], [98.147, 24.513], [98.16, 24.513], [98.172, 24.513], [98.183, 24.513], [98.191, 24.513], [98.205, 24.514], [98.215, 24.515], [98.225, 24.517], [98.234, 24.517]]}}, {"type": "Feature", "properties": {}, "geometry": {"type": "LineString", "coordinates": [[97.969, 24.505], [97.957, 24.495], [97.93, 24.47], [97.904, 24.45], [97.893, 24.442], [97.882, 24.434], [97.865, 24.424], [97.854, 24.418], [97.837, 24.414], [97.825, 24.41], [97.808, 24.403], [97.785, 24.394], [97.758, 24.386], [97.738, 24.382], [97.708, 24.377], [97.692, 24.376], [97.675, 24.378], [97.65, 24.385], [97.626, 24.392], [97.606, 24.393], [97.582, 24.395], [97.573, 24.394], [97.546, 24.384], [97.524, 24.372], [97.501, 24.355], [97.471, 24.325]]}}, {"type": "Feature", "properties": {}, "geometry": {"type": "LineString", "coordinates": [[97.662, 23.518], [97.663, 23.521], [97.665, 23.524], [97.668, 23.525], [97.671, 23.526], [97.674, 23.527], [97.676, 23.529], [97.678, 23.531], [97.68, 23.532], [97.683, 23.533], [97.686, 23.534], [97.688, 23.536], [97.691, 23.538], [97.693, 23.538], [97.695, 23.54], [97.697, 23.541], [97.7, 23.543], [97.702, 23.544], [97.704, 23.546], [97.708, 23.548], [97.71, 23.55], [97.713, 23.553], [97.716, 23.554], [97.719, 23.555], [97.721, 23.555], [97.724, 23.556], [97.74, 23.571], [97.759, 23.593], [97.775, 23.614], [97.78, 23.63], [97.794, 23.655], [97.808, 23.67], [97.834, 23.682], [97.866, 23.704], [97.881, 23.712], [97.907, 23.726], [97.929, 23.741], [97.967, 23.761], [97.987, 23.765], [97.998, 23.761], [98.032, 23.769], [98.055, 23.783], [98.084, 23.8], [98.115, 23.812], [98.138, 23.822], [98.164, 23.838]]}}, {"type": "Feature", "properties": {}, "geometry": {"type": "LineString", "coordinates": [[97.322, 23.202], [97.327, 23.21], [97.334, 23.218], [97.339, 23.227], [97.344, 23.234], [97.351, 23.242], [97.358, 23.252], [97.366, 23.26], [97.373, 23.265], [97.381, 23.276], [97.389, 23.28], [97.392, 23.285], [97.397, 23.29], [97.401, 23.295], [97.404, 23.299], [97.408, 23.303], [97.412, 23.31], [97.416, 23.314], [97.42, 23.318], [97.424, 23.324], [97.43, 23.331], [97.435, 23.337], [97.44, 23.341], [97.444, 23.345], [97.447, 23.348], [97.45, 23.351], [97.454, 23.352], [97.457, 23.353], [97.458, 23.356], [97.46, 23.359], [97.46, 23.363], [97.462, 23.366], [97.465, 23.369], [97.467, 23.373], [97.47, 23.375], [97.475, 23.377], [97.48, 23.378], [97.483, 23.379], [97.487, 23.383], [97.49, 23.386], [97.494, 23.388], [97.498, 23.392], [97.503, 23.395], [97.509, 23.396], [97.515, 23.396], [97.522, 23.396], [97.526, 23.395], [97.53, 23.395], [97.534, 23.395], [97.538, 23.395], [97.542, 23.397], [97.545, 23.399], [97.546, 23.405], [97.549, 23.408], [97.553, 23.411], [97.559, 23.414], [97.564, 23.419], [97.57, 23.422], [97.574, 23.426], [97.577, 23.428], [97.585, 23.43], [97.591, 23.43], [97.596, 23.43], [97.61, 23.437], [97.621, 23.442], [97.632, 23.448], [97.642, 23.456], [97.645, 23.457], [97.65, 23.47], [97.656, 23.481], [97.668, 23.494], [97.676, 23.504]]}}, {"type": "Feature", "properties": {}, "geometry": {"type": "LineString", "coordinates": [[96.926, 23.361], [96.932, 23.358], [96.943, 23.355], [96.952, 23.355], [96.962, 23.354], [96.971, 23.351], [96.977, 23.35], [96.985, 23.351], [96.994, 23.352], [97.005, 23.351], [97.012, 23.352], [97.019, 23.355], [97.026, 23.357], [97.033, 23.361], [97.041, 23.364], [97.049, 23.368], [97.057, 23.371], [97.066, 23.375], [97.071, 23.379], [97.085, 23.386], [97.108, 23.4], [97.127, 23.409], [97.137, 23.413], [97.151, 23.424], [97.162, 23.43], [97.183, 23.434], [97.197, 23.437], [97.211, 23.441], [97.231, 23.449], [97.249, 23.46], [97.277, 23.465], [97.309, 23.468], [97.335, 23.466], [97.358, 23.467], [97.375, 23.477], [97.396, 23.48], [97.414, 23.489], [97.44, 23.488], [97.461, 23.49], [97.508, 23.486], [97.53, 23.486], [97.557, 23.49], [97.581, 23.492], [97.608, 23.494]]}}, {"type": "Feature", "properties": {}, "geometry": {"type": "LineString", "coordinates": [[97.546, 24.947], [97.551, 24.932], [97.554, 24.918], [97.555, 24.909], [97.555, 24.9], [97.555, 24.886], [97.559, 24.87], [97.562, 24.856], [97.564, 24.841], [97.568, 24.827], [97.568, 24.813], [97.567, 24.797], [97.566, 24.783], [97.568, 24.772], [97.568, 24.756], [97.567, 24.745], [97.567, 24.735], [97.567, 24.723], [97.568, 24.709], [97.568, 24.692], [97.571, 24.663], [97.57, 24.653], [97.568, 24.636], [97.568, 24.619], [97.566, 24.603], [97.564, 24.587], [97.562, 24.572], [97.562, 24.557], [97.559, 24.545], [97.559, 24.531], [97.558, 24.512], [97.556, 24.499], [97.552, 24.485], [97.547, 24.475], [97.542, 24.466], [97.533, 24.455], [97.528, 24.447], [97.523, 24.437], [97.519, 24.432], [97.512, 24.426]]}}, {"type": "Feature", "properties": {}, "geometry": {"type": "LineString", "coordinates": [[97.956, 25.007], [97.957, 24.995], [97.956, 24.983], [97.948, 24.97], [97.943, 24.96], [97.941, 24.945], [97.941, 24.93], [97.941, 24.912], [97.941, 24.896], [97.941, 24.882], [97.942, 24.866], [97.944, 24.849], [97.947, 24.832], [97.95, 24.814], [97.95, 24.804], [97.949, 24.796], [97.948, 24.787], [97.946, 24.775], [97.945, 24.762], [97.946, 24.748], [97.947, 24.735], [97.95, 24.718], [97.95, 24.705], [97.946, 24.698]]}}, {"type": "Feature", "properties": {}, "geometry": {"type": "LineString", "coordinates": [[97.942, 25.511], [97.941, 25.492], [97.936, 25.478], [97.929, 25.463], [97.921, 25.453], [97.913, 25.441], [97.907, 25.43], [97.902, 25.414], [97.899, 25.397], [97.895, 25.381], [97.894, 25.359], [97.894, 25.336], [97.895, 25.314], [97.896, 25.291], [97.904, 25.265], [97.91, 25.242], [97.916, 25.22], [97.92, 25.197], [97.925, 25.172], [97.93, 25.146], [97.935, 25.128], [97.939, 25.111], [97.939, 25.101], [97.943, 25.072], [97.951, 25.013], [97.948, 25.002], [97.943, 24.985], [97.936, 24.974], [97.921, 24.954]]}}, {"type": "Feature", "properties": {}, "geometry": {"type": "LineString", "coordinates": [[98.106, 24.811], [98.119, 24.826], [98.136, 24.847], [98.15, 24.869], [98.167, 24.89], [98.19, 24.902], [98.204, 24.913], [98.217, 24.928], [98.228, 24.939], [98.241, 24.949], [98.251, 24.954], [98.262, 24.959], [98.283, 24.973], [98.299, 24.983], [98.309, 24.999], [98.31, 25.019], [98.311, 25.034], [98.311, 25.052]]}}, {"type": "Feature", "properties": {}, "geometry": {"type": "LineString", "coordinates": [[97.791, 24.855], [97.788, 24.851], [97.782, 24.847], [97.775, 24.841], [97.768, 24.837], [97.759, 24.831], [97.751, 24.826], [97.742, 24.822], [97.733, 24.817], [97.723, 24.811], [97.715, 24.805], [97.71, 24.802], [97.705, 24.797], [97.7, 24.793], [97.692, 24.784], [97.685, 24.774], [97.682, 24.766], [97.675, 24.75], [97.671, 24.732], [97.671, 24.713], [97.676, 24.692], [97.682, 24.673]]}}, {"type": "Feature", "properties": {}, "geometry": {"type": "LineString", "coordinates": [[97.369, 23.786], [97.384, 23.786], [97.405, 23.788], [97.43, 23.789], [97.449, 23.792], [97.464, 23.796], [97.479, 23.799], [97.497, 23.801], [97.511, 23.804], [97.525, 23.807], [97.542, 23.815], [97.563, 23.819], [97.585, 23.82], [97.623, 23.822], [97.644, 23.824]]}}, {"type": "Feature", "properties": {}, "geometry": {"type": "LineString", "coordinates": [[97.865, 24.059], [97.857, 24.053], [97.84, 24.039], [97.823, 24.029], [97.807, 24.02], [97.798, 24.016], [97.79, 24.01], [97.785, 24.004], [97.774, 23.995], [97.759, 23.983], [97.747, 23.973], [97.685, 23.938], [97.664, 23.93], [97.647, 23.925], [97.613, 23.911], [97.609, 23.902], [97.59, 23.872]]}}, {"type": "Feature", "properties": {}, "geometry": {"type": "LineString", "coordinates": [[98.109, 25.571], [98.119, 25.558], [98.132, 25.543], [98.141, 25.53], [98.147, 25.522], [98.156, 25.511], [98.166, 25.496], [98.177, 25.483], [98.187, 25.47], [98.198, 25.454], [98.207, 25.445], [98.217, 25.436], [98.227, 25.423], [98.238, 25.406], [98.248, 25.394], [98.254, 25.385], [98.265, 25.374], [98.272, 25.367], [98.279, 25.355], [98.284, 25.348], [98.288, 25.339]]}}, {"type": "Feature", "properties": {}, "geometry": {"type": "LineString", "coordinates": [[98.25, 25.62], [98.249, 25.605], [98.25, 25.584], [98.246, 25.56], [98.246, 25.53], [98.248, 25.5], [98.249, 25.477], [98.252, 25.453], [98.257, 25.427], [98.265, 25.403], [98.273, 25.381], [98.277, 25.373], [98.296, 25.334], [98.314, 25.271], [98.325, 25.226], [98.329, 25.2], [98.349, 25.151], [98.36, 25.11]]}}, {"type": "Feature", "properties": {}, "geometry": {"type": "LineString", "coordinates": [[96.635, 22.51], [96.641, 22.506], [96.647, 22.501], [96.652, 22.493], [96.656, 22.487], [96.662, 22.481], [96.67, 22.472], [96.676, 22.464], [96.682, 22.456], [96.688, 22.446], [96.697, 22.434], [96.702, 22.424], [96.705, 22.415], [96.707, 22.406], [96.709, 22.399], [96.715, 22.374], [96.722, 22.346], [96.728, 22.313], [96.737, 22.289], [96.741, 22.27], [96.742, 22.255], [96.748, 22.228], [96.754, 22.202], [96.761, 22.185], [96.769, 22.165], [96.769, 22.158], [96.768, 22.138], [96.77, 22.118], [96.774, 22.088], [96.772, 22.071], [96.775, 22.04], [96.774, 22.01], [96.779, 21.987], [96.782, 21.963], [96.784, 21.941], [96.784, 21.916], [96.788, 21.9], [96.791, 21.883], [96.797, 21.854], [96.807, 21.828], [96.83, 21.787], [96.84, 21.761], [96.843, 21.733], [96.848, 21.714], [96.849, 21.689], [96.85, 21.649], [96.856, 21.628], [96.86, 21.596], [96.868, 21.547], [96.874, 21.512], [96.882, 21.493], [96.892, 21.466], [96.899, 21.441], [96.911, 21.41], [96.922, 21.278], [96.93, 21.1]]}}, {"type": "Feature", "properties": {}, "geometry": {"type": "LineString", "coordinates": [[99.256, 23.183], [99.266, 23.202], [99.274, 23.217], [99.285, 23.243], [99.3, 23.258], [99.309, 23.268], [99.316, 23.283], [99.323, 23.294], [99.329, 23.306], [99.335, 23.314], [99.339, 23.326], [99.343, 23.337], [99.348, 23.348], [99.353, 23.363], [99.361, 23.38], [99.368, 23.393], [99.378, 23.405], [99.4, 23.417], [99.416, 23.431], [99.425, 23.444], [99.438, 23.459], [99.455, 23.478], [99.469, 23.497], [99.478, 23.51], [99.485, 23.529], [99.497, 23.55], [99.509, 23.563], [99.521, 23.573], [99.533, 23.586], [99.542, 23.606]]}}, {"type": "Feature", "properties": {}, "geometry": {"type": "LineString", "coordinates": [[99.701, 23.845], [99.674, 23.814], [99.668, 23.8], [99.665, 23.794], [99.662, 23.789], [99.658, 23.784], [99.648, 23.772], [99.643, 23.764], [99.635, 23.75], [99.629, 23.739], [99.62, 23.728], [99.611, 23.717], [99.598, 23.705], [99.589, 23.696], [99.576, 23.685], [99.564, 23.67], [99.553, 23.654], [99.533, 23.62]]}}, {"type": "Feature", "properties": {}, "geometry": {"type": "LineString", "coordinates": [[99.655, 23.83], [99.66, 23.841], [99.669, 23.854], [99.682, 23.869], [99.695, 23.889], [99.71, 23.904], [99.727, 23.918], [99.741, 23.919], [99.747, 23.923], [99.759, 23.938], [99.769, 23.954], [99.78, 23.968], [99.795, 23.98], [99.81, 23.991], [99.828, 24.008], [99.843, 24.023], [99.855, 24.04], [99.867, 24.052], [99.88, 24.066], [99.896, 24.075], [99.904, 24.085], [99.918, 24.1], [99.925, 24.105], [99.932, 24.11], [99.939, 24.117], [99.954, 24.133], [99.977, 24.161]]}}, {"type": "Feature", "properties": {}, "geometry": {"type": "LineString", "coordinates": [[100.131, 24.243], [100.153, 24.23], [100.175, 24.219], [100.197, 24.203], [100.216, 24.188], [100.235, 24.168], [100.249, 24.149], [100.265, 24.129], [100.277, 24.105], [100.289, 24.083], [100.299, 24.065], [100.311, 24.045], [100.326, 24.019], [100.332, 24.007], [100.339, 23.997], [100.342, 23.988], [100.345, 23.98], [100.35, 23.973], [100.356, 23.959], [100.361, 23.947], [100.365, 23.939]]}}, {"type": "Feature", "properties": {}, "geometry": {"type": "LineString", "coordinates": [[100.365, 23.934], [100.365, 23.927], [100.368, 23.92], [100.371, 23.911], [100.377, 23.902], [100.38, 23.894], [100.384, 23.885], [100.39, 23.873], [100.389, 23.858], [100.387, 23.841], [100.384, 23.83], [100.38, 23.822], [100.38, 23.811], [100.378, 23.798], [100.376, 23.785], [100.375, 23.774], [100.374, 23.759], [100.369, 23.746], [100.363, 23.734], [100.358, 23.723], [100.353, 23.717], [100.347, 23.7], [100.337, 23.685], [100.332, 23.671], [100.33, 23.66], [100.324, 23.648], [100.319, 23.633], [100.313, 23.624], [100.308, 23.612], [100.3, 23.597], [100.296, 23.586], [100.29, 23.577], [100.282, 23.566], [100.272, 23.554], [100.263, 23.54], [100.255, 23.531], [100.247, 23.519], [100.24, 23.505], [100.24, 23.503]]}}, {"type": "Feature", "properties": {}, "geometry": {"type": "LineString", "coordinates": [[99.94, 23.252], [99.958, 23.269], [99.977, 23.297], [99.986, 23.312], [100.001, 23.325], [100.023, 23.343], [100.038, 23.357], [100.066, 23.378], [100.084, 23.39], [100.117, 23.409], [100.131, 23.413], [100.155, 23.417], [100.182, 23.431], [100.201, 23.443], [100.221, 23.458], [100.226, 23.467], [100.228, 23.473], [100.23, 23.483], [100.24, 23.503], [100.278, 23.529], [100.314, 23.557], [100.345, 23.587]]}}, {"type": "Feature", "properties": {}, "geometry": {"type": "LineString", "coordinates": [[99.194, 24.73], [99.195, 24.756], [99.186, 24.797], [99.179, 24.822], [99.163, 24.845], [99.158, 24.862], [99.152, 24.873], [99.14, 24.884], [99.108, 24.904], [99.076, 24.923]]}}, {"type": "Feature", "properties": {}, "geometry": {"type": "LineString", "coordinates": [[98.886, 25.134], [98.89, 25.126], [98.896, 25.12], [98.902, 25.117], [98.908, 25.114], [98.912, 25.111], [98.918, 25.105], [98.925, 25.097], [98.929, 25.092], [98.936, 25.083], [98.943, 25.074], [98.948, 25.068], [98.954, 25.063], [98.959, 25.058], [98.965, 25.052], [98.973, 25.044], [98.977, 25.039], [98.982, 25.034], [98.987, 25.025], [98.993, 25.02], [98.999, 25.014], [99.007, 25.006], [99.011, 25.002], [99.016, 24.995], [99.019, 24.988], [99.024, 24.982], [99.029, 24.977], [99.032, 24.974], [99.034, 24.97], [99.035, 24.967], [99.035, 24.965], [99.052, 24.942], [99.077, 24.909], [99.085, 24.893], [99.115, 24.856], [99.146, 24.825]]}}, {"type": "Feature", "properties": {}, "geometry": {"type": "LineString", "coordinates": [[98.842, 25.826], [98.841, 25.811], [98.842, 25.797], [98.84, 25.784], [98.839, 25.772], [98.839, 25.759], [98.841, 25.747], [98.839, 25.738], [98.838, 25.729], [98.84, 25.721], [98.842, 25.711], [98.84, 25.699], [98.839, 25.687], [98.836, 25.678], [98.833, 25.657], [98.837, 25.515], [98.833, 25.495], [98.837, 25.477], [98.834, 25.45], [98.832, 25.419], [98.829, 25.389], [98.823, 25.37], [98.815, 25.345], [98.81, 25.328], [98.805, 25.302], [98.802, 25.294], [98.798, 25.274], [98.8, 25.254], [98.805, 25.24], [98.806, 25.212], [98.817, 25.164], [98.818, 25.124], [98.819, 25.092], [98.821, 25.061], [98.821, 25.034], [98.821, 25.02], [98.829, 24.992], [98.834, 24.96], [98.838, 24.93], [98.839, 24.907], [98.839, 24.873], [98.839, 24.852]]}}, {"type": "Feature", "properties": {}, "geometry": {"type": "LineString", "coordinates": [[98.74, 25.483], [98.74, 25.478], [98.74, 25.471], [98.739, 25.464], [98.738, 25.458], [98.737, 25.453], [98.735, 25.445], [98.734, 25.441], [98.733, 25.439], [98.731, 25.427], [98.729, 25.404], [98.722, 25.383], [98.711, 25.374], [98.709, 25.353], [98.702, 25.334], [98.702, 25.315], [98.701, 25.297], [98.698, 25.277], [98.696, 25.255], [98.687, 25.171], [98.691, 25.157], [98.693, 25.127], [98.696, 25.103], [98.701, 25.083], [98.708, 25.055], [98.718, 25.021], [98.726, 24.996], [98.74, 24.957], [98.751, 24.903], [98.751, 24.875], [98.757, 24.857], [98.761, 24.837], [98.757, 24.82]]}}, {"type": "Feature", "properties": {}, "geometry": {"type": "LineString", "coordinates": [[99.313, 24.419], [99.32, 24.405], [99.324, 24.384], [99.327, 24.365], [99.331, 24.343], [99.335, 24.327], [99.341, 24.31], [99.344, 24.294], [99.342, 24.236], [99.347, 24.195], [99.351, 24.161], [99.352, 24.118], [99.35, 24.098]]}}, {"type": "Feature", "properties": {}, "geometry": {"type": "LineString", "coordinates": [[98.903, 22.478], [98.894, 22.488], [98.886, 22.501], [98.873, 22.519], [98.868, 22.527], [98.862, 22.538], [98.86, 22.55], [98.856, 22.559], [98.845, 22.574], [98.841, 22.583], [98.834, 22.59], [98.826, 22.598], [98.82, 22.606], [98.815, 22.614], [98.81, 22.623], [98.806, 22.631], [98.801, 22.643], [98.795, 22.654], [98.789, 22.669], [98.782, 22.682], [98.778, 22.691], [98.775, 22.702], [98.771, 22.711], [98.767, 22.722], [98.763, 22.729], [98.755, 22.737], [98.748, 22.749], [98.743, 22.762], [98.74, 22.773], [98.734, 22.788], [98.732, 22.8], [98.732, 22.813], [98.727, 22.821], [98.721, 22.831], [98.719, 22.836], [98.718, 22.846], [98.717, 22.854], [98.713, 22.863]]}}, {"type": "Feature", "properties": {}, "geometry": {"type": "LineString", "coordinates": [[98.765, 22.085], [98.776, 22.085], [98.786, 22.086], [98.801, 22.089], [98.812, 22.091], [98.824, 22.091], [98.837, 22.095], [98.851, 22.097], [98.858, 22.097], [98.861, 22.098], [98.893, 22.119], [98.939, 22.128], [98.967, 22.13], [99.015, 22.134], [99.082, 22.145], [99.13, 22.155], [99.172, 22.17], [99.219, 22.187], [99.267, 22.202], [99.314, 22.218], [99.367, 22.238], [99.402, 22.255], [99.447, 22.275], [99.496, 22.294], [99.518, 22.303], [99.575, 22.328], [99.61, 22.347], [99.66, 22.374], [99.704, 22.389], [99.722, 22.399], [99.749, 22.419], [99.782, 22.437], [99.82, 22.454], [99.845, 22.46]]}}, {"type": "Feature", "properties": {}, "geometry": {"type": "LineString", "coordinates": [[98.778, 21.951], [98.786, 21.921], [98.791, 21.899], [98.798, 21.873], [98.811, 21.828], [98.824, 21.793], [98.829, 21.782], [98.836, 21.769], [98.845, 21.747], [98.856, 21.731], [98.864, 21.718], [98.871, 21.701], [98.877, 21.692], [98.884, 21.684], [98.892, 21.673], [98.899, 21.657], [98.907, 21.645], [98.909, 21.637], [98.916, 21.625], [98.927, 21.611], [98.931, 21.602], [98.931, 21.595], [98.935, 21.585], [98.94, 21.574], [98.943, 21.566], [98.951, 21.552], [98.966, 21.524], [98.972, 21.509], [98.978, 21.495], [98.984, 21.487], [98.989, 21.476], [98.995, 21.459], [99.0, 21.441], [99.002, 21.426], [99.006, 21.415], [99.012, 21.367], [99.025, 21.331], [99.033, 21.303], [99.044, 21.273], [99.076, 21.168], [99.081, 21.137], [99.084, 21.107], [99.091, 21.081], [99.099, 21.058], [99.114, 21.037], [99.123, 21.026]]}}, {"type": "Feature", "properties": {}, "geometry": {"type": "LineString", "coordinates": [[97.382, 21.245], [97.385, 21.258], [97.384, 21.269], [97.387, 21.28], [97.393, 21.292], [97.398, 21.302], [97.4, 21.315], [97.399, 21.329], [97.396, 21.341], [97.393, 21.349], [97.395, 21.36], [97.395, 21.372], [97.396, 21.383], [97.395, 21.393], [97.389, 21.407], [97.382, 21.419], [97.376, 21.428], [97.37, 21.442], [97.366, 21.454], [97.358, 21.467], [97.35, 21.479], [97.345, 21.489], [97.342, 21.501], [97.34, 21.512], [97.336, 21.524], [97.332, 21.535], [97.33, 21.545], [97.326, 21.56], [97.325, 21.575], [97.324, 21.59], [97.322, 21.605], [97.322, 21.617], [97.321, 21.627], [97.32, 21.64], [97.318, 21.651], [97.318, 21.664], [97.32, 21.676], [97.326, 21.697], [97.328, 21.714], [97.331, 21.729], [97.333, 21.74], [97.338, 21.749], [97.343, 21.76], [97.347, 21.769], [97.359, 21.795], [97.367, 21.823], [97.371, 21.854], [97.377, 21.884], [97.396, 21.917]]}}, {"type": "Feature", "properties": {}, "geometry": {"type": "LineString", "coordinates": [[99.444, 23.08], [99.469, 23.066], [99.504, 23.051], [99.527, 23.042], [99.552, 23.033], [99.575, 23.021], [99.596, 23.007], [99.611, 22.995], [99.625, 22.989], [99.658, 22.974], [99.689, 22.956], [99.714, 22.937], [99.739, 22.917], [99.768, 22.89], [99.791, 22.873], [99.801, 22.862], [99.808, 22.848], [99.821, 22.837], [99.838, 22.821], [99.848, 22.813], [99.857, 22.81], [99.866, 22.799], [99.879, 22.791], [99.888, 22.783], [99.903, 22.766], [99.928, 22.751], [99.935, 22.742], [99.956, 22.727], [99.959, 22.725], [99.966, 22.723], [99.972, 22.723], [99.978, 22.721], [99.981, 22.719], [99.983, 22.718], [99.985, 22.717], [100.01, 22.71], [100.037, 22.7], [100.057, 22.692], [100.085, 22.679], [100.107, 22.667], [100.122, 22.659], [100.136, 22.651], [100.148, 22.645], [100.159, 22.638], [100.17, 22.631], [100.175, 22.631], [100.189, 22.622], [100.217, 22.604], [100.232, 22.597], [100.248, 22.591], [100.269, 22.574], [100.299, 22.552], [100.328, 22.531], [100.346, 22.519], [100.366, 22.504], [100.375, 22.497]]}}, {"type": "Feature", "properties": {}, "geometry": {"type": "LineString", "coordinates": [[100.385, 22.496], [100.393, 22.494], [100.399, 22.492], [100.406, 22.49], [100.413, 22.489], [100.42, 22.487], [100.425, 22.487], [100.43, 22.485], [100.436, 22.482], [100.44, 22.481], [100.444, 22.48], [100.448, 22.48], [100.452, 22.478], [100.46, 22.474], [100.465, 22.47], [100.468, 22.467], [100.473, 22.463], [100.489, 22.453], [100.512, 22.439], [100.522, 22.427], [100.537, 22.414], [100.565, 22.397], [100.587, 22.378], [100.604, 22.362], [100.62, 22.342], [100.634, 22.325], [100.648, 22.313], [100.669, 22.283], [100.701, 22.249], [100.725, 22.227], [100.753, 22.205], [100.782, 22.174], [100.813, 22.149], [100.832, 22.132], [100.847, 22.114], [100.864, 22.102], [100.88, 22.095], [100.898, 22.092]]}}, {"type": "Feature", "properties": {}, "geometry": {"type": "LineString", "coordinates": [[99.86, 22.73], [99.902, 22.709], [99.939, 22.688], [99.963, 22.675], [99.973, 22.668], [99.988, 22.659], [100.003, 22.653], [100.012, 22.649], [100.022, 22.645], [100.029, 22.639], [100.035, 22.635], [100.04, 22.631], [100.046, 22.626], [100.06, 22.62], [100.073, 22.611], [100.079, 22.606], [100.084, 22.602], [100.091, 22.594], [100.099, 22.588], [100.112, 22.575], [100.135, 22.557], [100.163, 22.538], [100.18, 22.519], [100.207, 22.49], [100.214, 22.483]]}}, {"type": "Feature", "properties": {}, "geometry": {"type": "LineString", "coordinates": [[100.214, 22.483], [100.222, 22.476], [100.227, 22.472], [100.233, 22.467], [100.247, 22.457], [100.251, 22.453], [100.272, 22.436], [100.288, 22.422], [100.295, 22.412], [100.301, 22.402], [100.309, 22.392], [100.324, 22.379], [100.341, 22.368], [100.347, 22.364], [100.369, 22.352], [100.396, 22.337], [100.419, 22.326], [100.455, 22.308], [100.484, 22.296], [100.508, 22.285], [100.528, 22.28]]}}, {"type": "Feature", "properties": {}, "geometry": {"type": "LineString", "coordinates": [[100.528, 22.28], [100.54, 22.277], [100.563, 22.269], [100.582, 22.26], [100.596, 22.252], [100.606, 22.244], [100.631, 22.219], [100.646, 22.196], [100.656, 22.176], [100.664, 22.155], [100.671, 22.141], [100.68, 22.115], [100.687, 22.098]]}}, {"type": "Feature", "properties": {}, "geometry": {"type": "LineString", "coordinates": [[100.218, 22.475], [100.224, 22.464], [100.23, 22.455], [100.234, 22.445], [100.237, 22.436], [100.24, 22.428], [100.243, 22.422], [100.246, 22.417], [100.258, 22.403], [100.266, 22.395], [100.277, 22.388], [100.294, 22.371], [100.31, 22.355], [100.321, 22.345], [100.333, 22.337], [100.353, 22.322], [100.371, 22.306], [100.388, 22.296], [100.41, 22.285], [100.436, 22.273], [100.453, 22.267], [100.469, 22.257], [100.484, 22.242], [100.503, 22.226], [100.513, 22.219]]}}, {"type": "Feature", "properties": {}, "geometry": {"type": "LineString", "coordinates": [[100.365, 22.238], [100.392, 22.227], [100.412, 22.217], [100.425, 22.21], [100.439, 22.206], [100.452, 22.205], [100.465, 22.202], [100.476, 22.199], [100.485, 22.195], [100.495, 22.192], [100.506, 22.186], [100.514, 22.185], [100.521, 22.184], [100.533, 22.182], [100.54, 22.179], [100.557, 22.175], [100.573, 22.17], [100.587, 22.165], [100.613, 22.151], [100.633, 22.138], [100.648, 22.126], [100.665, 22.112], [100.685, 22.099], [100.699, 22.088], [100.718, 22.07], [100.732, 22.052], [100.741, 22.039], [100.748, 22.025], [100.751, 22.013], [100.75, 22.004], [100.754, 21.983], [100.756, 21.963]]}}, {"type": "Feature", "properties": {}, "geometry": {"type": "LineString", "coordinates": [[99.902, 21.128], [99.906, 21.138], [99.909, 21.147], [99.913, 21.156], [99.919, 21.164], [99.923, 21.171], [99.927, 21.178], [99.931, 21.185], [99.936, 21.197], [99.94, 21.206], [99.945, 21.216], [99.949, 21.222], [99.952, 21.226], [99.955, 21.231], [99.958, 21.236], [99.968, 21.243], [99.982, 21.247], [100.002, 21.253], [100.015, 21.256]]}}, {"type": "Feature", "properties": {}, "geometry": {"type": "LineString", "coordinates": [[99.74, 21.507], [99.756, 21.509], [99.77, 21.516], [99.786, 21.528], [99.802, 21.537], [99.82, 21.549], [99.839, 21.561], [99.855, 21.574], [99.867, 21.587], [99.885, 21.599], [99.898, 21.611], [99.927, 21.635], [99.969, 21.671], [100.014, 21.692], [100.078, 21.722], [100.123, 21.735], [100.171, 21.746], [100.214, 21.769], [100.261, 21.783], [100.338, 21.792], [100.413, 21.813], [100.492, 21.84], [100.54, 21.852], [100.556, 21.856], [100.584, 21.863], [100.61, 21.879], [100.63, 21.896], [100.64, 21.903], [100.649, 21.908], [100.698, 21.918]]}}, {"type": "Feature", "properties": {}, "geometry": {"type": "LineString", "coordinates": [[100.007, 21.279], [100.012, 21.278], [100.017, 21.279], [100.022, 21.28], [100.028, 21.282], [100.033, 21.284], [100.037, 21.288], [100.041, 21.291], [100.045, 21.294], [100.049, 21.297], [100.053, 21.301], [100.058, 21.304], [100.068, 21.31], [100.077, 21.312], [100.086, 21.314], [100.094, 21.315], [100.101, 21.318], [100.105, 21.322], [100.109, 21.326], [100.114, 21.329], [100.119, 21.331], [100.123, 21.333], [100.126, 21.335], [100.128, 21.336], [100.141, 21.339], [100.158, 21.343], [100.173, 21.344], [100.201, 21.345], [100.223, 21.349], [100.24, 21.353], [100.272, 21.36], [100.299, 21.365], [100.33, 21.37], [100.357, 21.377], [100.386, 21.391], [100.411, 21.401], [100.44, 21.411], [100.462, 21.415], [100.484, 21.425], [100.509, 21.429], [100.533, 21.442], [100.57, 21.466], [100.591, 21.479], [100.608, 21.486], [100.628, 21.493], [100.651, 21.51], [100.674, 21.533], [100.696, 21.557], [100.713, 21.588], [100.729, 21.614], [100.746, 21.636], [100.756, 21.657], [100.768, 21.683], [100.782, 21.718]]}}, {"type": "Feature", "properties": {}, "geometry": {"type": "LineString", "coordinates": [[100.776, 21.697], [100.785, 21.713], [100.8, 21.727], [100.812, 21.74], [100.822, 21.747], [100.835, 21.755], [100.852, 21.76], [100.865, 21.768], [100.877, 21.776], [100.886, 21.782], [100.893, 21.785], [100.92, 21.813], [100.953, 21.835], [100.986, 21.86]]}}, {"type": "Feature", "properties": {}, "geometry": {"type": "LineString", "coordinates": [[100.771, 22.09], [100.785, 22.078], [100.799, 22.07], [100.81, 22.065], [100.815, 22.061], [100.818, 22.059], [100.828, 22.051], [100.849, 22.033], [100.866, 22.021], [100.893, 22.0], [100.931, 21.984], [100.958, 21.974], [100.974, 21.97], [100.991, 21.96], [101.007, 21.942]]}}, {"type": "Feature", "properties": {}, "geometry": {"type": "LineString", "coordinates": [[101.251, 21.867], [101.245, 21.863], [101.236, 21.86], [101.231, 21.856], [101.221, 21.853], [101.214, 21.848], [101.196, 21.838], [101.184, 21.836], [101.171, 21.83], [101.161, 21.817], [101.147, 21.813], [101.133, 21.805], [101.121, 21.796], [101.112, 21.791], [101.099, 21.787], [101.091, 21.78], [101.088, 21.774], [101.073, 21.763], [101.06, 21.751], [101.042, 21.739], [101.031, 21.73], [101.027, 21.724], [101.008, 21.708], [100.992, 21.699], [100.972, 21.689], [100.95, 21.676], [100.931, 21.664], [100.914, 21.655], [100.895, 21.642], [100.885, 21.636], [100.877, 21.624], [100.87, 21.613], [100.862, 21.605], [100.853, 21.595], [100.845, 21.583], [100.845, 21.583]]}}, {"type": "Feature", "properties": {}, "geometry": {"type": "LineString", "coordinates": [[101.252, 21.711], [101.246, 21.704], [101.239, 21.697], [101.234, 21.694], [101.227, 21.693], [101.217, 21.691], [101.209, 21.69], [101.201, 21.69], [101.192, 21.689], [101.182, 21.685], [101.173, 21.681], [101.166, 21.679], [101.158, 21.676], [101.15, 21.675], [101.143, 21.672], [101.132, 21.669], [101.119, 21.665], [101.108, 21.662], [101.102, 21.658], [101.093, 21.652], [101.085, 21.648], [101.08, 21.644], [101.073, 21.641], [101.066, 21.636], [101.055, 21.633], [101.041, 21.63], [101.031, 21.627], [101.02, 21.623], [101.005, 21.62], [100.995, 21.617], [100.985, 21.612], [100.974, 21.608], [100.962, 21.603], [100.937, 21.603], [100.918, 21.598], [100.897, 21.586]]}}, {"type": "Feature", "properties": {}, "geometry": {"type": "LineString", "coordinates": [[100.849, 21.567], [100.839, 21.554], [100.829, 21.545], [100.813, 21.53], [100.8, 21.52], [100.784, 21.509], [100.767, 21.499], [100.754, 21.49], [100.742, 21.477], [100.732, 21.465], [100.721, 21.454], [100.709, 21.441], [100.699, 21.435], [100.681, 21.425], [100.666, 21.412], [100.656, 21.403], [100.648, 21.396], [100.637, 21.389], [100.628, 21.382], [100.614, 21.372], [100.597, 21.364], [100.584, 21.355], [100.574, 21.348], [100.567, 21.344], [100.558, 21.338], [100.551, 21.33], [100.535, 21.311], [100.522, 21.295]]}}, {"type": "Feature", "properties": {}, "geometry": {"type": "LineString", "coordinates": [[100.526, 21.285], [100.521, 21.281], [100.515, 21.278], [100.507, 21.274], [100.497, 21.269], [100.487, 21.264], [100.48, 21.258], [100.47, 21.252], [100.462, 21.246], [100.453, 21.24], [100.446, 21.235], [100.438, 21.229], [100.423, 21.221], [100.405, 21.209], [100.385, 21.197], [100.37, 21.186], [100.365, 21.18], [100.354, 21.164], [100.346, 21.145], [100.334, 21.123], [100.323, 21.111], [100.319, 21.097]]}}, {"type": "Feature", "properties": {}, "geometry": {"type": "LineString", "coordinates": [[99.917, 21.015], [99.919, 21.019], [99.922, 21.022], [99.925, 21.026], [99.928, 21.029], [99.933, 21.033], [99.937, 21.036], [99.941, 21.038], [99.945, 21.04], [99.948, 21.041], [99.951, 21.042], [99.957, 21.044], [99.961, 21.045], [99.964, 21.047], [99.966, 21.048], [99.969, 21.049], [99.971, 21.049], [99.973, 21.049], [99.975, 21.049], [99.978, 21.05], [99.98, 21.051], [99.983, 21.052], [99.987, 21.053], [99.991, 21.055], [99.995, 21.056], [100.0, 21.057], [100.004, 21.058], [100.009, 21.06], [100.015, 21.062], [100.019, 21.063], [100.023, 21.064], [100.029, 21.066], [100.032, 21.067], [100.035, 21.068], [100.037, 21.069], [100.039, 21.069], [100.077, 21.077], [100.1, 21.073], [100.12, 21.076], [100.151, 21.086], [100.175, 21.091], [100.201, 21.094], [100.224, 21.098], [100.247, 21.104]]}}, {"type": "Feature", "properties": {}, "geometry": {"type": "LineString", "coordinates": [[99.904, 20.87], [99.906, 20.873], [99.909, 20.879], [99.911, 20.884], [99.914, 20.891], [99.917, 20.897], [99.922, 20.903], [99.926, 20.91], [99.933, 20.916], [99.938, 20.919], [99.942, 20.922], [99.948, 20.929], [99.954, 20.935], [99.958, 20.941], [99.963, 20.947], [99.968, 20.955], [99.973, 20.961], [99.978, 20.968], [99.987, 20.975], [99.997, 20.98], [100.005, 20.983], [100.015, 20.986], [100.02, 20.986], [100.029, 20.988], [100.036, 20.992], [100.045, 20.996], [100.056, 21.0], [100.067, 21.004], [100.077, 21.008], [100.087, 21.009], [100.098, 21.012], [100.107, 21.014], [100.113, 21.018], [100.122, 21.022], [100.132, 21.027]]}}, {"type": "Feature", "properties": {}, "geometry": {"type": "LineString", "coordinates": [[100.053, 20.961], [100.067, 20.965], [100.084, 20.971], [100.095, 20.977], [100.105, 20.982], [100.117, 20.99], [100.129, 20.995], [100.14, 20.999], [100.154, 21.003], [100.159, 21.003], [100.192, 21.021], [100.231, 21.046], [100.263, 21.06]]}}, {"type": "Feature", "properties": {}, "geometry": {"type": "LineString", "coordinates": [[99.81, 20.892], [99.807, 20.896], [99.801, 20.902], [99.793, 20.91], [99.786, 20.916], [99.78, 20.921], [99.771, 20.928], [99.759, 20.938], [99.748, 20.947], [99.744, 20.954], [99.74, 20.962], [99.735, 20.971], [99.728, 20.977], [99.723, 20.984], [99.714, 20.996], [99.707, 21.006], [99.7, 21.016], [99.694, 21.025], [99.686, 21.036], [99.677, 21.046], [99.67, 21.053], [99.665, 21.061], [99.658, 21.068], [99.653, 21.074], [99.645, 21.08], [99.639, 21.086], [99.632, 21.093], [99.621, 21.103], [99.613, 21.113], [99.603, 21.123], [99.596, 21.131], [99.59, 21.138], [99.586, 21.142], [99.581, 21.151], [99.579, 21.156], [99.578, 21.163], [99.577, 21.167], [99.574, 21.175], [99.57, 21.182], [99.569, 21.19], [99.568, 21.196], [99.568, 21.203], [99.568, 21.213], [99.564, 21.234], [99.558, 21.25], [99.546, 21.271]]}}, {"type": "Feature", "properties": {}, "geometry": {"type": "LineString", "coordinates": [[99.581, 21.262], [99.576, 21.266], [99.571, 21.274], [99.563, 21.282], [99.558, 21.294], [99.552, 21.305], [99.547, 21.314], [99.536, 21.338], [99.526, 21.366], [99.518, 21.389], [99.513, 21.408], [99.504, 21.425], [99.498, 21.442], [99.495, 21.456], [99.491, 21.469]]}}, {"type": "Feature", "properties": {}, "geometry": {"type": "LineString", "coordinates": [[101.024, 21.056], [101.02, 21.052], [101.013, 21.049], [101.005, 21.043], [100.998, 21.039], [100.991, 21.035], [100.984, 21.033], [100.976, 21.031], [100.968, 21.029], [100.961, 21.026], [100.954, 21.023], [100.946, 21.017], [100.929, 21.01], [100.918, 21.003], [100.902, 20.996], [100.89, 20.99], [100.876, 20.981], [100.864, 20.977], [100.858, 20.973], [100.847, 20.969], [100.837, 20.965], [100.823, 20.961], [100.81, 20.956], [100.794, 20.951], [100.783, 20.947], [100.774, 20.943], [100.765, 20.939], [100.756, 20.936], [100.747, 20.933], [100.737, 20.929], [100.726, 20.925], [100.713, 20.921], [100.699, 20.917], [100.682, 20.912], [100.671, 20.91], [100.659, 20.906], [100.649, 20.902], [100.639, 20.899], [100.628, 20.897], [100.61, 20.893], [100.59, 20.886], [100.568, 20.879], [100.547, 20.871], [100.509, 20.861], [100.489, 20.857], [100.463, 20.854], [100.438, 20.852], [100.417, 20.852], [100.393, 20.847], [100.36, 20.838], [100.328, 20.827], [100.319, 20.823]]}}, {"type": "Feature", "properties": {}, "geometry": {"type": "LineString", "coordinates": [[100.353, 20.827], [100.35, 20.826], [100.341, 20.825], [100.337, 20.824], [100.333, 20.824], [100.33, 20.823], [100.327, 20.822], [100.324, 20.821], [100.321, 20.821], [100.318, 20.82], [100.315, 20.819], [100.298, 20.817], [100.272, 20.811], [100.253, 20.804], [100.229, 20.795], [100.205, 20.788], [100.187, 20.779], [100.166, 20.767], [100.15, 20.756], [100.13, 20.741], [100.116, 20.728], [100.099, 20.716], [100.085, 20.709]]}}, {"type": "Feature", "properties": {}, "geometry": {"type": "LineString", "coordinates": [[99.891, 20.648], [99.899, 20.649], [99.909, 20.651], [99.92, 20.654], [99.932, 20.659], [99.941, 20.663], [99.951, 20.667], [99.96, 20.67], [99.968, 20.672], [99.976, 20.674], [99.985, 20.678], [99.993, 20.682], [100.003, 20.686], [100.012, 20.689], [100.023, 20.693], [100.031, 20.695], [100.039, 20.697], [100.053, 20.699], [100.061, 20.701], [100.068, 20.702], [100.072, 20.703], [100.077, 20.703], [100.083, 20.704], [100.088, 20.706], [100.094, 20.709]]}}, {"type": "Feature", "properties": {}, "geometry": {"type": "LineString", "coordinates": [[100.975, 21.037], [100.984, 21.045], [100.999, 21.051], [101.02, 21.06], [101.034, 21.067], [101.046, 21.074], [101.059, 21.082], [101.077, 21.091], [101.09, 21.096], [101.105, 21.104], [101.121, 21.114], [101.133, 21.12], [101.142, 21.122], [101.172, 21.14], [101.19, 21.149], [101.204, 21.159], [101.217, 21.169], [101.235, 21.192], [101.24, 21.199], [101.262, 21.211], [101.283, 21.223], [101.313, 21.237], [101.343, 21.255], [101.36, 21.266], [101.38, 21.277], [101.409, 21.299], [101.429, 21.308], [101.452, 21.32], [101.486, 21.344], [101.5, 21.35], [101.513, 21.36], [101.536, 21.383], [101.548, 21.396]]}}, {"type": "Feature", "properties": {}, "geometry": {"type": "LineString", "coordinates": [[101.555, 21.436], [101.569, 21.451], [101.575, 21.462], [101.584, 21.474], [101.59, 21.485], [101.597, 21.495], [101.604, 21.513], [101.607, 21.525], [101.611, 21.536], [101.613, 21.547], [101.615, 21.566], [101.612, 21.579], [101.62, 21.6]]}}, {"type": "Feature", "properties": {}, "geometry": {"type": "LineString", "coordinates": [[100.139, 22.909], [100.141, 22.87], [100.149, 22.837], [100.158, 22.805], [100.172, 22.766], [100.174, 22.745], [100.185, 22.725], [100.204, 22.711], [100.218, 22.695], [100.231, 22.66], [100.254, 22.624], [100.27, 22.6]]}}, {"type": "Feature", "properties": {}, "geometry": {"type": "LineString", "coordinates": [[101.206, 20.761], [101.22, 20.77], [101.238, 20.781], [101.252, 20.791], [101.266, 20.8], [101.274, 20.806], [101.283, 20.812], [101.3, 20.819], [101.316, 20.826], [101.332, 20.833], [101.353, 20.841], [101.378, 20.852], [101.399, 20.861], [101.411, 20.867], [101.424, 20.874], [101.436, 20.881], [101.449, 20.89], [101.458, 20.899], [101.47, 20.907], [101.481, 20.916], [101.492, 20.925], [101.501, 20.932], [101.514, 20.941], [101.529, 20.951], [101.546, 20.963], [101.559, 20.976], [101.575, 20.996], [101.59, 21.02]]}}, {"type": "Feature", "properties": {}, "geometry": {"type": "LineString", "coordinates": [[101.221, 20.776], [101.228, 20.785], [101.231, 20.788], [101.232, 20.792], [101.234, 20.795], [101.239, 20.799], [101.252, 20.811], [101.266, 20.82], [101.277, 20.828], [101.281, 20.833], [101.286, 20.84], [101.293, 20.851], [101.298, 20.856], [101.304, 20.861], [101.308, 20.864], [101.317, 20.869], [101.332, 20.877], [101.336, 20.878], [101.339, 20.879], [101.342, 20.88], [101.352, 20.884], [101.36, 20.887], [101.366, 20.889], [101.371, 20.892], [101.375, 20.895], [101.379, 20.897], [101.395, 20.908], [101.42, 20.924], [101.443, 20.935], [101.462, 20.947], [101.478, 20.964], [101.493, 20.986], [101.509, 20.998], [101.524, 21.007], [101.539, 21.014], [101.553, 21.025], [101.58, 21.052], [101.598, 21.066], [101.621, 21.081], [101.632, 21.09], [101.641, 21.106], [101.652, 21.122], [101.664, 21.14], [101.672, 21.16]]}}, {"type": "Feature", "properties": {}, "geometry": {"type": "LineString", "coordinates": [[101.206, 20.76], [101.201, 20.757], [101.192, 20.75], [101.172, 20.736], [101.154, 20.727], [101.141, 20.722], [101.128, 20.716], [101.11, 20.707], [101.092, 20.693], [101.081, 20.684], [101.07, 20.674], [101.065, 20.667], [101.058, 20.657], [101.046, 20.646], [101.033, 20.631], [101.022, 20.619], [101.013, 20.609], [101.004, 20.602], [100.999, 20.598], [100.992, 20.591], [100.983, 20.585], [100.96, 20.573], [100.925, 20.56], [100.896, 20.55], [100.872, 20.54], [100.84, 20.535], [100.805, 20.53], [100.782, 20.527], [100.758, 20.524], [100.734, 20.521], [100.718, 20.513], [100.698, 20.503], [100.667, 20.482], [100.639, 20.466], [100.618, 20.451], [100.587, 20.429], [100.554, 20.403], [100.525, 20.395], [100.475, 20.387], [100.449, 20.384], [100.41, 20.374]]}}, {"type": "Feature", "properties": {}, "geometry": {"type": "LineString", "coordinates": [[100.483, 20.428], [100.474, 20.428], [100.462, 20.424], [100.451, 20.418], [100.439, 20.41], [100.423, 20.396], [100.408, 20.387], [100.39, 20.378], [100.379, 20.371], [100.362, 20.358], [100.347, 20.349], [100.333, 20.34], [100.32, 20.333], [100.298, 20.32], [100.28, 20.311], [100.26, 20.302], [100.242, 20.294], [100.218, 20.285], [100.199, 20.274], [100.189, 20.265], [100.184, 20.258], [100.17, 20.249], [100.157, 20.243], [100.144, 20.238], [100.131, 20.234], [100.107, 20.225], [100.091, 20.216], [100.077, 20.211], [100.061, 20.203], [100.046, 20.196], [100.035, 20.188], [100.018, 20.176], [99.993, 20.167], [99.972, 20.159], [99.957, 20.155], [99.949, 20.155], [99.938, 20.155], [99.928, 20.153], [99.918, 20.15], [99.905, 20.146], [99.889, 20.144], [99.873, 20.141], [99.86, 20.138], [99.837, 20.13], [99.827, 20.125], [99.809, 20.118], [99.798, 20.113], [99.779, 20.108], [99.748, 20.105], [99.731, 20.105], [99.72, 20.106], [99.711, 20.108], [99.701, 20.108], [99.69, 20.11], [99.679, 20.111], [99.669, 20.111], [99.655, 20.109], [99.64, 20.108], [99.628, 20.107], [99.614, 20.105], [99.604, 20.103], [99.591, 20.104], [99.572, 20.105], [99.559, 20.104], [99.544, 20.102], [99.53, 20.098], [99.515, 20.092], [99.5, 20.087], [99.489, 20.083], [99.478, 20.081], [99.464, 20.077], [99.431, 20.072], [99.413, 20.069], [99.397, 20.067], [99.386, 20.065], [99.376, 20.061], [99.365, 20.056], [99.357, 20.052], [99.349, 20.05], [99.338, 20.051], [99.327, 20.05], [99.318, 20.049], [99.312, 20.047], [99.3, 20.044], [99.29, 20.041], [99.281, 20.037], [99.273, 20.032], [99.265, 20.026], [99.203, 19.957], [99.153, 19.919], [99.125, 19.858], [99.098, 19.8], [99.096, 19.732], [99.111, 19.688]]}}, {"type": "Feature", "properties": {}, "geometry": {"type": "LineString", "coordinates": [[103.196, 22.387], [103.194, 22.38], [103.193, 22.372], [103.191, 22.365], [103.189, 22.36], [103.189, 22.354], [103.188, 22.346], [103.187, 22.342], [103.185, 22.335], [103.184, 22.327], [103.184, 22.32], [103.182, 22.314], [103.181, 22.308], [103.18, 22.299], [103.179, 22.29], [103.178, 22.284], [103.177, 22.278], [103.177, 22.273], [103.177, 22.268], [103.175, 22.256], [103.175, 22.252], [103.175, 22.247], [103.175, 22.243], [103.174, 22.234], [103.173, 22.224], [103.172, 22.217], [103.171, 22.203], [103.17, 22.193], [103.169, 22.185], [103.169, 22.179], [103.168, 22.174], [103.168, 22.171], [103.164, 22.129], [103.159, 22.028], [103.138, 21.924], [103.12, 21.805], [103.093, 21.77], [103.071, 21.677], [103.028, 21.587], [103.021, 21.559], [103.02, 21.501], [103.018, 21.431], [103.016, 21.383], [103.023, 21.315], [103.027, 21.274]]}}, {"type": "Feature", "properties": {}, "geometry": {"type": "LineString", "coordinates": [[102.972, 21.515], [102.964, 21.504], [102.956, 21.492], [102.949, 21.479], [102.937, 21.461], [102.933, 21.454], [102.92, 21.438], [102.911, 21.429], [102.899, 21.418], [102.889, 21.407], [102.872, 21.382], [102.858, 21.363], [102.853, 21.341], [102.851, 21.309], [102.823, 21.261]]}}, {"type": "Feature", "properties": {}, "geometry": {"type": "LineString", "coordinates": [[102.057, 20.721], [101.956, 20.616], [101.917, 20.566], [101.913, 20.557], [101.906, 20.547], [101.899, 20.537], [101.891, 20.528], [101.883, 20.516], [101.875, 20.507], [101.865, 20.497], [101.858, 20.489], [101.851, 20.481], [101.843, 20.473], [101.835, 20.464], [101.827, 20.455], [101.818, 20.445], [101.811, 20.434], [101.801, 20.422], [101.794, 20.413], [101.786, 20.408], [101.779, 20.399], [101.754, 20.367], [101.737, 20.338], [101.718, 20.315], [101.701, 20.285], [101.686, 20.245]]}}, {"type": "Feature", "properties": {}, "geometry": {"type": "LineString", "coordinates": [[101.636, 20.296], [101.631, 20.291], [101.625, 20.287], [101.617, 20.282], [101.609, 20.275], [101.6, 20.267], [101.595, 20.261], [101.588, 20.257], [101.582, 20.253], [101.577, 20.248], [101.572, 20.239], [101.566, 20.234], [101.557, 20.226], [101.55, 20.22], [101.542, 20.213], [101.533, 20.205], [101.526, 20.195], [101.506, 20.164], [101.489, 20.125]]}}, {"type": "Feature", "properties": {}, "geometry": {"type": "LineString", "coordinates": [[101.412, 19.995], [101.373, 19.983], [101.331, 19.972], [101.262, 19.949], [101.215, 19.927], [101.163, 19.914], [101.128, 19.896], [101.096, 19.873], [101.056, 19.842]]}}, {"type": "Feature", "properties": {}, "geometry": {"type": "LineString", "coordinates": [[101.15, 19.728], [101.171, 19.759], [101.216, 19.789], [101.251, 19.816], [101.317, 19.846], [101.373, 19.87], [101.43, 19.891], [101.494, 19.912], [101.535, 19.925], [101.585, 19.957], [101.615, 19.986], [101.632, 20.028], [101.654, 20.071]]}}, {"type": "Feature", "properties": {}, "geometry": {"type": "LineString", "coordinates": [[102.18, 20.287], [102.14, 20.258], [102.089, 20.218], [102.022, 20.177], [101.999, 20.154], [101.978, 20.136], [101.959, 20.123], [101.942, 20.102], [101.924, 20.088], [101.904, 20.074], [101.879, 20.063], [101.858, 20.054], [101.838, 20.044], [101.816, 20.022], [101.791, 20.002], [101.761, 19.987], [101.739, 19.965], [101.712, 19.946], [101.701, 19.931], [101.67, 19.903], [101.62, 19.861], [101.59, 19.839], [101.553, 19.824], [101.524, 19.809], [101.525, 19.808]]}}, {"type": "Feature", "properties": {}, "geometry": {"type": "LineString", "coordinates": [[102.205, 20.235], [102.181, 20.212], [102.165, 20.199], [102.138, 20.179], [102.124, 20.169], [102.104, 20.151], [102.076, 20.132], [102.057, 20.115], [102.035, 20.1], [102.018, 20.087], [102.0, 20.068], [101.979, 20.051], [101.962, 20.036], [101.939, 20.018], [101.887, 19.973], [101.848, 19.947], [101.829, 19.932], [101.81, 19.92], [101.793, 19.91], [101.764, 19.888], [101.743, 19.87], [101.732, 19.859], [101.715, 19.835], [101.702, 19.817]]}}, {"type": "Feature", "properties": {}, "geometry": {"type": "LineString", "coordinates": [[102.329, 20.383], [102.322, 20.367], [102.313, 20.356], [102.304, 20.346], [102.296, 20.339], [102.289, 20.335], [102.282, 20.329], [102.275, 20.323], [102.268, 20.317], [102.26, 20.307], [102.253, 20.298], [102.245, 20.286], [102.228, 20.267], [102.21, 20.241], [102.197, 20.218], [102.174, 20.192], [102.158, 20.172], [102.139, 20.146], [102.119, 20.118], [102.097, 20.097], [102.077, 20.075], [102.06, 20.056], [102.046, 20.036], [102.034, 20.02], [102.021, 20.004], [102.013, 19.996], [102.001, 19.987], [101.992, 19.98], [101.982, 19.97], [101.974, 19.959], [101.961, 19.95], [101.957, 19.941], [101.945, 19.934], [101.933, 19.924]]}}, {"type": "Feature", "properties": {}, "geometry": {"type": "LineString", "coordinates": [[102.194, 20.008], [102.145, 19.978], [102.097, 19.945], [102.045, 19.906], [101.985, 19.871], [101.905, 19.802], [101.863, 19.766], [101.832, 19.748], [101.833, 19.748]]}}, {"type": "Feature", "properties": {}, "geometry": {"type": "LineString", "coordinates": [[102.579, 20.242], [102.549, 20.206], [102.52, 20.183], [102.493, 20.167], [102.464, 20.14], [102.423, 20.103], [102.365, 20.057], [102.312, 20.015], [102.313, 20.015]]}}, {"type": "Feature", "properties": {}, "geometry": {"type": "LineString", "coordinates": [[101.995, 19.589], [102.066, 19.632], [102.111, 19.675], [102.16, 19.749], [102.211, 19.835], [102.239, 19.879], [102.276, 19.945], [102.338, 19.986], [102.337, 19.986]]}}, {"type": "Feature", "properties": {}, "geometry": {"type": "LineString", "coordinates": [[102.149, 19.6], [102.149, 19.601], [102.214, 19.655], [102.251, 19.701], [102.317, 19.788], [102.33, 19.809], [102.348, 19.837], [102.362, 19.85], [102.377, 19.866], [102.44, 19.894], [102.494, 19.922], [102.552, 19.947], [102.586, 19.961]]}}, {"type": "Feature", "properties": {}, "geometry": {"type": "LineString", "coordinates": [[102.194, 19.884], [102.216, 19.901], [102.24, 19.924], [102.279, 20.004], [102.312, 20.069], [102.322, 20.08], [102.338, 20.099], [102.381, 20.143], [102.394, 20.161], [102.401, 20.179], [102.422, 20.228], [102.438, 20.259], [102.445, 20.28], [102.447, 20.29], [102.456, 20.301], [102.463, 20.306], [102.471, 20.317], [102.472, 20.325], [102.472, 20.331], [102.479, 20.337], [102.487, 20.345], [102.488, 20.351], [102.489, 20.359], [102.499, 20.374], [102.514, 20.393], [102.521, 20.398], [102.528, 20.406], [102.531, 20.419], [102.536, 20.433], [102.545, 20.444], [102.549, 20.451], [102.552, 20.461], [102.574, 20.497]]}}, {"type": "Feature", "properties": {}, "geometry": {"type": "LineString", "coordinates": [[103.383, 21.753], [103.388, 21.737], [103.394, 21.72], [103.401, 21.708], [103.404, 21.697], [103.405, 21.686], [103.409, 21.676], [103.411, 21.664], [103.411, 21.652], [103.412, 21.642], [103.412, 21.631], [103.415, 21.621], [103.416, 21.608], [103.416, 21.595], [103.419, 21.583], [103.422, 21.571], [103.427, 21.556], [103.431, 21.544], [103.435, 21.538], [103.455, 21.484], [103.471, 21.45], [103.502, 21.407], [103.529, 21.355], [103.55, 21.307], [103.595, 21.231]]}}, {"type": "Feature", "properties": {}, "geometry": {"type": "LineString", "coordinates": [[103.0, 23.045], [103.022, 23.014], [103.039, 22.986], [103.059, 22.945], [103.092, 22.897], [103.105, 22.872], [103.11, 22.86], [103.114, 22.847], [103.117, 22.818], [103.132, 22.779], [103.142, 22.761], [103.144, 22.753], [103.148, 22.708], [103.146, 22.667], [103.143, 22.634], [103.145, 22.615]]}}, {"type": "Feature", "properties": {}, "geometry": {"type": "LineString", "coordinates": [[100.152, 23.032], [100.15, 23.051], [100.154, 23.07], [100.162, 23.098], [100.17, 23.12], [100.179, 23.137], [100.189, 23.156], [100.204, 23.167], [100.218, 23.179], [100.231, 23.191], [100.246, 23.201], [100.26, 23.217], [100.282, 23.231], [100.298, 23.243], [100.316, 23.254], [100.332, 23.269], [100.345, 23.284], [100.349, 23.294], [100.355, 23.322], [100.359, 23.394]]}}, {"type": "Feature", "properties": {}, "geometry": {"type": "LineString", "coordinates": [[100.654, 24.706], [100.719, 24.634], [100.761, 24.573], [100.797, 24.515], [100.812, 24.494], [100.827, 24.454], [100.86, 24.387], [100.918, 24.302], [100.965, 24.22], [100.987, 24.206], [101.061, 24.09], [101.098, 24.006]]}}, {"type": "Feature", "properties": {}, "geometry": {"type": "LineString", "coordinates": [[101.085, 24.08], [101.105, 24.037], [101.118, 23.996], [101.125, 23.907], [101.139, 23.825], [101.137, 23.754], [101.149, 23.706], [101.158, 23.629], [101.16, 23.577], [101.165, 23.526], [101.17, 23.499], [101.192, 23.437], [101.197, 23.398], [101.204, 23.363], [101.217, 23.324], [101.236, 23.274], [101.253, 23.237], [101.28, 23.199], [101.32, 23.142], [101.357, 23.096]]}}, {"type": "Feature", "properties": {}, "geometry": {"type": "LineString", "coordinates": [[101.238, 23.131], [101.287, 23.093], [101.334, 23.043], [101.382, 22.996], [101.433, 22.965], [101.456, 22.955]]}}, {"type": "Feature", "properties": {}, "geometry": {"type": "LineString", "coordinates": [[101.515, 22.846], [101.553, 22.813], [101.618, 22.749], [101.688, 22.676], [101.752, 22.608], [101.811, 22.539], [101.873, 22.491]]}}, {"type": "Feature", "properties": {}, "geometry": {"type": "LineString", "coordinates": [[102.573, 22.176], [102.563, 22.185], [102.538, 22.205], [102.5, 22.233], [102.458, 22.267], [102.432, 22.291], [102.399, 22.312], [102.368, 22.335], [102.347, 22.351], [102.313, 22.371], [102.283, 22.379], [102.259, 22.375]]}}, {"type": "Feature", "properties": {}, "geometry": {"type": "LineString", "coordinates": [[101.482, 22.574], [101.474, 22.583], [101.469, 22.586], [101.458, 22.602], [101.447, 22.613], [101.436, 22.627], [101.423, 22.643], [101.406, 22.666], [101.388, 22.683], [101.376, 22.699], [101.363, 22.716], [101.35, 22.735], [101.339, 22.751], [101.326, 22.772], [101.313, 22.787], [101.298, 22.801], [101.28, 22.808], [101.268, 22.812], [101.247, 22.817], [101.234, 22.82]]}}, {"type": "Feature", "properties": {}, "geometry": {"type": "LineString", "coordinates": [[102.667, 22.425], [102.681, 22.416], [102.702, 22.409], [102.721, 22.403], [102.741, 22.4], [102.76, 22.398], [102.797, 22.385], [102.824, 22.367], [102.844, 22.361], [102.896, 22.338], [102.958, 22.309], [103.02, 22.279], [103.062, 22.256]]}}, {"type": "Feature", "properties": {}, "geometry": {"type": "LineString", "coordinates": [[102.125, 23.045], [102.146, 23.041], [102.165, 23.038], [102.182, 23.035], [102.195, 23.032], [102.209, 23.027], [102.224, 23.024], [102.237, 23.019], [102.247, 23.016], [102.256, 23.014], [102.281, 23.008], [102.311, 23.004], [102.357, 22.997], [102.379, 22.993], [102.43, 22.99], [102.458, 22.987], [102.486, 22.981], [102.526, 22.972], [102.558, 22.966], [102.59, 22.953], [102.642, 22.931], [102.677, 22.918]]}}, {"type": "Feature", "properties": {}, "geometry": {"type": "LineString", "coordinates": [[101.977, 22.755], [101.987, 22.742], [101.994, 22.724], [102.0, 22.705], [102.005, 22.697], [102.011, 22.689], [102.025, 22.678], [102.032, 22.665], [102.04, 22.642], [102.048, 22.63], [102.073, 22.604], [102.091, 22.591], [102.105, 22.577], [102.127, 22.55], [102.145, 22.529], [102.181, 22.505], [102.211, 22.485]]}}, {"type": "Feature", "properties": {}, "geometry": {"type": "LineString", "coordinates": [[100.689, 24.016], [100.677, 24.001], [100.666, 23.981], [100.651, 23.967], [100.646, 23.951], [100.643, 23.932], [100.643, 23.924], [100.636, 23.909], [100.635, 23.898], [100.637, 23.875], [100.636, 23.853], [100.631, 23.829], [100.627, 23.808], [100.625, 23.791], [100.626, 23.776], [100.631, 23.718], [100.644, 23.69], [100.658, 23.669], [100.668, 23.643], [100.671, 23.615], [100.669, 23.604], [100.684, 23.572]]}}, {"type": "Feature", "properties": {}, "geometry": {"type": "LineString", "coordinates": [[100.926, 23.598], [100.924, 23.543], [100.929, 23.503], [100.937, 23.477], [100.944, 23.437], [100.953, 23.381], [100.955, 23.375], [100.956, 23.371], [100.959, 23.356], [100.962, 23.339], [100.968, 23.328], [100.973, 23.318], [100.976, 23.302], [100.98, 23.284], [100.984, 23.265], [100.988, 23.252], [100.992, 23.236], [100.995, 23.224], [101.001, 23.212], [101.007, 23.198], [101.01, 23.184], [101.014, 23.173], [101.023, 23.142], [101.03, 23.119], [101.043, 23.044], [101.056, 23.002]]}}, {"type": "Feature", "properties": {}, "geometry": {"type": "LineString", "coordinates": [[101.075, 22.469], [101.073, 22.477], [101.068, 22.495], [101.057, 22.516], [101.047, 22.54], [101.034, 22.565], [101.02, 22.587], [101.003, 22.606], [100.984, 22.628], [100.961, 22.652], [100.94, 22.668], [100.921, 22.682], [100.905, 22.699], [100.892, 22.715], [100.878, 22.738], [100.871, 22.751], [100.859, 22.773], [100.836, 22.808], [100.792, 22.849]]}}, {"type": "Feature", "properties": {}, "geometry": {"type": "LineString", "coordinates": [[97.849, 25.32], [97.846, 25.306], [97.843, 25.291], [97.838, 25.277], [97.834, 25.263], [97.828, 25.252], [97.82, 25.237], [97.813, 25.221], [97.806, 25.203], [97.802, 25.187], [97.798, 25.173], [97.793, 25.16], [97.789, 25.143], [97.782, 25.123], [97.776, 25.101], [97.77, 25.078], [97.766, 25.062], [97.759, 25.043], [97.756, 25.027], [97.755, 25.016], [97.754, 25.01]]}}, {"type": "Feature", "properties": {}, "geometry": {"type": "LineString", "coordinates": [[97.8, 25.253], [97.812, 25.341], [97.816, 25.35], [97.821, 25.359], [97.826, 25.373], [97.831, 25.389], [97.841, 25.398], [97.851, 25.413], [97.862, 25.435], [97.871, 25.453], [97.878, 25.477], [97.886, 25.507], [97.918, 25.565], [97.955, 25.624]]}}, {"type": "Feature", "properties": {}, "geometry": {"type": "LineString", "coordinates": [[96.543, 14.582], [96.521, 14.879], [96.498, 15.221], [96.498, 15.573], [96.487, 15.892], [96.51, 16.178], [96.521, 16.454], [96.528, 16.545], [96.525, 16.674], [96.521, 16.78], [96.52, 16.83], [96.518, 16.887], [96.516, 16.928], [96.518, 16.983], [96.519, 17.086], [96.515, 17.165], [96.514, 17.209], [96.512, 17.266], [96.508, 17.332], [96.504, 17.416], [96.505, 17.482], [96.506, 17.528], [96.502, 17.572], [96.498, 17.629], [96.495, 17.672], [96.492, 17.743], [96.485, 17.813], [96.484, 17.86], [96.481, 17.933], [96.48, 17.994], [96.477, 18.033], [96.474, 18.045]]}}, {"type": "Feature", "properties": {}, "geometry": {"type": "LineString", "coordinates": [[96.422, 19.178], [96.452, 19.151], [96.474, 19.13], [96.493, 19.108], [96.518, 19.085], [96.537, 19.067], [96.552, 19.049], [96.577, 19.028], [96.595, 19.015], [96.623, 18.99], [96.646, 18.968], [96.664, 18.949], [96.684, 18.929], [96.707, 18.906], [96.727, 18.887], [96.75, 18.866], [96.779, 18.84], [96.805, 18.82], [96.828, 18.8], [96.853, 18.781], [96.876, 18.76], [96.88, 18.754], [97.161, 18.514]]}}, {"type": "Feature", "properties": {}, "geometry": {"type": "LineString", "coordinates": [[96.273, 19.108], [96.252, 19.189], [96.238, 19.294], [96.228, 19.382], [96.225, 19.407], [96.221, 19.425], [96.218, 19.443], [96.213, 19.467], [96.205, 19.495], [96.201, 19.515], [96.198, 19.532], [96.196, 19.554], [96.181, 19.653], [96.173, 19.725], [96.154, 19.839], [96.151, 19.871]]}}, {"type": "Feature", "properties": {}, "geometry": {"type": "LineString", "coordinates": [[96.148, 19.908], [96.148, 19.891], [96.15, 19.874], [96.15, 19.852], [96.147, 19.825], [96.147, 19.804], [96.146, 19.776], [96.143, 19.755], [96.124, 19.668], [96.113, 19.606], [96.11, 19.552], [96.111, 19.516], [96.118, 19.433], [96.12, 19.404], [96.123, 19.371], [96.133, 19.334], [96.143, 19.28], [96.146, 19.26]]}}, {"type": "Feature", "properties": {}, "geometry": {"type": "LineString", "coordinates": [[96.191, 19.735], [96.183, 19.75], [96.177, 19.769], [96.171, 19.792], [96.165, 19.815], [96.161, 19.835], [96.16, 19.862], [96.155, 19.887], [96.149, 19.913], [96.146, 19.941], [96.143, 19.953], [96.141, 19.972], [96.136, 20.021], [96.132, 20.044], [96.126, 20.084], [96.123, 20.105], [96.121, 20.129], [96.116, 20.152], [96.113, 20.167], [96.112, 20.18], [96.111, 20.185], [96.111, 20.189], [96.11, 20.198], [96.109, 20.203], [96.109, 20.205], [96.108, 20.209], [96.107, 20.212], [96.107, 20.216], [96.107, 20.219], [96.106, 20.222], [96.105, 20.228], [96.103, 20.238], [96.103, 20.246], [96.101, 20.253], [96.1, 20.262], [96.099, 20.268], [96.098, 20.275], [96.097, 20.286], [96.097, 20.293], [96.096, 20.301], [96.095, 20.309], [96.093, 20.316], [96.092, 20.324], [96.091, 20.328], [96.09, 20.336], [96.088, 20.347], [96.088, 20.351], [96.087, 20.356], [96.086, 20.364], [96.086, 20.372], [96.086, 20.378], [96.085, 20.385], [96.084, 20.39], [96.083, 20.395], [96.083, 20.401], [96.082, 20.407], [96.081, 20.418], [96.08, 20.426], [96.078, 20.437], [96.077, 20.446], [96.075, 20.455], [96.074, 20.466], [96.074, 20.474], [96.072, 20.488], [96.071, 20.501], [96.069, 20.51], [96.068, 20.52], [96.067, 20.527], [96.067, 20.538], [96.065, 20.565], [96.06, 20.61], [96.052, 20.746], [96.046, 20.773], [96.043, 20.822], [96.038, 20.867], [96.031, 20.934], [96.029, 20.968], [96.028, 21.039], [96.022, 21.086], [96.013, 21.206], [96.008, 21.279], [96.006, 21.345], [96.0, 21.457], [95.989, 21.621], [95.988, 21.779], [95.986, 21.869]]}}, {"type": "Feature", "properties": {}, "geometry": {"type": "LineString", "coordinates": [[97.035, 26.391], [97.038, 26.398], [97.041, 26.405], [97.044, 26.416], [97.048, 26.426], [97.049, 26.437], [97.052, 26.448], [97.055, 26.461], [97.057, 26.471], [97.061, 26.479], [97.066, 26.491], [97.069, 26.5], [97.073, 26.507], [97.077, 26.516], [97.081, 26.523], [97.108, 26.633], [97.13, 26.701], [97.157, 26.787], [97.181, 26.855], [97.183, 26.921], [97.099, 27.064], [97.032, 27.174], [96.96, 27.257], [96.899, 27.306]]}}, {"type": "Feature", "properties": {}, "geometry": {"type": "LineString", "coordinates": [[96.474, 18.045], [96.464, 18.068], [96.462, 18.087], [96.455, 18.115], [96.443, 18.164], [96.439, 18.207], [96.429, 18.257], [96.42, 18.301], [96.413, 18.343], [96.408, 18.369], [96.392, 18.436], [96.383, 18.484], [96.37, 18.562], [96.36, 18.628], [96.343, 18.717], [96.329, 18.769], [96.327, 18.85], [96.302, 18.951], [96.278, 19.091], [96.273, 19.108]]}}, {"type": "Feature", "properties": {}, "geometry": {"type": "LineString", "coordinates": [[95.974, 22.974], [95.976, 22.966], [95.976, 22.956], [95.976, 22.932], [95.976, 22.901], [95.976, 22.86], [95.975, 22.842], [95.974, 22.828], [95.974, 22.823], [95.974, 22.817], [95.974, 22.809], [95.974, 22.796], [95.975, 22.782], [95.975, 22.776], [95.976, 22.768], [95.975, 22.765], [95.967, 22.741], [95.967, 22.727], [95.966, 22.708], [95.965, 22.696], [95.964, 22.682], [95.964, 22.673], [95.97, 22.66], [95.97, 22.647], [95.969, 22.638], [95.968, 22.63], [95.967, 22.616], [95.967, 22.6], [95.966, 22.582], [95.966, 22.569], [95.966, 22.496], [95.966, 22.423], [95.966, 22.346], [95.972, 22.236], [95.974, 22.181], [95.977, 22.109], [95.982, 22.027], [95.982, 21.96], [95.985, 21.881], [95.986, 21.869], [96.025, 23.587], [96.018, 23.499], [96.015, 23.437], [96.012, 23.372], [96.006, 23.301], [96.002, 23.249], [96.001, 23.21], [96.0, 23.202], [95.999, 23.159], [95.996, 23.107], [95.995, 23.088], [95.994, 23.075], [95.987, 23.047], [95.981, 23.016], [95.98, 23.003], [95.977, 22.98]]}}, {"type": "Feature", "properties": {}, "geometry": {"type": "LineString", "coordinates": [[95.973, 23.218], [95.972, 23.236], [95.973, 23.249], [95.973, 23.258], [95.975, 23.272], [95.975, 23.284], [95.977, 23.294], [95.979, 23.306], [95.982, 23.325], [95.986, 23.349], [95.989, 23.372], [95.992, 23.404], [95.995, 23.445], [96.002, 23.513], [96.008, 23.629], [96.017, 23.876]]}}, {"type": "Feature", "properties": {}, "geometry": {"type": "LineString", "coordinates": [[96.012, 25.005], [96.012, 25.003], [96.012, 25.001], [96.012, 24.998], [96.012, 24.996], [96.012, 24.993], [96.012, 24.99], [96.012, 24.986], [96.011, 24.983], [96.011, 24.979], [96.011, 24.975], [96.011, 24.973], [96.01, 24.97], [96.008, 24.966], [96.007, 24.963], [96.007, 24.959], [96.007, 24.957], [96.007, 24.954], [96.007, 24.951], [96.007, 24.949], [96.006, 24.946], [96.005, 24.943], [96.005, 24.94], [96.004, 24.937], [96.004, 24.934], [96.003, 24.932], [96.003, 24.929], [96.002, 24.927], [96.002, 24.925], [96.001, 24.92], [96.0, 24.914], [95.999, 24.909], [95.999, 24.906], [95.998, 24.902], [95.997, 24.899], [95.996, 24.895], [95.996, 24.891], [95.996, 24.887], [95.995, 24.883], [95.993, 24.877], [95.992, 24.873], [95.991, 24.867], [95.973, 24.783], [95.956, 24.689], [95.955, 24.544], [95.935, 24.269], [95.918, 24.026], [95.888, 23.768], [95.859, 23.619], [95.852, 23.504], [95.857, 23.385]]}}, {"type": "Feature", "properties": {}, "geometry": {"type": "LineString", "coordinates": [[96.329, 24.838], [96.347, 24.848], [96.364, 24.857], [96.384, 24.874], [96.406, 24.896], [96.58, 25.056], [96.795, 25.26], [97.026, 25.447], [97.172, 25.603], [97.232, 25.704], [97.304, 25.896], [97.343, 26.198], [97.403, 26.585], [97.426, 26.817], [97.369, 26.875], [97.299, 26.934]]}}, {"type": "Feature", "properties": {}, "geometry": {"type": "LineString", "coordinates": [[96.191, 24.69], [96.194, 24.702], [96.196, 24.718], [96.199, 24.736], [96.202, 24.753], [96.204, 24.771], [96.21, 24.791], [96.213, 24.81], [96.215, 24.825], [96.218, 24.84], [96.22, 24.852], [96.241, 24.917], [96.3, 25.01], [96.352, 25.122]]}}, {"type": "Feature", "properties": {}, "geometry": {"type": "LineString", "coordinates": [[96.352, 25.122], [96.368, 25.157], [96.448, 25.404], [96.521, 25.657], [96.62, 26.048]]}}, {"type": "Feature", "properties": {}, "geometry": {"type": "LineString", "coordinates": [[96.285, 24.825], [96.337, 24.971], [96.388, 25.074], [96.438, 25.161], [96.497, 25.205], [96.501, 25.215], [96.506, 25.221], [96.51, 25.225], [96.514, 25.23], [96.52, 25.237], [96.524, 25.247], [96.531, 25.257], [96.539, 25.272], [96.549, 25.285], [96.555, 25.298], [96.56, 25.31], [96.566, 25.317], [96.572, 25.323], [96.577, 25.33], [96.582, 25.339], [96.585, 25.347], [96.59, 25.355], [96.597, 25.364], [96.603, 25.372], [96.609, 25.379], [96.617, 25.387], [96.623, 25.394], [96.628, 25.403], [96.635, 25.411], [96.639, 25.419], [96.646, 25.429], [96.653, 25.439], [96.751, 25.58], [96.812, 25.702], [96.891, 25.834], [97.05, 26.086], [97.083, 26.177], [97.098, 26.229], [97.108, 26.373]]}}, {"type": "Feature", "properties": {}, "geometry": {"type": "LineString", "coordinates": [[96.02, 23.687], [96.021, 23.692], [96.024, 23.706], [96.028, 23.737], [96.032, 23.766], [96.036, 23.799], [96.039, 23.823], [96.044, 23.852], [96.048, 23.873], [96.052, 23.894], [96.054, 23.909], [96.083, 24.017], [96.11, 24.199], [96.106, 24.261]]}}, {"type": "Feature", "properties": {}, "geometry": {"type": "LineString", "coordinates": [[96.121, 24.274], [96.125, 24.317], [96.128, 24.349], [96.166, 24.505], [96.285, 24.825]]}}, {"type": "Feature", "properties": {}, "geometry": {"type": "LineString", "coordinates": [[93.179, 25.342], [93.178, 25.344], [93.178, 25.349], [93.178, 25.352], [93.178, 25.356], [93.178, 25.361], [93.179, 25.365], [93.179, 25.368], [93.18, 25.373], [93.181, 25.377], [93.185, 25.38], [93.187, 25.383], [93.188, 25.387], [93.191, 25.392], [93.194, 25.395], [93.197, 25.398], [93.2, 25.402], [93.203, 25.404], [93.206, 25.406], [93.208, 25.409], [93.209, 25.412], [93.209, 25.416], [93.211, 25.419], [93.214, 25.421], [93.217, 25.422], [93.22, 25.424], [93.223, 25.425], [93.226, 25.427], [93.229, 25.431], [93.232, 25.435], [93.235, 25.438], [93.237, 25.441], [93.239, 25.444], [93.242, 25.449], [93.245, 25.453], [93.247, 25.456], [93.248, 25.459], [93.251, 25.462], [93.253, 25.466], [93.257, 25.47], [93.26, 25.473], [93.299, 25.507], [93.328, 25.526], [93.358, 25.541], [93.4, 25.556], [93.435, 25.572], [93.451, 25.585], [93.479, 25.601], [93.534, 25.64], [93.542, 25.652], [93.593, 25.692], [93.656, 25.716], [93.729, 25.762], [93.791, 25.806], [93.809, 25.821], [93.863, 25.838], [93.916, 25.883], [93.955, 25.9], [93.984, 25.922], [93.965, 25.96], [93.958, 25.998], [93.965, 26.03], [93.982, 26.048], [93.999, 26.108], [94.038, 26.208], [94.048, 26.248], [94.097, 26.3], [94.114, 26.327], [94.165, 26.331], [94.181, 26.344], [94.173, 26.41], [94.178, 26.444], [94.205, 26.479], [94.247, 26.524], [94.283, 26.562], [94.369, 26.624], [94.421, 26.658], [94.465, 26.671], [94.493, 26.695], [94.483, 26.741], [94.527, 26.749], [94.583, 26.756], [94.619, 26.767], [94.639, 26.792], [94.68, 26.785], [94.702, 26.786], [94.815, 26.827], [94.832, 26.859], [94.85, 26.898], [94.858, 26.939], [94.887, 26.955], [94.922, 26.976], [94.998, 27.017], [95.04, 27.02], [95.104, 27.001], [95.134, 27.005], [95.174, 27.033], [95.24, 27.068], [95.285, 27.102], [95.365, 27.141], [95.393, 27.217], [95.422, 27.276], [95.476, 27.314], [95.503, 27.349], [95.599, 27.393], [95.744, 27.438]]}}, {"type": "Feature", "properties": {}, "geometry": {"type": "LineString", "coordinates": [[95.304, 27.056], [95.311, 27.058], [95.318, 27.061], [95.326, 27.066], [95.336, 27.071], [95.343, 27.076], [95.353, 27.079], [95.36, 27.08], [95.367, 27.08], [95.375, 27.08], [95.382, 27.08], [95.389, 27.084], [95.396, 27.089], [95.403, 27.092], [95.409, 27.096], [95.414, 27.102], [95.417, 27.106], [95.421, 27.109], [95.426, 27.113], [95.467, 27.145], [95.498, 27.18], [95.508, 27.194], [95.516, 27.223], [95.532, 27.237], [95.589, 27.25], [95.682, 27.261], [95.727, 27.284], [95.8, 27.31], [95.846, 27.315], [95.916, 27.359], [95.94, 27.383], [95.96, 27.409], [96.014, 27.41], [96.065, 27.417], [96.122, 27.431], [96.203, 27.477]]}}, {"type": "Feature", "properties": {}, "geometry": {"type": "LineString", "coordinates": [[94.046, 25.307], [94.043, 25.304], [94.041, 25.301], [94.037, 25.294], [94.029, 25.279], [94.025, 25.273], [94.017, 25.259], [94.011, 25.245], [94.002, 25.224], [93.999, 25.216], [93.996, 25.204], [93.992, 25.197], [93.989, 25.191], [93.986, 25.189], [93.981, 25.182], [93.975, 25.177], [93.856, 24.972], [93.806, 24.864], [93.772, 24.711], [93.707, 24.511], [93.654, 24.342], [93.586, 24.112], [93.528, 23.891]]}}, {"type": "Feature", "properties": {}, "geometry": {"type": "LineString", "coordinates": [[94.184, 22.072], [94.184, 22.118], [94.176, 22.159], [94.174, 22.205], [94.173, 22.254], [94.157, 22.336], [94.156, 22.389], [94.148, 22.468], [94.146, 22.539], [94.143, 22.602], [94.139, 22.67], [94.138, 22.717], [94.141, 22.758], [94.142, 22.796], [94.13, 22.834], [94.103, 22.882], [94.082, 22.935], [94.085, 22.968], [94.089, 22.988], [94.105, 23.018], [94.11, 23.066], [94.115, 23.129], [94.125, 23.166], [94.121, 23.195], [94.126, 23.22], [94.109, 23.302], [94.102, 23.343], [94.101, 23.374], [94.107, 23.43], [94.116, 23.483], [94.119, 23.531], [94.129, 23.561], [94.131, 23.593], [94.145, 23.611], [94.156, 23.647], [94.217, 23.761], [94.219, 23.766], [94.222, 23.774], [94.223, 23.783], [94.225, 23.793], [94.226, 23.801], [94.228, 23.807], [94.232, 23.814], [94.238, 23.818], [94.242, 23.823], [94.246, 23.83], [94.25, 23.837], [94.25, 23.845], [94.25, 23.849], [94.252, 23.856], [94.256, 23.864], [94.258, 23.873], [94.262, 23.88], [94.265, 23.889], [94.27, 23.897], [94.275, 23.907], [94.278, 23.913], [94.281, 23.918], [94.285, 23.923], [94.288, 23.932], [94.29, 23.938], [94.292, 23.946], [94.295, 23.953], [94.302, 23.957], [94.31, 23.964], [94.316, 23.971], [94.323, 23.979], [94.325, 23.984], [94.328, 23.993], [94.332, 24.001], [94.334, 24.007], [94.336, 24.012], [94.338, 24.018], [94.341, 24.025], [94.344, 24.034], [94.345, 24.042], [94.347, 24.05], [94.35, 24.057], [94.353, 24.064], [94.355, 24.071], [94.358, 24.077], [94.359, 24.084], [94.363, 24.089], [94.369, 24.091], [94.375, 24.093], [94.381, 24.097], [94.385, 24.103], [94.388, 24.111], [94.391, 24.118], [94.393, 24.124], [94.395, 24.131], [94.399, 24.138], [94.402, 24.145], [94.403, 24.154], [94.402, 24.166], [94.401, 24.17], [94.403, 24.175], [94.409, 24.179], [94.409, 24.185], [94.409, 24.192], [94.411, 24.2], [94.414, 24.206], [94.418, 24.217], [94.42, 24.225], [94.424, 24.235], [94.427, 24.244], [94.43, 24.253], [94.43, 24.26], [94.432, 24.267], [94.435, 24.271], [94.487, 24.373], [94.533, 24.513]]}}, {"type": "Feature", "properties": {}, "geometry": {"type": "LineString", "coordinates": [[93.964, 22.439], [93.965, 22.422], [93.966, 22.409], [93.966, 22.393], [93.966, 22.379], [93.966, 22.36], [93.963, 22.345], [93.959, 22.329], [93.966, 22.318], [93.966, 22.303], [93.966, 22.287], [93.964, 22.267], [93.959, 22.247], [93.956, 22.227], [93.952, 22.207], [93.946, 22.184], [93.94, 22.16], [93.939, 22.142], [93.933, 22.127], [93.926, 22.1], [93.922, 22.077], [93.919, 22.059], [93.914, 22.038], [93.909, 22.02], [93.905, 22.004], [93.903, 21.99], [93.903, 21.981]]}}, {"type": "Feature", "properties": {}, "geometry": {"type": "LineString", "coordinates": [[94.699, 21.442], [94.75, 21.324], [94.753, 21.317], [94.758, 21.31], [94.76, 21.301], [94.762, 21.295], [94.765, 21.29], [94.768, 21.284], [94.771, 21.275], [94.775, 21.266], [94.778, 21.258], [94.781, 21.252], [94.784, 21.243], [94.786, 21.236], [94.787, 21.23], [94.788, 21.225], [94.79, 21.219], [94.792, 21.214], [94.795, 21.206], [94.797, 21.199], [94.799, 21.192], [94.8, 21.181], [94.8, 21.173], [94.8, 21.161], [94.799, 21.15], [94.799, 21.136], [94.798, 21.124], [94.798, 21.114], [94.799, 21.104], [94.802, 21.091], [94.806, 21.078], [94.808, 21.069], [94.809, 21.063], [94.809, 21.052], [94.811, 21.04], [94.813, 21.027], [94.816, 21.02], [94.818, 21.012], [94.82, 21.004], [94.822, 20.996], [94.824, 20.988], [94.826, 20.982], [94.827, 20.977], [94.857, 20.891], [94.879, 20.825], [94.898, 20.738]]}}, {"type": "Feature", "properties": {}, "geometry": {"type": "LineString", "coordinates": [[95.777, 18.112], [95.78, 18.085], [95.782, 18.07], [95.782, 18.053], [95.779, 18.038], [95.775, 18.022], [95.772, 17.998], [95.773, 17.986], [95.78, 17.971], [95.788, 17.958], [95.793, 17.945], [95.797, 17.926], [95.81, 17.883], [95.823, 17.855], [95.833, 17.829], [95.844, 17.809], [95.857, 17.78], [95.857, 17.763], [95.863, 17.746], [95.87, 17.735], [95.88, 17.722], [95.891, 17.71], [95.902, 17.694], [95.909, 17.687], [95.913, 17.68], [95.912, 17.672], [95.906, 17.658], [95.903, 17.645], [95.901, 17.633], [95.902, 17.615], [95.909, 17.589], [95.914, 17.577], [95.956, 17.472], [95.922, 17.558]]}}, {"type": "Feature", "properties": {}, "geometry": {"type": "LineString", "coordinates": [[95.826, 18.281], [95.82, 18.29], [95.813, 18.296], [95.802, 18.308], [95.791, 18.322], [95.781, 18.34], [95.777, 18.349], [95.771, 18.359], [95.762, 18.376], [95.752, 18.391], [95.742, 18.404], [95.72, 18.43], [95.699, 18.457], [95.678, 18.483], [95.66, 18.509], [95.645, 18.52], [95.629, 18.528], [95.611, 18.541], [95.596, 18.554], [95.583, 18.567], [95.569, 18.58], [95.556, 18.592], [95.529, 18.608], [95.515, 18.622], [95.506, 18.632], [95.493, 18.643], [95.472, 18.661], [95.462, 18.674], [95.448, 18.687]]}}, {"type": "Feature", "properties": {}, "geometry": {"type": "LineString", "coordinates": [[95.314, 18.39], [95.312, 18.395], [95.306, 18.406], [95.299, 18.423], [95.292, 18.434], [95.286, 18.445], [95.285, 18.463], [95.264, 18.513], [95.252, 18.554], [95.248, 18.626], [95.246, 18.671], [95.238, 18.708], [95.217, 18.765], [95.199, 18.789], [95.184, 18.818], [95.178, 18.829], [95.178, 18.847], [95.164, 18.881], [95.114, 18.984], [95.09, 19.014], [95.077, 19.025], [95.044, 19.046]]}}, {"type": "Feature", "properties": {}, "geometry": {"type": "LineString", "coordinates": [[95.29, 18.969], [95.287, 18.971], [95.277, 18.976], [95.264, 18.985], [95.252, 18.994], [95.239, 19.007], [95.229, 19.019], [95.221, 19.033], [95.216, 19.045], [95.212, 19.057], [95.209, 19.066], [95.207, 19.076], [95.145, 19.162]]}}, {"type": "Feature", "properties": {}, "geometry": {"type": "LineString", "coordinates": [[94.683, 17.79], [94.686, 17.823], [94.693, 17.867], [94.693, 17.896], [94.691, 17.933], [94.687, 17.961], [94.687, 17.986], [94.683, 18.015], [94.683, 18.035], [94.681, 18.079], [94.678, 18.109], [94.674, 18.168], [94.668, 18.205], [94.662, 18.237], [94.661, 18.265], [94.655, 18.29], [94.649, 18.312], [94.639, 18.341], [94.634, 18.362], [94.631, 18.377], [94.642, 18.399], [94.638, 18.451], [94.631, 18.483], [94.625, 18.522], [94.625, 18.565], [94.618, 18.604], [94.61, 18.627], [94.607, 18.644], [94.605, 18.656], [94.602, 18.669], [94.602, 18.679], [94.599, 18.692], [94.594, 18.71], [94.591, 18.721], [94.584, 18.734], [94.581, 18.743]]}}, {"type": "Feature", "properties": {}, "geometry": {"type": "LineString", "coordinates": [[93.335, 20.9], [93.333, 20.884], [93.326, 20.858], [93.323, 20.85], [93.32, 20.843], [93.317, 20.836], [93.315, 20.828], [93.312, 20.821], [93.309, 20.813], [93.308, 20.801], [93.308, 20.778], [93.309, 20.762], [93.311, 20.748], [93.314, 20.735], [93.315, 20.72], [93.313, 20.706], [93.316, 20.692], [93.321, 20.679], [93.328, 20.668], [93.332, 20.658], [93.333, 20.644], [93.333, 20.633], [93.333, 20.612], [93.331, 20.601], [93.328, 20.588], [93.327, 20.583], [93.329, 20.571], [93.332, 20.56], [93.334, 20.55], [93.336, 20.539], [93.339, 20.53], [93.341, 20.521], [93.345, 20.511], [93.351, 20.497], [93.356, 20.484], [93.361, 20.472], [93.364, 20.465], [93.369, 20.453], [93.374, 20.438], [93.381, 20.42], [93.389, 20.405], [93.394, 20.396], [93.397, 20.382], [93.4, 20.367], [93.404, 20.352], [93.41, 20.338], [93.415, 20.323], [93.423, 20.306], [93.428, 20.294], [93.432, 20.285], [93.434, 20.278], [93.436, 20.272], [93.448, 20.182], [93.515, 20.105], [93.585, 19.998]]}}, {"type": "Feature", "properties": {}, "geometry": {"type": "LineString", "coordinates": [[94.924, 17.262], [94.922, 17.295], [94.936, 17.35], [94.971, 17.401], [95.005, 17.461], [95.017, 17.482], [95.024, 17.506], [95.053, 17.568], [95.065, 17.592], [95.074, 17.635], [95.089, 17.672], [95.106, 17.708], [95.11, 17.718], [95.123, 17.762], [95.146, 17.791], [95.169, 17.832], [95.208, 17.882], [95.262, 18.028]]}}, {"type": "Feature", "properties": {}, "geometry": {"type": "LineString", "coordinates": [[94.736, 19.186], [94.736, 19.193], [94.734, 19.199], [94.732, 19.205], [94.728, 19.213], [94.723, 19.218], [94.719, 19.221], [94.713, 19.225], [94.708, 19.231], [94.705, 19.237], [94.701, 19.241], [94.694, 19.246], [94.68, 19.256], [94.667, 19.268], [94.656, 19.283], [94.649, 19.295], [94.648, 19.3], [94.639, 19.315], [94.625, 19.329], [94.611, 19.353], [94.583, 19.398]]}}, {"type": "Feature", "properties": {}, "geometry": {"type": "LineString", "coordinates": [[93.392, 20.988], [93.394, 20.981], [93.396, 20.97], [93.398, 20.957], [93.401, 20.944], [93.404, 20.93], [93.407, 20.913], [93.412, 20.903], [93.416, 20.89], [93.419, 20.868], [93.418, 20.833], [93.415, 20.814], [93.412, 20.788], [93.415, 20.764], [93.418, 20.748], [93.422, 20.722], [93.429, 20.701], [93.44, 20.678], [93.445, 20.657], [93.448, 20.64], [93.456, 20.616], [93.47, 20.577], [93.481, 20.552], [93.491, 20.523], [93.501, 20.488], [93.504, 20.469], [93.518, 20.436], [93.533, 20.411], [93.552, 20.369], [93.571, 20.323], [93.576, 20.304], [93.582, 20.276], [93.589, 20.253], [93.595, 20.233], [93.61, 20.209], [93.618, 20.192], [93.63, 20.143], [93.639, 20.118], [93.651, 20.091], [93.667, 20.063], [93.689, 20.029], [93.715, 19.995], [93.724, 19.98], [93.735, 19.952], [93.771, 19.863], [93.879, 19.665], [93.956, 19.569]]}}, {"type": "Feature", "properties": {}, "geometry": {"type": "LineString", "coordinates": [[94.318, 20.39], [94.323, 20.379], [94.326, 20.372], [94.326, 20.37], [94.327, 20.362], [94.327, 20.355], [94.326, 20.349], [94.324, 20.343], [94.325, 20.336], [94.327, 20.328], [94.331, 20.313], [94.334, 20.307], [94.339, 20.297], [94.347, 20.287], [94.354, 20.279], [94.36, 20.275], [94.364, 20.263], [94.366, 20.256], [94.371, 20.246], [94.373, 20.242], [94.376, 20.233], [94.38, 20.225], [94.387, 20.216], [94.395, 20.206], [94.402, 20.197], [94.41, 20.186], [94.413, 20.179], [94.418, 20.171], [94.425, 20.16], [94.432, 20.151], [94.439, 20.145], [94.446, 20.138], [94.453, 20.132], [94.459, 20.126], [94.468, 20.118], [94.479, 20.109], [94.491, 20.1], [94.5, 20.093], [94.507, 20.086], [94.51, 20.083]]}}, {"type": "Feature", "properties": {}, "geometry": {"type": "LineString", "coordinates": [[94.171, 20.623], [94.171, 20.616], [94.175, 20.601], [94.176, 20.592], [94.18, 20.584], [94.185, 20.574], [94.19, 20.562], [94.19, 20.553], [94.19, 20.543], [94.19, 20.531], [94.195, 20.502], [94.199, 20.462], [94.215, 20.429], [94.247, 20.377], [94.287, 20.319], [94.304, 20.281], [94.308, 20.265]]}}, {"type": "Feature", "properties": {}, "geometry": {"type": "LineString", "coordinates": [[94.462, 19.964], [94.47, 19.956], [94.479, 19.947], [94.487, 19.935], [94.491, 19.924], [94.493, 19.916], [94.495, 19.906], [94.494, 19.896], [94.496, 19.885], [94.496, 19.871], [94.494, 19.841], [94.499, 19.781], [94.514, 19.712], [94.54, 19.625], [94.557, 19.584]]}}, {"type": "Feature", "properties": {}, "geometry": {"type": "LineString", "coordinates": [[91.609, 20.388], [91.475, 20.539], [91.362, 20.693], [91.209, 20.898], [91.105, 21.095], [90.974, 21.265], [90.869, 21.409], [90.791, 21.618], [90.712, 21.749], [90.647, 22.037], [90.581, 22.325], [90.555, 22.535], [90.542, 22.77], [90.516, 22.954], [90.503, 23.098], [90.529, 23.216], [90.516, 23.333], [90.542, 23.517], [90.542, 23.739], [90.607, 23.909], [90.647, 24.067], [90.725, 24.211], [90.831, 24.395], [90.967, 24.526], [91.086, 24.645], [91.235, 24.758], [91.366, 24.877], [91.466, 24.946], [91.537, 25.025], [91.613, 25.129]]}}, {"type": "Feature", "properties": {}, "geometry": {"type": "LineString", "coordinates": [[92.517, 25.177], [92.327, 25.166], [92.127, 25.169], [91.949, 25.185], [91.805, 25.168], [91.605, 25.188], [91.207, 25.2], [90.999, 25.177], [90.837, 25.158], [90.774, 25.166], [90.752, 25.157], [90.699, 25.15], [90.633, 25.153], [90.588, 25.153], [90.521, 25.147], [90.463, 25.141], [90.379, 25.153], [90.289, 25.162], [90.197, 25.183], [90.122, 25.202], [90.048, 25.222], [89.998, 25.237], [89.882, 25.299]]}}, {"type": "Feature", "properties": {}, "geometry": {"type": "LineString", "coordinates": [[96.739, 21.32], [96.722, 21.275], [96.722, 21.272], [96.721, 21.267], [96.72, 21.262], [96.719, 21.258], [96.717, 21.253], [96.715, 21.251], [96.714, 21.248], [96.712, 21.245], [96.71, 21.242], [96.707, 21.239], [96.706, 21.236], [96.705, 21.233], [96.705, 21.23], [96.704, 21.227], [96.703, 21.224], [96.702, 21.222], [96.699, 21.219], [96.697, 21.216], [96.695, 21.213], [96.693, 21.211], [96.692, 21.208], [96.69, 21.205], [96.688, 21.202], [96.686, 21.198], [96.683, 21.194], [96.681, 21.191], [96.679, 21.187], [96.677, 21.184], [96.675, 21.182], [96.674, 21.179], [96.672, 21.177], [96.671, 21.176], [96.67, 21.173], [96.668, 21.17], [96.667, 21.167], [96.666, 21.164], [96.665, 21.162], [96.665, 21.159], [96.664, 21.157], [96.664, 21.155], [96.663, 21.153], [96.662, 21.149], [96.661, 21.146], [96.66, 21.143], [96.66, 21.14], [96.659, 21.136], [96.658, 21.132], [96.658, 21.129], [96.658, 21.127], [96.657, 21.125], [96.656, 21.122], [96.656, 21.12], [96.656, 21.118], [96.655, 21.116], [96.654, 21.114], [96.654, 21.112], [96.653, 21.11], [96.652, 21.108], [96.652, 21.106], [96.651, 21.104], [96.649, 21.101], [96.648, 21.098], [96.648, 21.095], [96.648, 21.091], [96.648, 21.089], [96.647, 21.086], [96.647, 21.083], [96.646, 21.079], [96.645, 21.077], [96.645, 21.074], [96.645, 21.071], [96.644, 21.069], [96.644, 21.065], [96.643, 21.063], [96.642, 21.059], [96.641, 21.056], [96.65, 21.031], [96.649, 21.005], [96.651, 20.981], [96.659, 20.95], [96.659, 20.941], [96.652, 20.925], [96.651, 20.921]]}}, {"type": "Feature", "properties": {}, "geometry": {"type": "LineString", "coordinates": [[96.943, 21.391], [96.945, 21.381], [96.947, 21.368], [96.949, 21.362], [96.951, 21.349], [96.955, 21.339], [96.959, 21.324], [96.963, 21.311], [96.965, 21.298], [96.966, 21.284], [96.968, 21.266], [96.973, 21.251], [96.977, 21.239], [96.984, 21.223], [96.987, 21.192], [97.003, 21.154]]}}, {"type": "Feature", "properties": {}, "geometry": {"type": "LineString", "coordinates": [[97.041, 20.844], [97.039, 20.836], [97.036, 20.83], [97.03, 20.824], [97.029, 20.819], [97.026, 20.815], [97.024, 20.812], [97.023, 20.811], [97.023, 20.809], [97.023, 20.803], [97.023, 20.796], [97.022, 20.792], [97.021, 20.786], [97.021, 20.781], [97.02, 20.774], [97.018, 20.768], [97.013, 20.751], [97.009, 20.737], [96.996, 20.723], [96.985, 20.708], [96.971, 20.684], [96.968, 20.663], [96.965, 20.645], [96.961, 20.618], [96.958, 20.587], [96.955, 20.57], [96.946, 20.54], [96.943, 20.52], [96.941, 20.499], [96.939, 20.479], [96.935, 20.463], [96.919, 20.419]]}}, {"type": "Feature", "properties": {}, "geometry": {"type": "LineString", "coordinates": [[96.822, 20.548], [96.822, 20.544], [96.822, 20.542], [96.822, 20.537], [96.823, 20.533], [96.823, 20.528], [96.823, 20.524], [96.825, 20.511], [96.835, 20.482], [96.848, 20.457], [96.863, 20.409], [96.872, 20.375], [96.872, 20.354], [96.884, 20.308], [96.898, 20.279], [96.902, 20.271], [96.908, 20.219], [96.92, 20.174], [96.922, 20.158], [96.955, 20.076], [96.973, 20.037], [97.008, 19.96], [97.025, 19.92], [97.043, 19.872], [97.075, 19.808], [97.1, 19.771], [97.193, 19.59], [97.21, 19.534], [97.219, 19.515], [97.265, 19.451], [97.307, 19.408], [97.352, 19.362], [97.373, 19.327], [97.365, 19.286], [97.351, 19.251], [97.33, 19.241]]}}, {"type": "Feature", "properties": {}, "geometry": {"type": "LineString", "coordinates": [[97.277, 19.369], [97.29, 19.347], [97.3, 19.326], [97.309, 19.307], [97.317, 19.286], [97.326, 19.264], [97.329, 19.251], [97.35, 19.186], [97.359, 19.146], [97.355, 19.082], [97.358, 19.031], [97.357, 18.961], [97.357, 18.892], [97.355, 18.846], [97.341, 18.787], [97.346, 18.721], [97.351, 18.683], [97.372, 18.572], [97.377, 18.515], [97.386, 18.448], [97.421, 18.376], [97.461, 18.282], [97.489, 18.19], [97.52, 18.148], [97.539, 18.062], [97.554, 18.012], [97.594, 17.945], [97.634, 17.889], [97.697, 17.827], [97.736, 17.785], [97.827, 17.667], [97.916, 17.585], [98.018, 17.475], [98.094, 17.395], [98.162, 17.304], [98.214, 17.253], [98.27, 17.215], [98.32, 17.17]]}}, {"type": "Feature", "properties": {}, "geometry": {"type": "LineString", "coordinates": [[97.886, 18.234], [97.887, 18.226], [97.886, 18.218], [97.887, 18.212], [97.888, 18.206], [97.889, 18.2], [97.889, 18.195], [97.89, 18.191], [97.89, 18.186], [97.889, 18.181], [97.888, 18.176], [97.888, 18.171], [97.889, 18.162], [97.89, 18.157], [97.89, 18.152], [97.89, 18.147], [97.888, 18.143], [97.887, 18.139], [97.887, 18.135], [97.887, 18.129], [97.887, 18.124], [97.888, 18.12], [97.889, 18.114], [97.891, 18.109], [97.906, 18.039], [97.938, 17.936], [97.981, 17.839], [98.042, 17.679], [98.126, 17.56], [98.2, 17.463], [98.318, 17.331], [98.399, 17.278], [98.474, 17.213], [98.671, 17.117], [98.773, 17.035], [98.841, 16.97], [98.908, 16.896], [99.065, 16.744], [99.168, 16.627], [99.285, 16.399]]}}, {"type": "Feature", "properties": {}, "geometry": {"type": "LineString", "coordinates": [[91.795, 22.358], [91.788, 22.364], [91.78, 22.371], [91.773, 22.378], [91.77, 22.385], [91.767, 22.392], [91.763, 22.4], [91.762, 22.405], [91.76, 22.411], [91.757, 22.418], [91.756, 22.423], [91.754, 22.43], [91.75, 22.436], [91.746, 22.444], [91.739, 22.456], [91.735, 22.463], [91.731, 22.474], [91.726, 22.483], [91.723, 22.49], [91.72, 22.497], [91.718, 22.502], [91.717, 22.504], [91.711, 22.519], [91.706, 22.532], [91.702, 22.54], [91.696, 22.55], [91.693, 22.558], [91.689, 22.566], [91.687, 22.576], [91.685, 22.584], [91.682, 22.591], [91.678, 22.598], [91.674, 22.606], [91.673, 22.611], [91.669, 22.619], [91.667, 22.626], [91.661, 22.635], [91.656, 22.643], [91.654, 22.649], [91.652, 22.655], [91.649, 22.662], [91.645, 22.671], [91.64, 22.679], [91.634, 22.689], [91.633, 22.693], [91.609, 22.739], [91.578, 22.805], [91.555, 22.849], [91.551, 22.88], [91.551, 22.891]]}}, {"type": "Feature", "properties": {}, "geometry": {"type": "LineString", "coordinates": [[91.445, 23.277], [91.48, 23.225], [91.488, 23.217], [91.496, 23.208], [91.5, 23.201], [91.506, 23.192], [91.51, 23.18], [91.515, 23.169], [91.52, 23.16], [91.525, 23.144], [91.53, 23.131], [91.534, 23.118], [91.539, 23.107], [91.542, 23.093], [91.549, 23.077], [91.554, 23.061], [91.557, 23.05], [91.562, 23.034], [91.562, 23.025], [91.564, 23.014], [91.565, 23.001], [91.57, 22.987], [91.574, 22.977], [91.578, 22.972], [91.588, 22.925]]}}, {"type": "Feature", "properties": {}, "geometry": {"type": "LineString", "coordinates": [[91.48, 24.102], [91.488, 24.078], [91.497, 24.044], [91.505, 24.013], [91.515, 23.987], [91.534, 23.963], [91.553, 23.941], [91.572, 23.915], [91.581, 23.893], [91.583, 23.872], [91.582, 23.845], [91.589, 23.796], [91.598, 23.754], [91.608, 23.715], [91.617, 23.677], [91.619, 23.638], [91.619, 23.603], [91.62, 23.569], [91.619, 23.555], [91.628, 23.504], [91.633, 23.44], [91.636, 23.392]]}}, {"type": "Feature", "properties": {}, "geometry": {"type": "LineString", "coordinates": [[89.391, 26.843], [89.393, 26.843], [89.394, 26.842], [89.396, 26.842], [89.397, 26.841], [89.399, 26.841], [89.4, 26.84], [89.402, 26.84], [89.403, 26.839], [89.405, 26.839], [89.406, 26.838], [89.408, 26.838], [89.409, 26.837], [89.411, 26.836], [89.412, 26.836], [89.414, 26.835], [89.415, 26.835], [89.417, 26.834], [89.418, 26.834], [89.42, 26.833], [89.421, 26.833], [89.423, 26.832], [89.424, 26.831], [89.425, 26.831], [89.427, 26.83], [89.428, 26.83], [89.43, 26.829], [89.431, 26.828], [89.433, 26.828], [89.434, 26.827], [89.436, 26.827], [89.437, 26.826], [89.438, 26.825], [89.44, 26.825], [89.441, 26.824], [89.443, 26.823], [89.444, 26.823], [89.446, 26.822], [89.447, 26.821], [89.448, 26.821], [89.45, 26.82], [89.451, 26.82], [89.453, 26.819], [89.454, 26.818], [89.455, 26.818], [89.457, 26.817], [89.458, 26.816], [89.46, 26.815], [89.461, 26.815], [89.462, 26.814], [89.464, 26.813], [89.465, 26.813], [89.466, 26.812], [89.468, 26.811], [89.469, 26.811], [89.471, 26.81], [89.472, 26.809], [89.473, 26.808], [89.475, 26.808], [89.476, 26.807], [89.477, 26.806], [89.479, 26.806], [89.48, 26.805], [89.481, 26.804], [89.483, 26.803], [89.483, 26.803], [89.484, 26.802], [89.485, 26.802], [89.486, 26.802], [89.487, 26.801], [89.487, 26.801], [89.488, 26.8], [89.489, 26.8], [89.49, 26.799], [89.491, 26.799], [89.491, 26.798], [89.492, 26.798], [89.493, 26.797], [89.494, 26.796], [89.495, 26.796], [89.495, 26.795], [89.496, 26.795], [89.497, 26.794], [89.498, 26.794], [89.499, 26.793], [89.499, 26.792], [89.5, 26.792], [89.501, 26.791], [89.502, 26.791], [89.503, 26.79], [89.504, 26.789], [89.504, 26.789], [89.505, 26.788], [89.506, 26.787], [89.507, 26.787], [89.508, 26.786], [89.509, 26.785], [89.509, 26.785], [89.51, 26.784], [89.511, 26.784], [89.511, 26.783], [89.512, 26.782], [89.513, 26.782], [89.514, 26.78], [89.516, 26.779], [89.517, 26.778], [89.519, 26.776], [89.521, 26.775], [89.522, 26.774], [89.524, 26.772], [89.525, 26.771], [89.527, 26.769], [89.53, 26.767], [89.535, 26.762], [89.537, 26.76], [89.539, 26.758], [89.541, 26.756], [89.543, 26.754], [89.545, 26.752], [89.547, 26.751], [89.548, 26.75], [89.549, 26.749], [89.55, 26.748], [89.551, 26.747], [89.552, 26.746], [89.553, 26.746], [89.554, 26.745], [89.555, 26.744], [89.556, 26.743], [89.556, 26.743], [89.557, 26.742], [89.558, 26.741], [89.559, 26.74], [89.56, 26.74], [89.561, 26.739], [89.562, 26.738], [89.563, 26.738], [89.564, 26.737], [89.565, 26.736], [89.565, 26.735], [89.566, 26.735], [89.567, 26.734], [89.568, 26.733], [89.569, 26.733], [89.57, 26.732], [89.571, 26.731], [89.572, 26.731], [89.573, 26.73], [89.574, 26.73], [89.575, 26.729], [89.576, 26.728], [89.577, 26.728], [89.578, 26.727], [89.578, 26.727], [89.579, 26.726], [89.58, 26.726], [89.581, 26.725], [89.582, 26.725], [89.583, 26.724], [89.584, 26.724], [89.585, 26.723], [89.586, 26.723], [89.587, 26.722], [89.588, 26.722], [89.588, 26.721], [89.589, 26.721], [89.59, 26.72], [89.591, 26.72], [89.592, 26.719], [89.593, 26.719], [89.596, 26.718], [89.598, 26.717], [89.6, 26.716], [89.601, 26.715], [89.603, 26.715], [89.604, 26.714], [89.606, 26.714], [89.607, 26.713], [89.609, 26.712], [89.61, 26.712], [89.612, 26.711], [89.613, 26.711], [89.614, 26.71], [89.616, 26.71], [89.617, 26.709], [89.618, 26.709], [89.62, 26.708], [89.621, 26.708], [89.622, 26.707], [89.624, 26.707], [89.625, 26.706], [89.626, 26.706], [89.627, 26.705], [89.629, 26.705], [89.63, 26.705], [89.631, 26.704], [89.632, 26.704], [89.634, 26.703], [89.635, 26.703], [89.636, 26.703], [89.637, 26.702], [89.638, 26.702], [89.64, 26.702], [89.641, 26.701], [89.642, 26.701], [89.643, 26.701], [89.644, 26.7], [89.645, 26.7], [89.647, 26.7], [89.648, 26.7], [89.649, 26.699], [89.65, 26.699], [89.651, 26.699], [89.652, 26.699], [89.653, 26.698], [89.654, 26.698], [89.656, 26.698], [89.657, 26.698], [89.658, 26.698], [89.659, 26.697], [89.66, 26.697], [89.661, 26.697], [89.662, 26.697], [89.663, 26.697], [89.664, 26.697], [89.665, 26.697], [89.666, 26.696], [89.667, 26.696], [89.669, 26.696], [89.67, 26.696], [89.671, 26.696], [89.672, 26.696], [89.673, 26.696], [89.673, 26.696], [89.674, 26.696], [89.677, 26.696], [89.678, 26.696], [89.679, 26.696], [89.68, 26.695], [89.681, 26.695], [89.681, 26.695], [89.682, 26.695], [89.682, 26.695], [89.683, 26.695], [89.683, 26.695], [89.684, 26.695], [89.684, 26.695], [89.685, 26.695], [89.685, 26.695], [89.686, 26.695], [89.686, 26.695], [89.687, 26.695], [89.687, 26.695], [89.688, 26.695], [89.688, 26.696], [89.689, 26.696], [89.689, 26.696], [89.689, 26.696], [89.69, 26.696], [89.69, 26.696], [89.691, 26.696], [89.691, 26.696], [89.691, 26.696], [89.692, 26.696], [89.692, 26.696], [89.692, 26.696], [89.692, 26.696], [89.693, 26.696], [89.693, 26.696], [89.693, 26.696], [89.693, 26.696], [89.694, 26.696], [89.694, 26.696], [89.694, 26.697], [89.694, 26.697], [89.695, 26.697], [89.695, 26.697], [89.695, 26.697], [89.695, 26.697], [89.695, 26.697], [89.696, 26.697], [89.696, 26.697], [89.696, 26.697], [89.696, 26.697], [89.697, 26.697], [89.697, 26.698], [89.697, 26.698], [89.697, 26.698], [89.698, 26.698], [89.698, 26.698], [89.698, 26.698], [89.698, 26.698], [89.699, 26.698], [89.699, 26.699], [89.699, 26.699], [89.7, 26.699], [89.7, 26.699], [89.701, 26.699], [89.701, 26.7], [89.702, 26.7], [89.702, 26.7], [89.703, 26.701], [89.703, 26.701], [89.704, 26.701], [89.704, 26.702], [89.705, 26.702], [89.705, 26.702], [89.706, 26.703], [89.708, 26.704], [89.709, 26.705], [89.71, 26.705], [89.71, 26.706], [89.711, 26.706], [89.711, 26.706], [89.712, 26.707], [89.712, 26.707], [89.712, 26.707], [89.713, 26.707], [89.713, 26.707], [89.713, 26.708], [89.714, 26.708], [89.714, 26.708], [89.715, 26.708], [89.715, 26.709], [89.715, 26.709], [89.716, 26.709], [89.716, 26.709], [89.717, 26.709], [89.717, 26.71], [89.717, 26.71], [89.718, 26.71], [89.718, 26.71], [89.719, 26.71], [89.719, 26.71], [89.719, 26.711], [89.72, 26.711], [89.72, 26.711], [89.72, 26.711], [89.721, 26.711], [89.721, 26.711], [89.721, 26.711], [89.722, 26.711], [89.722, 26.711], [89.722, 26.712], [89.723, 26.712], [89.723, 26.712], [89.724, 26.712], [89.725, 26.712], [89.725, 26.712], [89.726, 26.713], [89.727, 26.713], [89.728, 26.713], [89.728, 26.713], [89.729, 26.713], [89.73, 26.713], [89.731, 26.714], [89.732, 26.714], [89.732, 26.714], [89.733, 26.714], [89.734, 26.714], [89.735, 26.714], [89.735, 26.714], [89.736, 26.714], [89.737, 26.715], [89.738, 26.715], [89.739, 26.715], [89.741, 26.715], [89.743, 26.715], [89.747, 26.716], [89.749, 26.716], [89.75, 26.716], [89.751, 26.716], [89.752, 26.717], [89.754, 26.717], [89.755, 26.717], [89.757, 26.717], [89.76, 26.718], [89.762, 26.718], [89.765, 26.719], [89.768, 26.719], [89.77, 26.719], [89.773, 26.72], [89.776, 26.72], [89.778, 26.72], [89.781, 26.721], [89.784, 26.721], [89.786, 26.721], [89.789, 26.721], [89.792, 26.722], [89.795, 26.722], [89.797, 26.722], [89.8, 26.722], [89.803, 26.723], [89.806, 26.723], [89.809, 26.723], [89.812, 26.723], [89.815, 26.723], [89.818, 26.724], [89.821, 26.724], [89.824, 26.724], [89.827, 26.724], [89.83, 26.724], [89.833, 26.724], [89.836, 26.724], [89.839, 26.724], [89.842, 26.725], [89.845, 26.725], [89.848, 26.725], [89.851, 26.725], [89.853, 26.725], [89.856, 26.725], [89.859, 26.725], [89.862, 26.725], [89.864, 26.725], [89.867, 26.725], [89.87, 26.725], [89.873, 26.725], [89.879, 26.725], [89.885, 26.725], [89.891, 26.725], [89.897, 26.725], [89.902, 26.725], [89.908, 26.725], [89.915, 26.725], [89.927, 26.724], [89.949, 26.724], [89.957, 26.724], [89.966, 26.724], [89.974, 26.724], [89.978, 26.723], [89.983, 26.723], [89.987, 26.723], [89.991, 26.723], [89.995, 26.723], [89.998, 26.723], [90.002, 26.723], [90.006, 26.723], [90.008, 26.723], [90.011, 26.723], [90.013, 26.723], [90.016, 26.723], [90.018, 26.723], [90.021, 26.723], [90.023, 26.723], [90.026, 26.723], [90.028, 26.723], [90.031, 26.723], [90.034, 26.723], [90.036, 26.723], [90.039, 26.723], [90.042, 26.723], [90.048, 26.722], [90.053, 26.722], [90.058, 26.722], [90.064, 26.722], [90.07, 26.722], [90.076, 26.721], [90.082, 26.721], [90.104, 26.72], [90.113, 26.719], [90.122, 26.719], [90.126, 26.719], [90.13, 26.719], [90.135, 26.718], [90.139, 26.718], [90.143, 26.718], [90.148, 26.718], [90.152, 26.718], [90.156, 26.718], [90.16, 26.718], [90.164, 26.717], [90.166, 26.717], [90.169, 26.717], [90.171, 26.717], [90.173, 26.717], [90.175, 26.717], [90.178, 26.717], [90.18, 26.717], [90.182, 26.717], [90.184, 26.717], [90.187, 26.717], [90.189, 26.717], [90.191, 26.717], [90.193, 26.717], [90.195, 26.717], [90.197, 26.717], [90.199, 26.718], [90.201, 26.718], [90.203, 26.718], [90.205, 26.718], [90.207, 26.718], [90.209, 26.718], [90.212, 26.718], [90.214, 26.718], [90.215, 26.718], [90.217, 26.718], [90.219, 26.718], [90.221, 26.718], [90.223, 26.719], [90.225, 26.719], [90.227, 26.719], [90.229, 26.719], [90.231, 26.719], [90.234, 26.719], [90.237, 26.72], [90.241, 26.72], [90.244, 26.72], [90.247, 26.72], [90.25, 26.721], [90.254, 26.721], [90.257, 26.721], [90.26, 26.722], [90.263, 26.722], [90.267, 26.722], [90.27, 26.723], [90.273, 26.723], [90.276, 26.723], [90.279, 26.724], [90.283, 26.724], [90.286, 26.725], [90.289, 26.725], [90.292, 26.725], [90.296, 26.726], [90.299, 26.726], [90.302, 26.727], [90.305, 26.727], [90.308, 26.728], [90.312, 26.728], [90.315, 26.729], [90.318, 26.729], [90.321, 26.73], [90.325, 26.73], [90.328, 26.731], [90.331, 26.731], [90.685, 26.772], [90.706, 26.776], [90.707, 26.775], [90.709, 26.775], [90.71, 26.775], [90.712, 26.775], [90.713, 26.774], [90.715, 26.774], [90.716, 26.774], [90.718, 26.774], [90.719, 26.774], [90.721, 26.773], [90.722, 26.773], [90.724, 26.773], [90.726, 26.773], [90.727, 26.773], [90.729, 26.773], [90.73, 26.772], [90.732, 26.772], [90.733, 26.772], [90.737, 26.772], [90.74, 26.772], [90.743, 26.771], [90.746, 26.771], [90.75, 26.771], [90.753, 26.771], [90.756, 26.77], [90.759, 26.77], [90.763, 26.77], [90.766, 26.77], [90.769, 26.77], [90.773, 26.77], [90.776, 26.769], [90.78, 26.769], [90.783, 26.769], [90.786, 26.769], [90.79, 26.769], [90.793, 26.769], [90.797, 26.769], [90.8, 26.769], [90.804, 26.769], [90.808, 26.769], [90.811, 26.769], [90.815, 26.769], [90.818, 26.769], [90.822, 26.769], [90.826, 26.769], [90.829, 26.77], [90.833, 26.77], [90.837, 26.77], [90.84, 26.77], [90.844, 26.77], [90.848, 26.77], [90.852, 26.771], [90.856, 26.771], [90.86, 26.771], [90.863, 26.771], [90.867, 26.772], [90.871, 26.772], [90.875, 26.772], [90.879, 26.772], [90.883, 26.773], [90.887, 26.773], [90.891, 26.774], [90.896, 26.774], [90.9, 26.774], [90.904, 26.775], [90.908, 26.775], [90.913, 26.776], [90.917, 26.776], [90.921, 26.777], [90.926, 26.777], [90.93, 26.778], [90.935, 26.778], [90.937, 26.778], [90.939, 26.779], [90.941, 26.779], [90.943, 26.779], [90.945, 26.779], [90.948, 26.78], [90.95, 26.78], [90.952, 26.781], [90.954, 26.781], [90.957, 26.781], [90.959, 26.782], [90.961, 26.782], [90.964, 26.783], [90.966, 26.783], [90.969, 26.784], [90.971, 26.784], [90.973, 26.785], [90.976, 26.785], [90.978, 26.786], [90.98, 26.786], [90.982, 26.786], [90.985, 26.787], [90.987, 26.788], [90.99, 26.788], [90.994, 26.789], [90.999, 26.79], [91.003, 26.791], [91.015, 26.794], [91.021, 26.795], [91.024, 26.796], [91.026, 26.797], [91.029, 26.797], [91.032, 26.798], [91.035, 26.799], [91.037, 26.799], [91.04, 26.8], [91.042, 26.8], [91.045, 26.801], [91.047, 26.801], [91.05, 26.802], [91.052, 26.802], [91.055, 26.803], [91.057, 26.803], [91.059, 26.804], [91.062, 26.804], [91.064, 26.804], [91.066, 26.805], [91.068, 26.805], [91.07, 26.805], [91.073, 26.806], [91.075, 26.806], [91.077, 26.806], [91.079, 26.807], [91.081, 26.807], [91.083, 26.807], [91.085, 26.807], [91.087, 26.808], [91.089, 26.808], [91.092, 26.808], [91.094, 26.808], [91.096, 26.808], [91.098, 26.809], [91.1, 26.809], [91.103, 26.809], [91.105, 26.809], [91.107, 26.809], [91.109, 26.809], [91.111, 26.81], [91.113, 26.81], [91.116, 26.81], [91.118, 26.81], [91.12, 26.81], [91.122, 26.81], [91.124, 26.81], [91.127, 26.811], [91.129, 26.811], [91.131, 26.811], [91.133, 26.811], [91.135, 26.811], [91.138, 26.811], [91.14, 26.811], [91.142, 26.811], [91.144, 26.811], [91.147, 26.811], [91.149, 26.812], [91.151, 26.812], [91.153, 26.812], [91.155, 26.812], [91.158, 26.812], [91.222, 26.819], [91.269, 26.801], [91.321, 26.779], [91.345, 26.781], [91.377, 26.801], [91.413, 26.814], [91.491, 26.8], [91.563, 26.801], [91.624, 26.816], [91.701, 26.816], [91.774, 26.832], [91.855, 26.863], [91.916, 26.868], [91.992, 26.856], [92.1, 26.863], [92.212, 26.898], [92.267, 26.911], [92.365, 26.934], [92.443, 26.936], [92.52, 26.965], [92.614, 26.97], [92.689, 26.952], [92.744, 26.929], [92.808, 26.925], [92.858, 26.937], [92.909, 26.945], [92.96, 26.934], [93.009, 26.914], [93.076, 26.903], [93.16, 26.925], [93.274, 26.946], [93.327, 26.96], [93.392, 26.951], [93.453, 26.946], [93.511, 26.969], [93.569, 26.962], [93.624, 26.978], [93.686, 27.002], [93.745, 27.04], [93.809, 27.064], [93.837, 27.095], [93.86, 27.168], [93.914, 27.218], [93.96, 27.262], [94.023, 27.332], [94.087, 27.372], [94.151, 27.407], [94.21, 27.471], [94.238, 27.52], [94.291, 27.544], [94.478, 27.567], [94.628, 27.631], [94.844, 27.711], [95.076, 27.81], [95.232, 27.901], [95.226, 27.98], [95.238, 28.013], [95.303, 28.03], [95.432, 28.148], [95.536, 28.219], [95.614, 28.27], [95.65, 28.313], [95.727, 28.251], [95.799, 28.175], [95.843, 28.113], [95.949, 28.053], [96.071, 28.038], [96.191, 27.997], [96.235, 27.932], [96.328, 27.83], [96.349, 27.758]]}}, {"type": "Feature", "properties": {}, "geometry": {"type": "LineString", "coordinates": [[97.36, 20.521], [97.361, 20.523], [97.362, 20.527], [97.365, 20.531], [97.367, 20.536], [97.368, 20.539], [97.369, 20.542], [97.371, 20.545], [97.372, 20.55], [97.375, 20.555], [97.376, 20.561], [97.378, 20.567], [97.379, 20.572], [97.381, 20.578], [97.382, 20.584], [97.383, 20.588], [97.383, 20.593], [97.383, 20.6], [97.385, 20.606], [97.386, 20.612], [97.384, 20.618], [97.382, 20.625], [97.381, 20.633], [97.378, 20.647], [97.383, 20.678], [97.388, 20.704], [97.387, 20.725], [97.385, 20.752], [97.383, 20.772]]}}, {"type": "Feature", "properties": {}, "geometry": {"type": "LineString", "coordinates": [[97.45, 20.462], [97.448, 20.452], [97.449, 20.443], [97.445, 20.427], [97.446, 20.403], [97.445, 20.384], [97.443, 20.371], [97.441, 20.35], [97.44, 20.322], [97.438, 20.306], [97.437, 20.282], [97.43, 20.256], [97.42, 20.235], [97.419, 20.214], [97.42, 20.189]]}}, {"type": "Feature", "properties": {}, "geometry": {"type": "LineString", "coordinates": [[97.597, 20.863], [97.59, 20.852], [97.58, 20.84], [97.575, 20.827], [97.571, 20.817], [97.567, 20.803], [97.567, 20.798], [97.56, 20.786], [97.564, 20.783], [97.56, 20.77], [97.56, 20.757], [97.558, 20.742], [97.557, 20.737], [97.55, 20.734], [97.546, 20.722], [97.542, 20.707], [97.539, 20.694], [97.536, 20.668], [97.537, 20.642], [97.54, 20.62], [97.541, 20.606]]}}, {"type": "Feature", "properties": {}, "geometry": {"type": "LineString", "coordinates": [[97.537, 20.593], [97.538, 20.582], [97.532, 20.57], [97.526, 20.554], [97.521, 20.542], [97.514, 20.535], [97.51, 20.52], [97.506, 20.508], [97.499, 20.495], [97.488, 20.487], [97.479, 20.483], [97.477, 20.471], [97.473, 20.459], [97.471, 20.448], [97.468, 20.437]]}}, {"type": "Feature", "properties": {}, "geometry": {"type": "LineString", "coordinates": [[96.781, 20.967], [96.783, 20.975], [96.791, 20.982], [96.798, 20.993], [96.803, 21.004], [96.809, 21.009], [96.812, 21.018], [96.816, 21.031], [96.82, 21.037], [96.824, 21.048], [96.827, 21.059], [96.828, 21.069], [96.83, 21.074], [96.83, 21.079], [96.832, 21.089], [96.834, 21.101], [96.841, 21.11], [96.853, 21.134], [96.858, 21.161], [96.865, 21.218]]}}, {"type": "Feature", "properties": {}, "geometry": {"type": "LineString", "coordinates": [[99.145, 19.257], [99.149, 19.232], [99.154, 19.205], [99.157, 19.189], [99.159, 19.173], [99.159, 19.155], [99.158, 19.139], [99.159, 19.121], [99.164, 19.099], [99.165, 19.087], [99.169, 19.069], [99.172, 19.057], [99.178, 19.049], [99.191, 19.002], [99.237, 18.939], [99.28, 18.846], [99.298, 18.776], [99.3, 18.696], [99.286, 18.63], [99.27, 18.584], [99.245, 18.542], [99.215, 18.504], [99.171, 18.468], [99.117, 18.44], [99.061, 18.418], [99.01, 18.404]]}}, {"type": "Feature", "properties": {}, "geometry": {"type": "LineString", "coordinates": [[99.497, 19.413], [99.498, 19.388], [99.497, 19.363], [99.496, 19.337], [99.496, 19.315], [99.495, 19.293], [99.495, 19.265], [99.496, 19.246], [99.499, 19.222], [99.504, 19.198], [99.505, 19.181], [99.505, 19.165], [99.504, 19.156]]}}, {"type": "Feature", "properties": {}, "geometry": {"type": "LineString", "coordinates": [[99.759, 19.08], [99.755, 19.085], [99.745, 19.095], [99.733, 19.11], [99.722, 19.129], [99.715, 19.143], [99.708, 19.16], [99.703, 19.175], [99.698, 19.187], [99.691, 19.202], [99.685, 19.22], [99.674, 19.243], [99.668, 19.254], [99.663, 19.269], [99.662, 19.283], [99.661, 19.301], [99.663, 19.321], [99.663, 19.345], [99.663, 19.367], [99.662, 19.39], [99.664, 19.411], [99.665, 19.424], [99.668, 19.44], [99.671, 19.456], [99.675, 19.481], [99.68, 19.499]]}}, {"type": "Feature", "properties": {}, "geometry": {"type": "LineString", "coordinates": [[100.229, 19.762], [100.229, 19.774], [100.233, 19.788], [100.245, 19.806], [100.252, 19.82], [100.261, 19.836], [100.272, 19.854], [100.284, 19.867], [100.294, 19.882], [100.302, 19.901], [100.306, 19.922], [100.313, 19.939], [100.318, 19.957], [100.322, 19.973], [100.333, 19.995], [100.342, 20.006], [100.362, 20.021], [100.381, 20.036], [100.388, 20.055], [100.399, 20.075], [100.402, 20.09], [100.408, 20.103], [100.416, 20.114], [100.424, 20.124], [100.43, 20.135], [100.432, 20.15], [100.435, 20.164], [100.444, 20.182], [100.455, 20.2], [100.471, 20.209], [100.483, 20.219], [100.495, 20.23], [100.498, 20.235], [100.507, 20.239], [100.519, 20.25]]}}, {"type": "Feature", "properties": {}, "geometry": {"type": "LineString", "coordinates": [[98.955, 19.644], [98.955, 19.616], [98.952, 19.577], [98.948, 19.545], [98.946, 19.519], [98.948, 19.489], [98.947, 19.472], [98.941, 19.448], [98.939, 19.434], [98.937, 19.424], [98.934, 19.413], [98.93, 19.386], [98.928, 19.335], [98.935, 19.31], [98.949, 19.279]]}}, {"type": "Feature", "properties": {}, "geometry": {"type": "LineString", "coordinates": [[95.983, 27.631], [95.989, 27.621], [95.997, 27.612], [96.003, 27.605], [96.009, 27.602], [96.015, 27.602], [96.023, 27.602], [96.03, 27.599], [96.035, 27.594], [96.039, 27.589], [96.046, 27.588], [96.052, 27.587], [96.056, 27.585], [96.065, 27.582], [96.085, 27.573], [96.157, 27.528], [96.212, 27.506], [96.298, 27.478]]}}, {"type": "Feature", "properties": {}, "geometry": {"type": "LineString", "coordinates": [[95.016, 18.303], [95.035, 18.205], [95.055, 18.128], [95.062, 18.008], [95.051, 17.887], [95.032, 17.836], [95.018, 17.796], [95.001, 17.753], [94.998, 17.714], [95.0, 17.708], [95.001, 17.697], [95.001, 17.688], [95.0, 17.681], [94.999, 17.674], [94.995, 17.667], [94.994, 17.659], [94.991, 17.649], [94.986, 17.64], [94.979, 17.631], [94.974, 17.619], [94.97, 17.609], [94.962, 17.596], [94.955, 17.586], [94.95, 17.576], [94.949, 17.566], [94.893, 17.408]]}}, {"type": "Feature", "properties": {}, "geometry": {"type": "LineString", "coordinates": [[94.19, 19.279], [94.195, 19.263], [94.209, 19.238], [94.226, 19.21], [94.237, 19.184], [94.25, 19.165], [94.258, 19.142], [94.268, 19.12], [94.281, 19.097], [94.299, 19.075], [94.312, 19.016], [94.35, 18.913], [94.39, 18.852], [94.434, 18.775], [94.501, 18.691]]}}, {"type": "Feature", "properties": {}, "geometry": {"type": "LineString", "coordinates": [[99.151, 24.973], [99.149, 24.979], [99.143, 24.989], [99.138, 25.004], [99.132, 25.018], [99.133, 25.034], [99.132, 25.049], [99.134, 25.066], [99.138, 25.083], [99.14, 25.097], [99.148, 25.125], [99.155, 25.141], [99.165, 25.148], [99.19, 25.173], [99.198, 25.188], [99.197, 25.219], [99.204, 25.227], [99.209, 25.238], [99.211, 25.25], [99.212, 25.273], [99.206, 25.297], [99.196, 25.318], [99.189, 25.339], [99.185, 25.363], [99.191, 25.398], [99.184, 25.431], [99.184, 25.45], [99.18, 25.474], [99.167, 25.498], [99.151, 25.525]]}}, {"type": "Feature", "properties": {}, "geometry": {"type": "LineString", "coordinates": [[93.912, 17.581], [93.839, 17.674], [93.751, 17.792], [93.582, 17.719], [93.489, 17.839], [93.382, 17.983], [93.347, 18.163], [93.294, 18.338], [93.334, 18.45], [93.27, 18.637], [93.232, 18.678], [93.183, 18.715], [93.153, 18.739], [93.056, 18.849], [92.973, 18.952], [92.89, 19.018], [92.786, 19.122], [92.684, 19.248], [92.619, 19.308], [92.559, 19.378], [92.503, 19.471], [92.42, 19.537], [92.328, 19.622], [92.233, 19.72], [92.12, 19.849], [91.989, 19.982], [91.879, 20.097], [91.775, 20.189], [91.609, 20.388]]}}, {"type": "Feature", "properties": {}, "geometry": {"type": "LineString", "coordinates": [[94.578, 18.725], [94.568, 18.738], [94.564, 18.752], [94.557, 18.767], [94.55, 18.78], [94.547, 18.796], [94.543, 18.809], [94.541, 18.817], [94.537, 18.828], [94.535, 18.839], [94.53, 18.853], [94.524, 18.866], [94.519, 18.888], [94.51, 18.917], [94.504, 18.937], [94.496, 18.956], [94.487, 18.978], [94.482, 18.999], [94.472, 19.017], [94.463, 19.033], [94.454, 19.048], [94.446, 19.064], [94.442, 19.079], [94.431, 19.096], [94.426, 19.108], [94.422, 19.118]]}}, {"type": "Feature", "properties": {}, "geometry": {"type": "LineString", "coordinates": [[99.492, 19.462], [99.499, 19.488], [99.514, 19.526], [99.526, 19.554], [99.536, 19.579], [99.547, 19.609], [99.551, 19.628], [99.554, 19.647], [99.558, 19.666], [99.568, 19.681], [99.594, 19.71], [99.607, 19.72], [99.634, 19.738], [99.651, 19.75]]}}, {"type": "Feature", "properties": {}, "geometry": {"type": "LineString", "coordinates": [[99.523, 19.367], [99.524, 19.335], [99.528, 19.295], [99.532, 19.237], [99.535, 19.192], [99.534, 19.175]]}}, {"type": "Feature", "properties": {}, "geometry": {"type": "LineString", "coordinates": [[99.512, 19.149], [99.513, 19.132], [99.514, 19.104], [99.516, 19.07], [99.515, 19.028], [99.515, 19.007], [99.516, 18.98], [99.514, 18.954], [99.509, 18.928], [99.502, 18.903], [99.491, 18.878], [99.481, 18.86], [99.473, 18.846], [99.462, 18.834], [99.449, 18.821], [99.447, 18.819]]}}, {"type": "Feature", "properties": {}, "geometry": {"type": "LineString", "coordinates": [[99.454, 18.442], [99.47, 18.481], [99.493, 18.544], [99.51, 18.587], [99.519, 18.643], [99.531, 18.694], [99.541, 18.75], [99.54, 18.764], [99.541, 18.787], [99.538, 18.806], [99.535, 18.839], [99.531, 18.865]]}}, {"type": "Feature", "properties": {}, "geometry": {"type": "LineString", "coordinates": [[99.229, 18.963], [99.26, 18.979], [99.286, 19.002], [99.32, 19.031], [99.354, 19.052], [99.386, 19.077], [99.408, 19.089], [99.438, 19.097], [99.458, 19.108], [99.472, 19.119], [99.483, 19.127]]}}, {"type": "Feature", "properties": {}, "geometry": {"type": "LineString", "coordinates": [[98.689, 18.496], [98.699, 18.512], [98.704, 18.536], [98.708, 18.557], [98.715, 18.573], [98.728, 18.581], [98.744, 18.587], [98.747, 18.595], [98.753, 18.606], [98.76, 18.627], [98.76, 18.641], [98.763, 18.66], [98.766, 18.673], [98.774, 18.686], [98.784, 18.695], [98.797, 18.706]]}}, {"type": "Feature", "properties": {}, "geometry": {"type": "LineString", "coordinates": [[98.008, 19.425], [98.001, 19.399], [97.998, 19.378], [97.999, 19.355], [97.998, 19.33], [97.999, 19.301], [97.996, 19.267], [97.995, 19.226], [97.996, 19.204], [97.995, 19.164], [97.994, 19.11], [97.995, 19.076], [97.996, 19.056], [97.992, 19.037], [97.987, 19.016], [97.987, 18.999], [97.985, 18.979], [97.976, 18.962], [97.957, 18.91]]}}, {"type": "Feature", "properties": {}, "geometry": {"type": "LineString", "coordinates": [[97.996, 19.434], [98.003, 19.492], [98.003, 19.529], [98.003, 19.566], [98.001, 19.595], [97.998, 19.626], [97.993, 19.656], [97.985, 19.721], [97.982, 19.746], [97.98, 19.765]]}}, {"type": "Feature", "properties": {}, "geometry": {"type": "LineString", "coordinates": [[97.934, 18.292], [97.939, 18.266], [97.942, 18.229], [97.941, 18.195], [97.942, 18.175], [97.942, 18.151], [97.939, 18.117], [97.936, 18.085], [97.935, 18.057], [97.93, 18.029]]}}, {"type": "Feature", "properties": {}, "geometry": {"type": "LineString", "coordinates": [[97.434, 19.387], [97.444, 19.404], [97.45, 19.42], [97.451, 19.441], [97.449, 19.475], [97.447, 19.494], [97.445, 19.509], [97.441, 19.53], [97.437, 19.547], [97.437, 19.566], [97.44, 19.584], [97.446, 19.639], [97.451, 19.667], [97.46, 19.687], [97.462, 19.704], [97.462, 19.722], [97.463, 19.753], [97.46, 19.787], [97.458, 19.814], [97.458, 19.83], [97.459, 19.84], [97.459, 19.856], [97.456, 19.876], [97.45, 19.893], [97.444, 19.908], [97.44, 19.919], [97.441, 19.934], [97.439, 19.947], [97.442, 19.96], [97.442, 19.977], [97.444, 19.99], [97.447, 19.996]]}}, {"type": "Feature", "properties": {}, "geometry": {"type": "LineString", "coordinates": [[96.27, 20.083], [96.32, 20.058], [96.349, 20.033], [96.39, 19.977], [96.426, 19.93], [96.478, 19.892], [96.514, 19.868]]}}, {"type": "Feature", "properties": {}, "geometry": {"type": "LineString", "coordinates": [[100.736, 20.834], [100.726, 20.825], [100.718, 20.822], [100.709, 20.816], [100.703, 20.812], [100.691, 20.805], [100.682, 20.795], [100.674, 20.787], [100.666, 20.779], [100.656, 20.77], [100.646, 20.762], [100.635, 20.754], [100.624, 20.745], [100.616, 20.737], [100.607, 20.727], [100.601, 20.718], [100.595, 20.708], [100.585, 20.697], [100.578, 20.686], [100.568, 20.677], [100.559, 20.665], [100.549, 20.66], [100.538, 20.659], [100.526, 20.658], [100.517, 20.657], [100.506, 20.656], [100.493, 20.656], [100.478, 20.654], [100.461, 20.649], [100.45, 20.645], [100.442, 20.64], [100.43, 20.636], [100.415, 20.631], [100.402, 20.626], [100.386, 20.62], [100.371, 20.615], [100.348, 20.606], [100.331, 20.597], [100.317, 20.589], [100.299, 20.578], [100.283, 20.566], [100.265, 20.553], [100.249, 20.542], [100.24, 20.527], [100.232, 20.512], [100.227, 20.492], [100.223, 20.475], [100.219, 20.462], [100.215, 20.45], [100.213, 20.439]]}}, {"type": "Feature", "properties": {}, "geometry": {"type": "LineString", "coordinates": [[101.036, 21.038], [101.027, 21.029], [101.015, 21.022], [101.006, 21.015], [100.998, 21.006], [100.987, 20.993], [100.977, 20.984], [100.963, 20.973], [100.953, 20.965], [100.937, 20.952], [100.922, 20.943], [100.904, 20.932], [100.883, 20.921], [100.867, 20.911], [100.853, 20.905], [100.843, 20.898], [100.834, 20.889]]}}, {"type": "Feature", "properties": {}, "geometry": {"type": "LineString", "coordinates": [[100.987, 20.933], [101.01, 20.951], [101.034, 20.97], [101.063, 20.993], [101.091, 21.018], [101.113, 21.039], [101.131, 21.05], [101.152, 21.064], [101.179, 21.082], [101.205, 21.098], [101.227, 21.112], [101.255, 21.127], [101.284, 21.142], [101.314, 21.156], [101.342, 21.171], [101.364, 21.178], [101.387, 21.19], [101.408, 21.202], [101.427, 21.216], [101.449, 21.232], [101.465, 21.245], [101.486, 21.26], [101.511, 21.274], [101.531, 21.289], [101.557, 21.309]]}}, {"type": "Feature", "properties": {}, "geometry": {"type": "LineString", "coordinates": [[100.49, 20.581], [100.521, 20.586], [100.559, 20.588], [100.619, 20.594], [100.659, 20.603], [100.678, 20.605]]}}, {"type": "Feature", "properties": {}, "geometry": {"type": "LineString", "coordinates": [[100.606, 20.569], [100.646, 20.585], [100.681, 20.6], [100.711, 20.612], [100.745, 20.619], [100.788, 20.632], [100.842, 20.65]]}}, {"type": "Feature", "properties": {}, "geometry": {"type": "LineString", "coordinates": [[99.655, 19.785], [99.682, 19.822], [99.71, 19.858], [99.747, 19.889], [99.78, 19.917], [99.812, 19.937], [99.842, 19.961]]}}, {"type": "Feature", "properties": {}, "geometry": {"type": "LineString", "coordinates": [[99.43, 20.652], [99.496, 20.676], [99.522, 20.684], [99.548, 20.691], [99.571, 20.696], [99.593, 20.705], [99.61, 20.717], [99.631, 20.738], [99.651, 20.75], [99.669, 20.759], [99.692, 20.771], [99.714, 20.781], [99.735, 20.793], [99.764, 20.796], [99.795, 20.807], [99.813, 20.811], [99.829, 20.82], [99.849, 20.824], [99.867, 20.829]]}}, {"type": "Feature", "properties": {}, "geometry": {"type": "LineString", "coordinates": [[99.836, 20.908], [99.839, 20.946], [99.851, 20.987], [99.862, 21.015], [99.885, 21.043], [99.9, 21.069], [99.931, 21.089], [99.961, 21.106], [99.989, 21.122], [100.006, 21.139], [100.024, 21.15], [100.053, 21.17], [100.079, 21.176]]}}, {"type": "Feature", "properties": {}, "geometry": {"type": "LineString", "coordinates": [[101.176, 20.528], [101.119, 20.515], [101.107, 20.513], [101.094, 20.507], [101.081, 20.5], [101.061, 20.498], [101.044, 20.497], [101.035, 20.493], [101.021, 20.486], [101.007, 20.482], [100.976, 20.473], [100.96, 20.47], [100.942, 20.464], [100.929, 20.46], [100.919, 20.455], [100.904, 20.447], [100.892, 20.442], [100.884, 20.44], [100.866, 20.428], [100.856, 20.422], [100.82, 20.407], [100.76, 20.385], [100.732, 20.378], [100.713, 20.373], [100.7, 20.369], [100.691, 20.367], [100.649, 20.354], [100.624, 20.345], [100.604, 20.338], [100.59, 20.332], [100.569, 20.32], [100.539, 20.302], [100.51, 20.288], [100.489, 20.277]]}}, {"type": "Feature", "properties": {}, "geometry": {"type": "LineString", "coordinates": [[100.495, 20.088], [100.514, 20.115], [100.533, 20.147], [100.551, 20.18], [100.573, 20.215], [100.599, 20.255], [100.627, 20.279], [100.656, 20.301], [100.665, 20.309], [100.681, 20.325], [100.711, 20.341], [100.741, 20.358], [100.783, 20.374], [100.812, 20.387], [100.842, 20.404]]}}, {"type": "Feature", "properties": {}, "geometry": {"type": "LineString", "coordinates": [[100.304, 19.738], [100.326, 19.766], [100.372, 19.823], [100.429, 19.911], [100.465, 19.939], [100.49, 19.975], [100.512, 20.026], [100.527, 20.075], [100.536, 20.109], [100.54, 20.119]]}}, {"type": "Feature", "properties": {}, "geometry": {"type": "LineString", "coordinates": [[99.781, 19.131], [99.779, 19.136], [99.766, 19.158], [99.754, 19.176], [99.744, 19.186], [99.739, 19.201], [99.731, 19.232], [99.731, 19.246], [99.734, 19.263], [99.738, 19.284], [99.747, 19.311], [99.754, 19.332], [99.756, 19.349], [99.751, 19.373], [99.742, 19.397], [99.733, 19.429], [99.729, 19.45]]}}, {"type": "Feature", "properties": {}, "geometry": {"type": "LineString", "coordinates": [[99.807, 19.142], [99.821, 19.114], [99.847, 19.074], [99.866, 19.057], [99.884, 19.026], [99.904, 18.99], [99.923, 18.951], [99.94, 18.922], [99.956, 18.899], [99.972, 18.879], [99.991, 18.858]]}}, {"type": "Feature", "properties": {}, "geometry": {"type": "LineString", "coordinates": [[99.704, 19.12], [99.719, 19.054], [99.721, 18.998], [99.722, 18.945], [99.71, 18.889], [99.689, 18.822], [99.674, 18.754], [99.662, 18.724], [99.649, 18.698], [99.647, 18.684], [99.646, 18.658], [99.641, 18.636], [99.633, 18.612], [99.631, 18.607]]}}, {"type": "Feature", "properties": {}, "geometry": {"type": "LineString", "coordinates": [[99.562, 18.043], [99.597, 18.061], [99.625, 18.074], [99.662, 18.091], [99.702, 18.119], [99.749, 18.18], [99.818, 18.275]]}}, {"type": "Feature", "properties": {}, "geometry": {"type": "LineString", "coordinates": [[99.344, 17.781], [99.349, 17.786], [99.354, 17.795], [99.358, 17.802], [99.362, 17.81], [99.367, 17.817], [99.371, 17.825], [99.377, 17.831], [99.382, 17.836], [99.388, 17.841], [99.394, 17.847], [99.4, 17.853], [99.404, 17.859], [99.408, 17.867], [99.413, 17.874], [99.416, 17.882], [99.421, 17.889], [99.424, 17.896], [99.428, 17.903], [99.431, 17.909], [99.435, 17.916], [99.438, 17.924], [99.443, 17.929], [99.448, 17.933], [99.452, 17.937], [99.487, 17.96], [99.502, 17.97], [99.513, 17.977], [99.524, 17.99], [99.527, 18.0], [99.531, 18.014], [99.545, 18.029]]}}, {"type": "Feature", "properties": {}, "geometry": {"type": "LineString", "coordinates": [[99.482, 17.869], [99.51, 17.9], [99.571, 17.938], [99.651, 17.989], [99.662, 17.996], [99.67, 18.001], [99.681, 18.005], [99.69, 18.009], [99.698, 18.012], [99.708, 18.018], [99.715, 18.022], [99.724, 18.031], [99.729, 18.035], [99.735, 18.037], [99.738, 18.044], [99.746, 18.056], [99.751, 18.067], [99.754, 18.075], [99.759, 18.085], [99.766, 18.098], [99.771, 18.107], [99.777, 18.116], [99.781, 18.125], [99.788, 18.136], [99.794, 18.144], [99.803, 18.154], [99.809, 18.162]]}}, {"type": "Feature", "properties": {}, "geometry": {"type": "LineString", "coordinates": [[99.471, 17.777], [99.506, 17.797], [99.556, 17.819], [99.662, 17.85], [99.761, 17.879], [99.804, 17.898], [99.981, 17.978], [100.028, 18.03], [100.065, 18.092], [100.096, 18.172], [100.12, 18.243], [100.143, 18.307]]}}, {"type": "Feature", "properties": {}, "geometry": {"type": "LineString", "coordinates": [[100.953, 18.921], [100.942, 18.978], [100.936, 19.04], [100.939, 19.079], [100.953, 19.127], [100.957, 19.137], [100.959, 19.143], [100.959, 19.148], [100.958, 19.154], [100.954, 19.161], [100.953, 19.168], [100.949, 19.174], [100.947, 19.181], [100.947, 19.188], [100.947, 19.194], [100.947, 19.199], [100.948, 19.206], [100.948, 19.215], [100.947, 19.222], [100.946, 19.229], [100.941, 19.236], [100.933, 19.243], [100.928, 19.252], [100.924, 19.262], [100.917, 19.269], [100.915, 19.274], [100.912, 19.281], [100.913, 19.29], [100.912, 19.297], [100.911, 19.306], [100.909, 19.316], [100.91, 19.335], [100.906, 19.341], [100.901, 19.351], [100.896, 19.361], [100.896, 19.371], [100.897, 19.382], [100.899, 19.395], [100.899, 19.406], [100.9, 19.419], [100.901, 19.433], [100.903, 19.476], [100.93, 19.533]]}}, {"type": "Feature", "properties": {}, "geometry": {"type": "LineString", "coordinates": [[101.056, 18.124], [101.007, 18.099], [100.958, 18.071], [100.905, 18.026], [100.885, 17.991], [100.845, 17.918], [100.809, 17.852], [100.775, 17.788], [100.741, 17.743], [100.676, 17.696], [100.609, 17.659], [100.554, 17.619], [100.512, 17.585], [100.465, 17.548], [100.436, 17.516], [100.396, 17.469], [100.35, 17.436], [100.323, 17.397]]}}, {"type": "Feature", "properties": {}, "geometry": {"type": "LineString", "coordinates": [[100.697, 17.781], [100.739, 17.818], [100.77, 17.872], [100.807, 17.921], [100.839, 17.975], [100.866, 18.031], [100.894, 18.061]]}}, {"type": "Feature", "properties": {}, "geometry": {"type": "LineString", "coordinates": [[101.78, 19.026], [101.78, 19.003], [101.78, 18.975], [101.773, 18.946], [101.757, 18.912], [101.749, 18.874], [101.739, 18.84], [101.728, 18.805], [101.706, 18.769], [101.685, 18.737], [101.66, 18.699], [101.626, 18.649], [101.567, 18.536], [101.502, 18.486], [101.452, 18.436], [101.393, 18.365], [101.335, 18.31], [101.274, 18.269]]}}, {"type": "Feature", "properties": {}, "geometry": {"type": "LineString", "coordinates": [[100.952, 18.586], [100.987, 18.603], [101.025, 18.621], [101.057, 18.642], [101.106, 18.666], [101.138, 18.678], [101.173, 18.693], [101.2, 18.7], [101.221, 18.708], [101.238, 18.714], [101.251, 18.72], [101.264, 18.727], [101.348, 18.796], [101.404, 18.836], [101.452, 18.887], [101.484, 18.949]]}}, {"type": "Feature", "properties": {}, "geometry": {"type": "LineString", "coordinates": [[101.542, 19.106], [101.536, 19.072], [101.535, 19.049], [101.532, 19.037], [101.529, 19.02], [101.527, 19.003], [101.526, 18.988], [101.525, 18.969], [101.523, 18.949], [101.518, 18.927], [101.514, 18.906], [101.51, 18.871], [101.511, 18.868]]}}, {"type": "Feature", "properties": {}, "geometry": {"type": "LineString", "coordinates": [[101.417, 18.848], [101.408, 18.807], [101.391, 18.766], [101.359, 18.717], [101.325, 18.664], [101.299, 18.626], [101.276, 18.588], [101.247, 18.544], [101.191, 18.477], [101.135, 18.423]]}}, {"type": "Feature", "properties": {}, "geometry": {"type": "LineString", "coordinates": [[101.04, 18.223], [101.051, 18.234], [101.066, 18.244], [101.082, 18.257], [101.099, 18.281], [101.105, 18.289], [101.111, 18.293], [101.125, 18.304], [101.139, 18.327], [101.15, 18.341], [101.164, 18.354], [101.18, 18.392], [101.186, 18.431]]}}, {"type": "Feature", "properties": {}, "geometry": {"type": "LineString", "coordinates": [[101.909, 19.975], [101.886, 19.91], [101.873, 19.871], [101.84, 19.841], [101.811, 19.812], [101.779, 19.792], [101.759, 19.779], [101.745, 19.769], [101.731, 19.755], [101.722, 19.747], [101.69, 19.72], [101.66, 19.688], [101.633, 19.634], [101.609, 19.577]]}}, {"type": "Feature", "properties": {}, "geometry": {"type": "LineString", "coordinates": [[102.553, 19.439], [102.567, 19.475], [102.582, 19.501], [102.61, 19.541], [102.708, 19.648]]}}, {"type": "Feature", "properties": {}, "geometry": {"type": "LineString", "coordinates": [[102.666, 19.667], [102.686, 19.68], [102.727, 19.708], [102.76, 19.741], [102.793, 19.777], [102.804, 19.787], [102.826, 19.81], [102.834, 19.829], [102.855, 19.853], [102.875, 19.872], [102.892, 19.889], [102.906, 19.898]]}}, {"type": "Feature", "properties": {}, "geometry": {"type": "LineString", "coordinates": [[101.746, 19.979], [101.777, 20.016], [101.799, 20.037], [101.816, 20.053], [101.84, 20.07], [101.854, 20.092], [101.859, 20.102], [101.87, 20.112], [101.881, 20.118], [101.892, 20.133], [101.914, 20.153], [101.934, 20.175], [101.947, 20.192], [101.956, 20.199], [101.969, 20.208], [101.986, 20.218]]}}, {"type": "Feature", "properties": {}, "geometry": {"type": "LineString", "coordinates": [[102.234, 20.624], [102.214, 20.597], [102.173, 20.526], [102.149, 20.462], [102.132, 20.41], [102.12, 20.367], [102.106, 20.34]]}}, {"type": "Feature", "properties": {}, "geometry": {"type": "LineString", "coordinates": [[102.637, 20.924], [102.613, 20.884], [102.576, 20.837], [102.546, 20.795], [102.515, 20.746], [102.478, 20.694], [102.455, 20.645], [102.445, 20.618], [102.438, 20.605], [102.433, 20.597], [102.384, 20.544], [102.367, 20.521], [102.346, 20.493], [102.337, 20.479]]}}, {"type": "Feature", "properties": {}, "geometry": {"type": "LineString", "coordinates": [[101.324, 20.66], [101.367, 20.691], [101.4, 20.711], [101.43, 20.73], [101.464, 20.755], [101.512, 20.783], [101.575, 20.823], [101.575, 20.823], [101.61, 20.86], [101.668, 20.897], [101.68, 20.918], [101.694, 20.946], [101.732, 20.978], [101.774, 21.008], [101.81, 21.042]]}}, {"type": "Feature", "properties": {}, "geometry": {"type": "LineString", "coordinates": [[100.973, 20.169], [101.055, 20.203], [101.13, 20.236], [101.216, 20.306], [101.245, 20.317], [101.308, 20.328], [101.382, 20.345], [101.457, 20.365]]}}, {"type": "Feature", "properties": {}, "geometry": {"type": "LineString", "coordinates": [[102.004, 20.71], [101.982, 20.698], [101.952, 20.686], [101.921, 20.68], [101.904, 20.672], [101.831, 20.62], [101.799, 20.6], [101.776, 20.585], [101.748, 20.563], [101.668, 20.515]]}}, {"type": "Feature", "properties": {}, "geometry": {"type": "LineString", "coordinates": [[102.011, 20.715], [102.021, 20.733], [102.087, 20.803], [102.092, 20.815], [102.098, 20.829], [102.109, 20.843], [102.115, 20.854], [102.127, 20.865], [102.138, 20.875], [102.145, 20.881], [102.169, 20.901]]}}, {"type": "Feature", "properties": {}, "geometry": {"type": "LineString", "coordinates": [[101.271, 20.263], [101.318, 20.276], [101.353, 20.286], [101.384, 20.294], [101.398, 20.296], [101.413, 20.302], [101.433, 20.314], [101.454, 20.325], [101.479, 20.346]]}}, {"type": "Feature", "properties": {}, "geometry": {"type": "LineString", "coordinates": [[101.262, 20.179], [101.295, 20.192], [101.315, 20.2], [101.335, 20.206], [101.362, 20.21], [101.389, 20.214], [101.404, 20.214], [101.029, 20.077], [101.094, 20.115], [101.135, 20.133], [101.172, 20.142], [101.201, 20.152], [101.223, 20.161], [101.249, 20.175], [101.262, 20.179]]}}, {"type": "Feature", "properties": {}, "geometry": {"type": "LineString", "coordinates": [[100.981, 20.266], [101.038, 20.296], [101.098, 20.326], [101.148, 20.363], [101.216, 20.418], [101.294, 20.475], [101.379, 20.544]]}}, {"type": "Feature", "properties": {}, "geometry": {"type": "LineString", "coordinates": [[101.691, 20.812], [101.666, 20.801], [101.635, 20.785], [101.62, 20.772], [101.6, 20.754], [101.579, 20.729], [101.548, 20.692], [101.518, 20.651], [101.487, 20.615], [101.47, 20.581], [101.451, 20.538], [101.427, 20.498]]}}, {"type": "Feature", "properties": {}, "geometry": {"type": "LineString", "coordinates": [[101.264, 20.559], [101.292, 20.589], [101.311, 20.607], [101.333, 20.631], [101.369, 20.66], [101.387, 20.679], [101.418, 20.705], [101.441, 20.718], [101.472, 20.73], [101.539, 20.758]]}}, {"type": "Feature", "properties": {}, "geometry": {"type": "LineString", "coordinates": [[103.442, 19.402], [103.486, 19.413], [103.532, 19.42], [103.58, 19.425], [103.632, 19.432], [103.685, 19.439], [103.708, 19.438], [103.741, 19.443], [103.766, 19.443], [103.808, 19.441], [103.84, 19.437], [103.862, 19.435], [103.894, 19.435], [103.926, 19.434], [103.963, 19.432]]}}, {"type": "Feature", "properties": {}, "geometry": {"type": "LineString", "coordinates": [[103.529, 19.551], [103.589, 19.533], [103.65, 19.517], [103.726, 19.5], [103.805, 19.48], [103.839, 19.468], [103.872, 19.459], [103.919, 19.449], [103.954, 19.437]]}}, {"type": "Feature", "properties": {}, "geometry": {"type": "LineString", "coordinates": [[104.012, 19.402], [104.046, 19.401], [104.1, 19.395], [104.12, 19.394], [104.143, 19.392], [104.161, 19.388], [104.178, 19.385], [104.318, 19.335], [104.559, 19.23]]}}, {"type": "Feature", "properties": {}, "geometry": {"type": "LineString", "coordinates": [[104.219, 19.393], [104.259, 19.384], [104.3, 19.374], [104.327, 19.37], [104.342, 19.368], [104.36, 19.364], [104.374, 19.359], [104.391, 19.355], [104.413, 19.35], [104.432, 19.346], [104.454, 19.343], [104.471, 19.337], [104.486, 19.336], [104.503, 19.332], [104.524, 19.329], [104.641, 19.292], [104.75, 19.28], [104.846, 19.255], [104.903, 19.236], [104.991, 19.22]]}}, {"type": "Feature", "properties": {}, "geometry": {"type": "LineString", "coordinates": [[103.237, 18.433], [103.268, 18.442], [103.289, 18.447], [103.298, 18.45], [103.31, 18.453], [103.327, 18.455], [103.34, 18.454], [103.357, 18.458], [103.366, 18.464], [103.386, 18.469], [103.399, 18.473], [103.407, 18.475], [103.422, 18.478], [103.437, 18.478], [103.451, 18.478], [103.463, 18.477], [103.485, 18.475], [103.49, 18.475], [103.515, 18.473], [103.531, 18.469], [103.547, 18.465], [103.568, 18.451], [103.589, 18.442]]}}, {"type": "Feature", "properties": {}, "geometry": {"type": "LineString", "coordinates": [[97.812, 20.892], [97.812, 20.88], [97.815, 20.861], [97.816, 20.846], [97.818, 20.834], [97.823, 20.82], [97.829, 20.804], [97.831, 20.793], [97.839, 20.768], [97.844, 20.747], [97.847, 20.731], [97.852, 20.719], [97.859, 20.707], [97.86, 20.692], [97.863, 20.683], [97.865, 20.67], [97.869, 20.656], [97.873, 20.637], [97.876, 20.618], [97.881, 20.581], [97.871, 20.512], [97.879, 20.497], [97.887, 20.439], [97.898, 20.389], [97.904, 20.336], [97.899, 20.263]]}}, {"type": "Feature", "properties": {}, "geometry": {"type": "LineString", "coordinates": [[97.861, 25.55], [97.851, 25.542], [97.842, 25.513], [97.835, 25.495], [97.828, 25.477], [97.82, 25.452], [97.816, 25.436], [97.811, 25.429], [97.795, 25.407], [97.777, 25.381], [97.759, 25.358], [97.738, 25.336], [97.721, 25.316], [97.714, 25.304], [97.702, 25.286]]}}, {"type": "Feature", "properties": {}, "geometry": {"type": "LineString", "coordinates": [[95.463, 29.839], [95.656, 29.719], [95.818, 29.616], [95.932, 29.542], [96.031, 29.485], [96.11, 29.438], [96.147, 29.396], [96.186, 29.373], [96.233, 29.339], [96.281, 29.292], [96.394, 29.184], [96.503, 29.075], [96.604, 28.983], [96.619, 28.97], [96.669, 28.886], [96.722, 28.804], [96.781, 28.742], [96.865, 28.664], [96.947, 28.572], [96.997, 28.493], [97.04, 28.45], [97.083, 28.418]]}}, {"type": "Feature", "properties": {}, "geometry": {"type": "LineString", "coordinates": [[97.092, 28.35], [97.116, 28.318], [97.143, 28.3], [97.166, 28.287], [97.179, 28.273], [97.2, 28.248], [97.232, 28.225], [97.288, 28.195], [97.313, 28.175], [97.333, 28.156], [97.355, 28.135], [97.373, 28.116], [97.392, 28.1], [97.413, 28.085], [97.432, 28.061], [97.454, 28.033], [97.469, 27.995], [97.48, 27.961], [97.486, 27.941], [97.489, 27.919], [97.488, 27.896], [97.487, 27.878]]}}, {"type": "Feature", "properties": {}, "geometry": {"type": "LineString", "coordinates": [[97.684, 27.902], [97.685, 27.849], [97.692, 27.808], [97.704, 27.787], [97.727, 27.749], [97.808, 27.69], [97.917, 27.602], [97.967, 27.559], [98.0, 27.519], [98.041, 27.465], [98.064, 27.424], [98.086, 27.369], [98.09, 27.299]]}}, {"type": "Feature", "properties": {}, "geometry": {"type": "LineString", "coordinates": [[98.184, 26.68], [98.213, 26.709], [98.228, 26.726], [98.247, 26.753], [98.259, 26.777], [98.269, 26.8], [98.275, 26.816], [98.279, 26.836], [98.277, 26.855], [98.274, 26.878], [98.268, 26.89], [98.261, 26.902], [98.254, 26.912], [98.246, 26.924], [98.239, 26.935], [98.233, 26.945], [98.229, 26.952], [98.225, 26.963], [98.222, 26.97], [98.217, 26.982], [98.214, 26.99], [98.212, 26.998], [98.209, 27.007], [98.204, 27.015], [98.198, 27.024], [98.188, 27.033], [98.178, 27.039], [98.17, 27.044]]}}, {"type": "Feature", "properties": {}, "geometry": {"type": "LineString", "coordinates": [[97.981, 27.158], [97.982, 27.133], [97.98, 27.104], [97.978, 27.085], [97.98, 27.067], [97.982, 27.049], [97.984, 27.028], [97.985, 27.003], [97.986, 26.983], [97.988, 26.959], [97.987, 26.941], [97.988, 26.913], [97.989, 26.886], [97.991, 26.863], [97.989, 26.844], [97.989, 26.827], [97.99, 26.81], [97.99, 26.799], [97.985, 26.784], [97.978, 26.771], [97.975, 26.761]]}}, {"type": "Feature", "properties": {}, "geometry": {"type": "LineString", "coordinates": [[98.161, 25.864], [98.174, 25.932], [98.197, 26.02], [98.225, 26.098], [98.248, 26.15], [98.265, 26.218], [98.277, 26.35], [98.279, 26.403], [98.29, 26.483], [98.308, 26.559], [98.321, 26.609], [98.332, 26.66], [98.352, 26.744], [98.359, 26.792], [98.358, 26.843], [98.356, 26.918], [98.352, 26.98], [98.342, 27.027], [98.338, 27.079], [98.33, 27.096], [98.32, 27.116], [98.3, 27.135], [98.283, 27.15], [98.258, 27.179], [98.233, 27.2], [98.217, 27.217], [98.2, 27.226], [98.173, 27.24], [98.141, 27.26], [98.116, 27.278], [98.09, 27.299]]}}, {"type": "Feature", "properties": {}, "geometry": {"type": "LineString", "coordinates": [[98.329, 27.506], [98.342, 27.365], [98.342, 27.315], [98.341, 27.305], [98.341, 27.295], [98.34, 27.271], [98.343, 27.251], [98.348, 27.247], [98.351, 27.24], [98.354, 27.225], [98.357, 27.202], [98.36, 27.187], [98.364, 27.171], [98.363, 27.157], [98.363, 27.149], [98.364, 27.14], [98.363, 27.135], [98.362, 27.129], [98.361, 27.117], [98.362, 27.106], [98.362, 27.094], [98.366, 27.077], [98.369, 27.053], [98.365, 27.033]]}}, {"type": "Feature", "properties": {}, "geometry": {"type": "LineString", "coordinates": [[98.111, 25.771], [98.157, 25.75], [98.208, 25.729], [98.24, 25.711], [98.253, 25.685], [98.282, 25.651], [98.288, 25.632], [98.302, 25.612], [98.333, 25.586], [98.388, 25.544], [98.413, 25.522]]}}, {"type": "Feature", "properties": {}, "geometry": {"type": "LineString", "coordinates": [[98.223, 25.807], [98.264, 25.783], [98.28, 25.768], [98.298, 25.743], [98.307, 25.732], [98.322, 25.704], [98.344, 25.659], [98.366, 25.613], [98.383, 25.579], [98.419, 25.51], [98.431, 25.491], [98.452, 25.447], [98.469, 25.402], [98.488, 25.359]]}}, {"type": "Feature", "properties": {}, "geometry": {"type": "LineString", "coordinates": [[98.413, 25.853], [98.431, 25.821], [98.441, 25.787], [98.444, 25.753], [98.444, 25.718], [98.441, 25.664], [98.437, 25.599], [98.426, 25.537]]}}, {"type": "Feature", "properties": {}, "geometry": {"type": "LineString", "coordinates": [[98.879, 27.206], [98.877, 27.172], [98.873, 27.14], [98.869, 27.11], [98.868, 27.074], [98.865, 27.038], [98.864, 26.998], [98.859, 26.958], [98.859, 26.937], [98.862, 26.914], [98.866, 26.895], [98.868, 26.876], [98.872, 26.85], [98.886, 26.782], [98.892, 26.738], [98.905, 26.66], [98.909, 26.63], [98.913, 26.585], [98.921, 26.55], [98.927, 26.525], [98.93, 26.496], [98.942, 26.443], [98.945, 26.417], [98.95, 26.4], [98.955, 26.369], [98.96, 26.345], [98.964, 26.314], [98.962, 26.29], [98.962, 26.277], [98.969, 26.244], [98.978, 26.199], [98.979, 26.176], [98.982, 26.151], [98.986, 26.127], [98.992, 26.099], [98.998, 26.069], [99.007, 26.044], [99.012, 26.022], [99.019, 25.997], [99.024, 25.973], [99.036, 25.947], [99.045, 25.914], [99.057, 25.878], [99.075, 25.842], [99.093, 25.799], [99.107, 25.77], [99.127, 25.735], [99.13, 25.716], [99.13, 25.705], [99.126, 25.691], [99.121, 25.676], [99.116, 25.654], [99.107, 25.638], [99.104, 25.626], [99.098, 25.614], [99.102, 25.594]]}}, {"type": "Feature", "properties": {}, "geometry": {"type": "LineString", "coordinates": [[99.326, 24.547], [99.313, 24.577], [99.291, 24.608], [99.285, 24.623], [99.288, 24.636], [99.288, 24.649], [99.293, 24.66], [99.306, 24.682], [99.302, 24.703], [99.312, 24.719], [99.317, 24.735], [99.316, 24.752], [99.34, 24.818], [99.351, 24.837], [99.368, 24.861]]}}, {"type": "Feature", "properties": {}, "geometry": {"type": "LineString", "coordinates": [[99.728, 25.415], [99.697, 25.424], [99.645, 25.449], [99.622, 25.466], [99.587, 25.499], [99.568, 25.533], [99.556, 25.559], [99.532, 25.573], [99.495, 25.589], [99.454, 25.607], [99.436, 25.618], [99.414, 25.629], [99.392, 25.637], [99.361, 25.65], [99.34, 25.661], [99.327, 25.675]]}}, {"type": "Feature", "properties": {}, "geometry": {"type": "LineString", "coordinates": [[100.407, 24.721], [100.449, 24.697], [100.493, 24.642], [100.546, 24.544], [100.567, 24.486], [100.579, 24.441], [100.606, 24.375], [100.618, 24.332], [100.623, 24.295], [100.613, 24.247], [100.612, 24.227]]}}, {"type": "Feature", "properties": {}, "geometry": {"type": "LineString", "coordinates": [[100.29, 24.737], [100.237, 24.727], [100.188, 24.719], [100.161, 24.714], [100.138, 24.711], [100.118, 24.709], [100.089, 24.714], [100.068, 24.717], [100.041, 24.721], [100.014, 24.721], [99.979, 24.723], [99.945, 24.729]]}}, {"type": "Feature", "properties": {}, "geometry": {"type": "LineString", "coordinates": [[99.683, 24.179], [99.713, 24.194], [99.734, 24.209], [99.749, 24.231], [99.762, 24.257], [99.776, 24.287], [99.793, 24.318], [99.81, 24.351], [99.829, 24.391], [99.843, 24.429], [99.85, 24.448]]}}, {"type": "Feature", "properties": {}, "geometry": {"type": "LineString", "coordinates": [[98.578, 28.027], [98.595, 27.985], [98.612, 27.95], [98.62, 27.915], [98.628, 27.881], [98.635, 27.85], [98.641, 27.819], [98.656, 27.779], [98.669, 27.743], [98.688, 27.706], [98.699, 27.676], [98.714, 27.64], [98.738, 27.613], [98.761, 27.592], [98.78, 27.555], [98.789, 27.523], [98.799, 27.495], [98.814, 27.461], [98.826, 27.415], [98.845, 27.365], [98.862, 27.32], [98.873, 27.273], [98.885, 27.238]]}}, {"type": "Feature", "properties": {}, "geometry": {"type": "LineString", "coordinates": [[99.317, 25.416], [99.324, 25.395], [99.337, 25.368], [99.345, 25.354], [99.358, 25.334], [99.372, 25.315], [99.387, 25.304], [99.404, 25.289], [99.418, 25.275], [99.429, 25.257], [99.449, 25.236], [99.462, 25.217], [99.48, 25.206], [99.499, 25.2], [99.514, 25.199], [99.529, 25.195], [99.548, 25.189], [99.57, 25.177], [99.601, 25.161], [99.617, 25.146], [99.629, 25.134], [99.643, 25.123], [99.652, 25.111], [99.67, 25.086], [99.69, 25.058], [99.709, 25.041], [99.727, 25.023], [99.75, 25.001]]}}, {"type": "Feature", "properties": {}, "geometry": {"type": "LineString", "coordinates": [[99.452, 26.642], [99.444, 26.629], [99.436, 26.618], [99.433, 26.601], [99.44, 26.587], [99.439, 26.558], [99.43, 26.518], [99.413, 26.471], [99.399, 26.423], [99.369, 26.346], [99.355, 26.333], [99.339, 26.316], [99.334, 26.304], [99.329, 26.277], [99.328, 26.247], [99.324, 26.212], [99.323, 26.196]]}}, {"type": "Feature", "properties": {}, "geometry": {"type": "LineString", "coordinates": [[99.329, 25.919], [99.318, 25.983], [99.306, 26.029], [99.297, 26.067], [99.282, 26.119], [99.279, 26.139], [99.281, 26.158], [99.289, 26.201], [99.298, 26.226], [99.299, 26.252], [99.303, 26.285], [99.302, 26.318], [99.303, 26.331], [99.307, 26.346], [99.309, 26.37], [99.306, 26.393], [99.298, 26.414], [99.291, 26.434], [99.286, 26.46], [99.283, 26.484], [99.275, 26.526], [99.255, 26.7]]}}, {"type": "Feature", "properties": {}, "geometry": {"type": "LineString", "coordinates": [[99.057, 27.661], [99.051, 27.651], [99.045, 27.645], [99.046, 27.634], [99.048, 27.625], [99.048, 27.614], [99.049, 27.603], [99.05, 27.587], [99.049, 27.578], [99.051, 27.568], [99.055, 27.556], [99.051, 27.545], [99.052, 27.533], [99.056, 27.523], [99.059, 27.506], [99.062, 27.493], [99.067, 27.478], [99.072, 27.459], [99.077, 27.447], [99.085, 27.435], [99.09, 27.424], [99.092, 27.414], [99.096, 27.405], [99.097, 27.394], [99.098, 27.387]]}}, {"type": "Feature", "properties": {}, "geometry": {"type": "LineString", "coordinates": [[102.017, 27.461], [102.018, 27.414], [102.015, 27.366], [102.001, 27.312], [101.98, 27.235], [101.957, 27.162], [101.957, 27.097], [101.961, 27.041], [101.987, 26.969], [102.006, 26.909], [101.994, 26.832], [101.985, 26.77], [101.969, 26.699], [101.944, 26.607], [101.938, 26.528], [101.933, 26.472], [101.935, 26.419], [101.919, 26.26], [101.913, 26.214], [101.909, 26.162], [101.906, 26.122], [101.899, 26.078], [101.891, 26.036], [101.883, 25.985], [101.88, 25.939], [101.881, 25.907], [101.883, 25.873], [101.893, 25.811], [101.904, 25.777], [101.912, 25.748], [101.934, 25.674], [101.936, 25.633], [101.939, 25.556], [101.94, 25.528], [101.934, 25.473], [101.937, 25.406], [101.932, 25.358], [101.922, 25.314], [101.919, 25.265], [101.913, 25.231], [101.902, 25.181], [101.897, 25.141], [101.894, 25.123]]}}, {"type": "Feature", "properties": {}, "geometry": {"type": "LineString", "coordinates": [[101.788, 25.736], [101.789, 25.72], [101.793, 25.698], [101.802, 25.676], [101.811, 25.659], [101.819, 25.641], [101.826, 25.618], [101.829, 25.597], [101.83, 25.576], [101.83, 25.548], [101.829, 25.525], [101.832, 25.506], [101.84, 25.487], [101.846, 25.467], [101.849, 25.446], [101.856, 25.424], [101.863, 25.406], [101.868, 25.397]]}}, {"type": "Feature", "properties": {}, "geometry": {"type": "LineString", "coordinates": [[99.199, 27.253], [99.21, 27.244], [99.224, 27.223], [99.236, 27.201], [99.253, 27.184], [99.269, 27.16], [99.285, 27.143], [99.299, 27.124], [99.316, 27.108], [99.326, 27.094], [99.335, 27.077], [99.338, 27.065], [99.347, 27.051], [99.352, 27.032], [99.353, 27.019], [99.365, 27.008], [99.371, 27.003], [99.377, 26.993], [99.384, 26.978], [99.396, 26.965], [99.407, 26.949], [99.419, 26.932], [99.429, 26.919], [99.44, 26.902], [99.45, 26.884], [99.458, 26.872], [99.469, 26.856], [99.474, 26.847], [99.482, 26.826], [99.487, 26.808], [99.498, 26.762], [99.5, 26.743], [99.506, 26.719], [99.513, 26.701], [99.515, 26.688], [99.522, 26.672], [99.536, 26.649], [99.549, 26.627], [99.554, 26.615], [99.563, 26.591], [99.57, 26.569], [99.58, 26.55], [99.591, 26.535], [99.601, 26.522], [99.611, 26.508], [99.619, 26.484], [99.63, 26.46], [99.638, 26.448], [99.647, 26.437], [99.654, 26.419], [99.655, 26.408], [99.66, 26.385], [99.665, 26.365], [99.67, 26.347], [99.678, 26.326], [99.685, 26.305], [99.693, 26.282], [99.697, 26.265], [99.707, 26.241], [99.717, 26.218], [99.724, 26.203], [99.729, 26.19], [99.731, 26.184]]}}, {"type": "Feature", "properties": {}, "geometry": {"type": "LineString", "coordinates": [[99.861, 26.361], [99.869, 26.342], [99.868, 26.329], [99.868, 26.315], [99.859, 26.309], [99.842, 26.29], [99.833, 26.275], [99.828, 26.262], [99.817, 26.234], [99.806, 26.207], [99.791, 26.176], [99.785, 26.154], [99.774, 26.132], [99.764, 26.107], [99.761, 26.085], [99.758, 26.064], [99.767, 26.053], [99.769, 26.04], [99.773, 26.027], [99.778, 26.011], [99.782, 26.003]]}}, {"type": "Feature", "properties": {}, "geometry": {"type": "LineString", "coordinates": [[100.109, 26.737], [100.137, 26.764], [100.169, 26.794], [100.19, 26.807], [100.235, 26.865], [100.301, 26.925], [100.369, 26.993], [100.406, 27.028], [100.417, 27.058], [100.421, 27.097], [100.421, 27.14]]}}, {"type": "Feature", "properties": {}, "geometry": {"type": "LineString", "coordinates": [[100.508, 27.07], [100.532, 27.093], [100.553, 27.119], [100.575, 27.147], [100.596, 27.174], [100.621, 27.198], [100.647, 27.23], [100.662, 27.248], [100.685, 27.275], [100.702, 27.297], [100.721, 27.326], [100.743, 27.357], [100.771, 27.395], [100.814, 27.426], [100.876, 27.47], [100.904, 27.502], [100.943, 27.543], [100.98, 27.579], [101.01, 27.618], [101.039, 27.632], [101.066, 27.648], [101.103, 27.657], [101.134, 27.673], [101.167, 27.689], [101.219, 27.729], [101.24, 27.737], [101.276, 27.74], [101.324, 27.754]]}}, {"type": "Feature", "properties": {}, "geometry": {"type": "LineString", "coordinates": [[101.493, 27.417], [101.483, 27.417], [101.475, 27.416], [101.464, 27.413], [101.453, 27.411], [101.439, 27.409], [101.426, 27.409], [101.408, 27.408], [101.391, 27.408], [101.38, 27.413], [101.36, 27.424], [101.355, 27.437], [101.34, 27.448], [101.325, 27.461], [101.321, 27.474], [101.321, 27.487], [101.322, 27.499], [101.315, 27.511], [101.294, 27.533], [101.286, 27.55], [101.274, 27.57], [101.262, 27.583], [101.257, 27.6], [101.254, 27.613], [101.247, 27.633], [101.236, 27.653], [101.225, 27.676], [101.22, 27.696], [101.21, 27.713]]}}, {"type": "Feature", "properties": {}, "geometry": {"type": "LineString", "coordinates": [[101.424, 27.7], [101.551, 27.781], [101.594, 27.821], [101.641, 27.867], [101.704, 27.957], [101.769, 28.054], [101.783, 28.08], [101.812, 28.149], [101.82, 28.186], [101.83, 28.237], [101.84, 28.267], [101.853, 28.298], [101.871, 28.332], [101.886, 28.366], [101.898, 28.38], [101.917, 28.426], [101.941, 28.472], [101.961, 28.515], [101.975, 28.555], [102.009, 28.645], [102.035, 28.71], [102.048, 28.734]]}}, {"type": "Feature", "properties": {}, "geometry": {"type": "LineString", "coordinates": [[100.598, 26.805], [100.62, 26.79], [100.636, 26.779], [100.655, 26.771], [100.671, 26.77], [100.685, 26.76], [100.699, 26.734], [100.704, 26.713], [100.704, 26.698], [100.702, 26.665], [100.692, 26.632], [100.686, 26.618], [100.687, 26.595], [100.69, 26.577], [100.69, 26.534], [100.692, 26.524], [100.688, 26.495], [100.678, 26.453], [100.663, 26.423], [100.653, 26.405], [100.639, 26.369], [100.632, 26.34], [100.63, 26.326], [100.634, 26.318], [100.636, 26.307], [100.631, 26.29], [100.624, 26.274], [100.614, 26.263], [100.611, 26.235], [100.603, 26.21], [100.594, 26.183], [100.584, 26.167], [100.578, 26.149], [100.575, 26.127], [100.574, 26.103], [100.576, 26.075], [100.581, 26.044], [100.597, 25.992], [100.607, 25.973], [100.612, 25.943], [100.611, 25.922], [100.613, 25.902], [100.62, 25.881], [100.625, 25.865], [100.634, 25.853], [100.628, 25.843], [100.621, 25.83], [100.619, 25.815], [100.614, 25.792], [100.615, 25.767], [100.612, 25.735], [100.594, 25.71], [100.578, 25.674], [100.549, 25.643], [100.512, 25.609], [100.481, 25.581], [100.442, 25.55]]}}, {"type": "Feature", "properties": {}, "geometry": {"type": "LineString", "coordinates": [[100.071, 27.071], [100.046, 26.988], [100.027, 26.944], [100.011, 26.904], [100.008, 26.831], [99.995, 26.775], [99.981, 26.738], [99.966, 26.706], [99.951, 26.675], [99.946, 26.646], [99.944, 26.627]]}}, {"type": "Feature", "properties": {}, "geometry": {"type": "LineString", "coordinates": [[99.981, 26.721], [99.975, 26.69], [99.964, 26.658], [99.945, 26.617], [99.925, 26.572], [99.898, 26.539], [99.887, 26.517], [99.885, 26.504], [99.891, 26.477], [99.895, 26.464]]}}, {"type": "Feature", "properties": {}, "geometry": {"type": "LineString", "coordinates": [[100.162, 26.872], [100.15, 26.852], [100.139, 26.833], [100.13, 26.817], [100.127, 26.804], [100.117, 26.78], [100.106, 26.761], [100.089, 26.743], [100.073, 26.717], [100.053, 26.688], [100.038, 26.659], [100.028, 26.642], [100.018, 26.626], [99.995, 26.591], [99.979, 26.574], [99.95, 26.559], [99.924, 26.549], [99.898, 26.539]]}}, {"type": "Feature", "properties": {}, "geometry": {"type": "LineString", "coordinates": [[100.223, 26.501], [100.221, 26.515], [100.218, 26.532], [100.217, 26.544], [100.217, 26.554], [100.22, 26.567], [100.224, 26.577], [100.229, 26.587], [100.232, 26.598], [100.236, 26.605], [100.241, 26.61], [100.244, 26.615], [100.245, 26.62], [100.248, 26.626], [100.251, 26.63], [100.251, 26.636], [100.251, 26.643], [100.252, 26.649], [100.256, 26.656], [100.259, 26.667], [100.262, 26.674], [100.264, 26.68], [100.265, 26.688], [100.265, 26.694], [100.263, 26.7], [100.265, 26.707], [100.27, 26.712], [100.275, 26.718], [100.276, 26.723], [100.276, 26.733], [100.28, 26.745], [100.284, 26.753], [100.286, 26.758], [100.29, 26.766], [100.294, 26.775], [100.295, 26.783], [100.297, 26.789], [100.298, 26.796], [100.299, 26.802], [100.3, 26.809], [100.299, 26.818], [100.298, 26.828], [100.296, 26.835], [100.296, 26.843], [100.295, 26.849], [100.295, 26.857], [100.292, 26.867], [100.29, 26.875], [100.29, 26.886], [100.29, 26.892], [100.29, 26.898]]}}, {"type": "Feature", "properties": {}, "geometry": {"type": "LineString", "coordinates": [[100.243, 25.557], [100.217, 25.578], [100.207, 25.587], [100.199, 25.612], [100.199, 25.633], [100.168, 25.658], [100.144, 25.688], [100.13, 25.709], [100.115, 25.743], [100.108, 25.764], [100.111, 25.785], [100.103, 25.821], [100.105, 25.841], [100.112, 25.874], [100.094, 25.898], [100.094, 25.914], [100.091, 25.94], [100.064, 25.966], [100.034, 25.994], [100.028, 26.019], [100.029, 26.04], [100.03, 26.077]]}}, {"type": "Feature", "properties": {}, "geometry": {"type": "LineString", "coordinates": [[102.952, 23.829], [102.918, 23.756], [102.91, 23.714], [102.897, 23.656], [102.89, 23.622], [102.876, 23.578], [102.868, 23.545], [102.849, 23.499], [102.822, 23.453], [102.803, 23.415], [102.789, 23.387], [102.776, 23.34], [102.765, 23.307]]}}, {"type": "Feature", "properties": {}, "geometry": {"type": "LineString", "coordinates": [[103.119, 23.587], [103.139, 23.537], [103.15, 23.488], [103.157, 23.446], [103.159, 23.413], [103.158, 23.385], [103.16, 23.351], [103.16, 23.32], [103.156, 23.287], [103.158, 23.267], [103.155, 23.248], [103.148, 23.221], [103.139, 23.194], [103.128, 23.173], [103.116, 23.154], [103.1, 23.136]]}}, {"type": "Feature", "properties": {}, "geometry": {"type": "LineString", "coordinates": [[103.101, 26.32], [103.104, 26.208], [103.09, 26.117], [103.097, 26.065], [103.114, 25.986], [103.114, 25.889], [103.115, 25.795], [103.102, 25.626], [103.103, 25.537], [103.091, 25.449], [103.07, 25.356], [103.074, 25.236], [103.052, 25.144], [103.052, 25.116], [103.037, 25.043], [103.006, 24.969], [102.986, 24.894], [102.976, 24.818], [102.959, 24.749], [102.907, 24.511], [102.87, 24.397], [102.828, 24.304], [102.782, 24.197]]}}, {"type": "Feature", "properties": {}, "geometry": {"type": "LineString", "coordinates": [[102.249, 27.882], [102.344, 27.74], [102.413, 27.585], [102.52, 27.407], [102.658, 27.145], [102.814, 26.965], [102.89, 26.889], [102.957, 26.803], [103.007, 26.694], [103.054, 26.548], [103.101, 26.32]]}}, {"type": "Feature", "properties": {}, "geometry": {"type": "LineString", "coordinates": [[103.112, 26.28], [103.149, 26.185], [103.189, 26.083], [103.234, 25.965], [103.247, 25.929], [103.267, 25.875], [103.272, 25.81], [103.267, 25.726], [103.262, 25.632], [103.259, 25.553], [103.242, 25.445], [103.136, 24.975], [103.089, 24.78], [103.037, 24.664], [103.001, 24.529], [102.956, 24.353], [102.902, 24.158]]}}, {"type": "Feature", "properties": {}, "geometry": {"type": "LineString", "coordinates": [[102.783, 26.207], [102.775, 26.15], [102.77, 26.106], [102.744, 26.034], [102.739, 26.015], [102.732, 25.972], [102.727, 25.924], [102.686, 25.843], [102.668, 25.8], [102.651, 25.681], [102.662, 25.567], [102.673, 25.487], [102.655, 25.344], [102.653, 25.241], [102.65, 25.103], [102.632, 25.025], [102.641, 24.968], [102.661, 24.839], [102.643, 24.732], [102.586, 24.634], [102.521, 24.448], [102.461, 24.269]]}}, {"type": "Feature", "properties": {}, "geometry": {"type": "LineString", "coordinates": [[99.39, 28.175], [99.327, 28.226], [99.243, 28.265], [99.165, 28.294], [99.081, 28.334], [98.976, 28.36], [98.377, 28.503], [98.265, 28.571], [98.071, 28.659], [97.97, 28.692], [97.827, 28.727]]}}, {"type": "Feature", "properties": {}, "geometry": {"type": "LineString", "coordinates": [[99.408, 28.161], [99.447, 28.125], [99.457, 28.108], [99.486, 28.078], [99.511, 28.048], [99.531, 28.02], [99.557, 27.992], [99.584, 27.964], [99.61, 27.934], [99.629, 27.911], [99.67, 27.841], [99.702, 27.789], [99.713, 27.761], [99.726, 27.728], [99.729, 27.699], [99.789, 27.625], [99.829, 27.593], [99.877, 27.52], [99.902, 27.463], [99.929, 27.411], [99.957, 27.355], [99.972, 27.307], [100.012, 27.212], [100.045, 27.164], [100.073, 27.085], [100.084, 27.063], [100.096, 27.051], [100.102, 27.032], [100.117, 27.002], [100.121, 26.964], [100.126, 26.932]]}}, {"type": "Feature", "properties": {}, "geometry": {"type": "LineString", "coordinates": [[103.292, 25.544], [103.36, 25.65], [103.425, 25.747], [103.514, 25.881], [103.588, 25.994], [103.661, 26.069], [103.718, 26.14], [103.783, 26.219], [103.827, 26.261], [103.861, 26.288], [103.919, 26.307], [103.998, 26.328], [104.076, 26.349], [104.168, 26.376], [104.272, 26.426], [104.359, 26.463], [104.394, 26.498], [104.411, 26.545]]}}, {"type": "Feature", "properties": {}, "geometry": {"type": "LineString", "coordinates": [[101.592, 24.96], [101.546, 25.018], [101.508, 25.058], [101.456, 25.095], [101.408, 25.12], [101.36, 25.138], [101.316, 25.158], [101.272, 25.181], [101.239, 25.199], [101.16, 25.24], [101.102, 25.282], [101.075, 25.302], [101.045, 25.311], [101.01, 25.322], [100.977, 25.333], [100.953, 25.343], [100.943, 25.355], [100.923, 25.362], [100.896, 25.373], [100.869, 25.384], [100.851, 25.392], [100.823, 25.4]]}}, {"type": "Feature", "properties": {}, "geometry": {"type": "LineString", "coordinates": [[102.958, 24.32], [102.953, 24.288], [102.953, 24.261], [102.957, 24.233], [102.966, 24.173], [102.958, 24.143], [102.952, 24.111], [102.932, 24.059], [102.914, 24.031], [102.899, 23.999], [102.893, 23.974], [102.846, 23.828], [102.822, 23.739]]}}, {"type": "Feature", "properties": {}, "geometry": {"type": "LineString", "coordinates": [[102.206, 24.289], [102.358, 24.205], [102.452, 24.153], [102.537, 24.105], [102.604, 24.06], [102.683, 24.017], [102.73, 24.0], [102.783, 23.996], [102.851, 23.963]]}}, {"type": "Feature", "properties": {}, "geometry": {"type": "LineString", "coordinates": [[101.687, 24.878], [101.731, 24.843], [101.755, 24.828], [101.791, 24.803], [101.804, 24.791], [101.862, 24.705], [102.004, 24.553], [102.09, 24.464], [102.13, 24.419], [102.152, 24.385], [102.172, 24.333], [102.185, 24.287]]}}, {"type": "Feature", "properties": {}, "geometry": {"type": "LineString", "coordinates": [[102.178, 24.159], [102.182, 24.133], [102.195, 24.099], [102.209, 24.049], [102.236, 24.027], [102.283, 23.952], [102.339, 23.873], [102.405, 23.803], [102.463, 23.758], [102.548, 23.702], [102.619, 23.668], [102.679, 23.654], [102.756, 23.648], [102.8, 23.641]]}}, {"type": "Feature", "properties": {}, "geometry": {"type": "LineString", "coordinates": [[101.17, 25.674], [101.218, 25.652], [101.285, 25.617], [101.315, 25.589], [101.35, 25.549], [101.386, 25.512], [101.422, 25.479], [101.454, 25.449], [101.465, 25.438]]}}, {"type": "Feature", "properties": {}, "geometry": {"type": "LineString", "coordinates": [[102.224, 26.297], [102.228, 26.268], [102.233, 26.239], [102.239, 26.206], [102.244, 26.182], [102.248, 26.161], [102.257, 26.14], [102.267, 26.124], [102.275, 26.109], [102.281, 26.091], [102.288, 26.078], [102.297, 26.055], [102.301, 26.038], [102.303, 26.021], [102.305, 26.001], [102.304, 25.976], [102.301, 25.959], [102.293, 25.935], [102.291, 25.924], [102.288, 25.907], [102.286, 25.897], [102.286, 25.882], [102.29, 25.86], [102.291, 25.838], [102.29, 25.823], [102.286, 25.812], [102.285, 25.802], [102.283, 25.788], [102.283, 25.767], [102.286, 25.753], [102.291, 25.737], [102.288, 25.714], [102.284, 25.694], [102.28, 25.67], [102.283, 25.655], [102.289, 25.641], [102.295, 25.624], [102.3, 25.606], [102.305, 25.587], [102.312, 25.56], [102.317, 25.54], [102.319, 25.522], [102.32, 25.506], [102.322, 25.486], [102.321, 25.461], [102.32, 25.425], [102.311, 25.259], [102.301, 25.19], [102.281, 25.058], [102.268, 24.996], [102.25, 24.923], [102.246, 24.882], [102.241, 24.847], [102.232, 24.809], [102.212, 24.735]]}}, {"type": "Feature", "properties": {}, "geometry": {"type": "LineString", "coordinates": [[102.188, 26.449], [102.201, 26.56], [102.213, 26.659], [102.25, 26.759], [102.273, 26.819], [102.283, 26.841]]}}, {"type": "Feature", "properties": {}, "geometry": {"type": "LineString", "coordinates": [[103.394, 23.56], [103.408, 23.546], [103.417, 23.523], [103.424, 23.506], [103.423, 23.494], [103.418, 23.483], [103.411, 23.469], [103.409, 23.457], [103.417, 23.444], [103.425, 23.428], [103.428, 23.415], [103.439, 23.398], [103.446, 23.383], [103.448, 23.362], [103.442, 23.344], [103.445, 23.324], [103.448, 23.3], [103.453, 23.284], [103.466, 23.267], [103.476, 23.251], [103.481, 23.244]]}}, {"type": "Feature", "properties": {}, "geometry": {"type": "LineString", "coordinates": [[102.922, 23.654], [102.964, 23.637], [103.026, 23.624], [103.127, 23.605], [103.198, 23.588], [103.229, 23.579], [103.297, 23.557], [103.329, 23.546]]}}, {"type": "Feature", "properties": {}, "geometry": {"type": "LineString", "coordinates": [[102.483, 23.819], [102.535, 23.803], [102.581, 23.789], [102.618, 23.778], [102.658, 23.765], [102.691, 23.753], [102.714, 23.743], [102.73, 23.738]]}}, {"type": "Feature", "properties": {}, "geometry": {"type": "LineString", "coordinates": [[103.526, 24.374], [103.507, 24.333], [103.483, 24.283], [103.444, 24.216], [103.423, 24.173], [103.394, 24.12], [103.37, 24.063], [103.333, 23.983], [103.315, 23.944], [103.31, 23.919], [103.296, 23.897], [103.288, 23.875], [103.267, 23.807], [103.257, 23.774], [103.242, 23.735], [103.238, 23.71], [103.244, 23.675], [103.25, 23.652], [103.253, 23.642]]}}, {"type": "Feature", "properties": {}, "geometry": {"type": "LineString", "coordinates": [[103.792, 24.976], [103.817, 25.006], [103.834, 25.043], [103.914, 25.137], [103.956, 25.183], [103.993, 25.228], [104.026, 25.256], [104.066, 25.29], [104.097, 25.334], [104.131, 25.374], [104.165, 25.426], [104.236, 25.518], [104.258, 25.609]]}}, {"type": "Feature", "properties": {}, "geometry": {"type": "LineString", "coordinates": [[103.252, 24.209], [103.279, 24.245], [103.306, 24.262], [103.558, 24.626], [103.609, 24.67], [103.686, 24.782], [103.701, 24.82], [103.736, 24.872], [103.741, 24.89], [103.743, 24.906], [103.749, 24.918], [103.764, 24.953]]}}, {"type": "Feature", "properties": {}, "geometry": {"type": "LineString", "coordinates": [[103.813, 25.176], [103.807, 25.152], [103.799, 25.137], [103.799, 25.122], [103.799, 25.103], [103.799, 25.088], [103.794, 25.078], [103.791, 25.07], [103.79, 25.06], [103.79, 25.046], [103.79, 25.033], [103.786, 25.018], [103.784, 24.994], [103.781, 24.968], [103.778, 24.953], [103.776, 24.94], [103.772, 24.93], [103.766, 24.921], [103.76, 24.911], [103.754, 24.902]]}}, {"type": "Feature", "properties": {}, "geometry": {"type": "LineString", "coordinates": [[102.628, 24.17], [102.642, 24.142], [102.651, 24.124], [102.661, 24.113], [102.684, 24.107], [102.713, 24.112], [102.74, 24.116], [102.774, 24.117], [102.803, 24.112], [102.835, 24.104], [102.878, 24.093], [102.925, 24.081], [102.939, 24.078]]}}, {"type": "Feature", "properties": {}, "geometry": {"type": "LineString", "coordinates": [[103.528, 22.443], [103.553, 22.435], [103.575, 22.427], [103.6, 22.415], [103.632, 22.406], [103.653, 22.398], [103.672, 22.395], [103.691, 22.391], [103.713, 22.384], [103.73, 22.377], [103.751, 22.369], [103.794, 22.355], [103.806, 22.346], [103.825, 22.333], [103.863, 22.312], [103.9, 22.296], [103.939, 22.277], [103.968, 22.262], [104.002, 22.24], [104.035, 22.216], [104.054, 22.197], [104.069, 22.184]]}}, {"type": "Feature", "properties": {}, "geometry": {"type": "LineString", "coordinates": [[103.645, 22.367], [103.721, 22.344], [103.767, 22.327], [103.805, 22.308], [103.834, 22.281], [103.857, 22.253], [103.871, 22.233], [103.886, 22.216], [103.896, 22.207]]}}, {"type": "Feature", "properties": {}, "geometry": {"type": "LineString", "coordinates": [[103.252, 23.591], [103.309, 23.606], [103.371, 23.612], [103.431, 23.608], [103.513, 23.567], [103.589, 23.534], [103.648, 23.503], [103.69, 23.486]]}}, {"type": "Feature", "properties": {}, "geometry": {"type": "LineString", "coordinates": [[103.455, 23.394], [103.509, 23.37], [103.567, 23.344], [103.625, 23.32], [103.673, 23.295], [103.715, 23.282], [103.757, 23.275], [103.8, 23.265], [103.834, 23.245], [103.855, 23.226]]}}, {"type": "Feature", "properties": {}, "geometry": {"type": "LineString", "coordinates": [[104.46, 23.01], [104.509, 23.018], [104.556, 23.027], [104.583, 23.03], [104.619, 23.028], [104.659, 23.016], [104.792, 22.961], [104.889, 22.903], [105.003, 22.849], [105.13, 22.798], [105.207, 22.767], [105.273, 22.749], [105.334, 22.734], [105.368, 22.729]]}}, {"type": "Feature", "properties": {}, "geometry": {"type": "LineString", "coordinates": [[102.245, 22.902], [102.286, 22.895], [102.32, 22.892], [102.353, 22.882], [102.389, 22.869], [102.428, 22.856], [102.471, 22.843], [102.511, 22.837], [102.535, 22.833], [102.563, 22.826], [102.593, 22.818], [102.632, 22.805], [102.668, 22.792], [102.713, 22.773], [102.758, 22.756], [102.836, 22.738], [102.867, 22.734], [102.897, 22.724], [102.935, 22.715], [102.961, 22.711], [102.99, 22.711], [103.01, 22.711], [103.031, 22.71], [103.05, 22.703], [103.07, 22.692], [103.082, 22.676], [103.096, 22.659], [103.103, 22.638]]}}, {"type": "Feature", "properties": {}, "geometry": {"type": "LineString", "coordinates": [[102.318, 23.151], [102.347, 23.144], [102.372, 23.137], [102.406, 23.124], [102.441, 23.105], [102.482, 23.082], [102.518, 23.058], [102.552, 23.039], [102.589, 23.022], [102.615, 23.01], [102.646, 22.996], [102.663, 22.989]]}}, {"type": "Feature", "properties": {}, "geometry": {"type": "LineString", "coordinates": [[102.324, 23.228], [102.385, 23.211], [102.431, 23.193], [102.481, 23.174], [102.523, 23.159], [102.55, 23.143], [102.572, 23.13], [102.716, 23.052]]}}, {"type": "Feature", "properties": {}, "geometry": {"type": "LineString", "coordinates": [[101.736, 23.371], [101.774, 23.373], [101.813, 23.375], [101.847, 23.369], [101.874, 23.356], [101.902, 23.334], [101.928, 23.316], [101.94, 23.31], [101.961, 23.307], [101.98, 23.304], [102.003, 23.301], [102.028, 23.297], [102.055, 23.29], [102.084, 23.282], [102.094, 23.279]]}}, {"type": "Feature", "properties": {}, "geometry": {"type": "LineString", "coordinates": [[101.026, 24.132], [101.012, 24.097], [101.0, 24.064], [100.991, 24.035], [100.978, 24.003], [100.966, 23.973], [100.952, 23.939], [100.935, 23.901], [100.927, 23.867], [100.922, 23.832], [100.924, 23.804]]}}, {"type": "Feature", "properties": {}, "geometry": {"type": "LineString", "coordinates": [[100.795, 24.2], [100.816, 24.184], [100.831, 24.172], [100.839, 24.154], [100.847, 24.135], [100.855, 24.114], [100.859, 24.092], [100.857, 24.073], [100.854, 24.047], [100.853, 24.03], [100.853, 24.019], [100.851, 24.006], [100.84, 23.978], [100.833, 23.959], [100.828, 23.931], [100.824, 23.905], [100.819, 23.886], [100.804, 23.853], [100.798, 23.84]]}}, {"type": "Feature", "properties": {}, "geometry": {"type": "LineString", "coordinates": [[101.094, 23.745], [101.091, 23.718], [101.089, 23.7], [101.087, 23.683], [101.082, 23.664], [101.079, 23.648], [101.079, 23.63], [101.079, 23.611], [101.084, 23.6], [101.094, 23.581], [101.101, 23.567], [101.108, 23.554], [101.122, 23.54], [101.137, 23.529], [101.142, 23.526]]}}, {"type": "Feature", "properties": {}, "geometry": {"type": "LineString", "coordinates": [[101.863, 21.909], [101.86, 21.934], [101.859, 21.948], [101.864, 21.979], [101.871, 22.004], [101.886, 22.04], [101.898, 22.065], [101.919, 22.094], [101.936, 22.113], [101.955, 22.141], [101.969, 22.155], [101.986, 22.168], [102.01, 22.183], [102.027, 22.197], [102.042, 22.206], [102.056, 22.222], [102.068, 22.235]]}}, {"type": "Feature", "properties": {}, "geometry": {"type": "LineString", "coordinates": [[102.787, 21.928], [102.807, 21.885], [102.82, 21.852], [102.832, 21.82], [102.838, 21.787], [102.839, 21.758], [102.839, 21.722], [102.836, 21.699], [102.827, 21.657], [102.821, 21.621], [102.814, 21.593]]}}, {"type": "Feature", "properties": {}, "geometry": {"type": "LineString", "coordinates": [[102.704, 21.244], [102.719, 21.268], [102.738, 21.31], [102.753, 21.352], [102.765, 21.39], [102.774, 21.433], [102.789, 21.472], [102.797, 21.493]]}}, {"type": "Feature", "properties": {}, "geometry": {"type": "LineString", "coordinates": [[102.502, 21.604], [102.501, 21.59], [102.506, 21.573], [102.51, 21.556], [102.514, 21.54], [102.517, 21.526], [102.524, 21.513], [102.529, 21.5], [102.54, 21.49], [102.546, 21.474], [102.553, 21.452], [102.557, 21.436], [102.563, 21.428], [102.566, 21.419], [102.574, 21.406], [102.579, 21.392], [102.583, 21.385]]}}, {"type": "Feature", "properties": {}, "geometry": {"type": "LineString", "coordinates": [[102.022, 22.035], [102.008, 21.994], [101.996, 21.962], [101.988, 21.947], [101.975, 21.934], [101.962, 21.924], [101.95, 21.909], [101.937, 21.889], [101.923, 21.867], [101.909, 21.84], [101.903, 21.815], [101.903, 21.783], [101.901, 21.758], [101.896, 21.728], [101.893, 21.697], [101.889, 21.672]]}}, {"type": "Feature", "properties": {}, "geometry": {"type": "LineString", "coordinates": [[102.155, 22.736], [102.187, 22.722], [102.21, 22.706], [102.225, 22.697], [102.254, 22.682], [102.271, 22.673], [102.292, 22.667], [102.31, 22.663], [102.337, 22.657], [102.362, 22.651], [102.393, 22.641], [102.414, 22.632], [102.439, 22.62], [102.461, 22.607], [102.498, 22.58], [102.527, 22.554], [102.56, 22.523], [102.59, 22.497], [102.624, 22.465]]}}, {"type": "Feature", "properties": {}, "geometry": {"type": "LineString", "coordinates": [[105.116, 23.937], [105.186, 23.913], [105.251, 23.889], [105.309, 23.869], [105.377, 23.84], [105.421, 23.816], [105.468, 23.78], [105.506, 23.754], [105.538, 23.725], [105.568, 23.691], [105.61, 23.651], [105.651, 23.626], [105.672, 23.608], [105.693, 23.574], [105.7, 23.551], [105.722, 23.538], [105.74, 23.524], [105.751, 23.51], [105.759, 23.487], [105.766, 23.453], [105.781, 23.424]]}}, {"type": "Feature", "properties": {}, "geometry": {"type": "LineString", "coordinates": [[106.256, 22.688], [106.3, 22.614], [106.331, 22.546], [106.339, 22.494], [106.385, 22.392], [106.428, 22.296], [106.496, 22.208], [106.549, 22.16], [106.574, 22.118], [106.608, 22.06], [106.669, 21.977], [106.737, 21.898], [106.806, 21.835], [106.876, 21.78], [106.92, 21.742], [106.971, 21.691], [107.014, 21.634], [107.044, 21.599], [107.082, 21.564], [107.127, 21.521], [107.161, 21.481], [107.211, 21.432], [107.271, 21.39], [107.326, 21.364], [107.408, 21.329], [107.462, 21.317]]}}, {"type": "Feature", "properties": {}, "geometry": {"type": "LineString", "coordinates": [[105.687, 23.431], [105.729, 23.408], [105.775, 23.378], [105.815, 23.327], [105.844, 23.283], [105.874, 23.226], [105.899, 23.16], [105.917, 23.105], [105.947, 23.038], [105.986, 22.955], [106.01, 22.901], [106.04, 22.842], [106.08, 22.78], [106.122, 22.731], [106.162, 22.696], [106.199, 22.659], [106.217, 22.628], [106.237, 22.556], [106.285, 22.472]]}}, {"type": "Feature", "properties": {}, "geometry": {"type": "LineString", "coordinates": [[103.79, 24.557], [103.791, 24.535], [103.788, 24.521], [103.784, 24.509], [103.78, 24.495], [103.775, 24.483], [103.768, 24.468], [103.762, 24.458], [103.758, 24.45], [103.754, 24.431], [103.753, 24.419], [103.75, 24.407], [103.748, 24.395], [103.747, 24.386], [103.736, 24.368], [103.719, 24.355], [103.714, 24.343], [103.706, 24.336], [103.697, 24.335], [103.685, 24.334], [103.677, 24.333], [103.661, 24.327], [103.649, 24.318], [103.635, 24.309], [103.619, 24.3], [103.611, 24.291], [103.598, 24.282], [103.593, 24.275]]}}, {"type": "Feature", "properties": {}, "geometry": {"type": "LineString", "coordinates": [[104.072, 22.511], [104.123, 22.472], [104.198, 22.414], [104.277, 22.356], [104.355, 22.301], [104.417, 22.26], [104.512, 22.217], [104.592, 22.174], [104.666, 22.116], [104.72, 22.057], [104.801, 21.97], [104.877, 21.887], [104.939, 21.821], [105.01, 21.739], [105.064, 21.681]]}}, {"type": "Feature", "properties": {}, "geometry": {"type": "LineString", "coordinates": [[105.663, 22.894], [105.693, 22.81], [105.703, 22.771], [105.701, 22.728], [105.716, 22.687], [105.732, 22.635], [105.79, 22.55], [105.833, 22.47], [105.881, 22.404], [105.904, 22.344], [105.917, 22.271], [105.931, 22.224], [105.927, 22.179], [105.907, 22.129], [105.889, 22.085], [105.861, 22.034], [105.84, 21.979], [105.804, 21.923], [105.784, 21.885]]}}, {"type": "Feature", "properties": {}, "geometry": {"type": "LineString", "coordinates": [[105.842, 23.356], [105.92, 23.329], [105.979, 23.3], [106.027, 23.269], [106.078, 23.218], [106.112, 23.184], [106.172, 23.139], [106.248, 23.089], [106.309, 23.052], [106.353, 23.014], [106.388, 22.974], [106.429, 22.941], [106.485, 22.911], [106.543, 22.875], [106.611, 22.834]]}}, {"type": "Feature", "properties": {}, "geometry": {"type": "LineString", "coordinates": [[103.997, 21.661], [104.03, 21.653], [104.072, 21.64], [104.103, 21.631], [104.131, 21.62], [104.161, 21.604], [104.181, 21.596], [104.201, 21.593], [104.219, 21.59], [104.235, 21.586], [104.261, 21.574], [104.279, 21.564], [104.292, 21.556], [104.301, 21.549], [104.312, 21.538], [104.331, 21.528], [104.378, 21.518], [104.43, 21.515], [104.456, 21.516], [104.503, 21.532], [104.562, 21.561]]}}, {"type": "Feature", "properties": {}, "geometry": {"type": "LineString", "coordinates": [[103.253, 21.935], [103.266, 21.9], [103.283, 21.85], [103.304, 21.802], [103.329, 21.753], [103.349, 21.716], [103.36, 21.693], [103.364, 21.665], [103.362, 21.637], [103.359, 21.613], [103.364, 21.588], [103.367, 21.571], [103.374, 21.554]]}}, {"type": "Feature", "properties": {}, "geometry": {"type": "LineString", "coordinates": [[103.907, 20.798], [103.943, 20.784], [103.97, 20.781], [104.011, 20.774], [104.049, 20.764], [104.096, 20.753], [104.151, 20.736], [104.212, 20.72], [104.261, 20.708], [104.31, 20.692]]}}, {"type": "Feature", "properties": {}, "geometry": {"type": "LineString", "coordinates": [[103.644, 20.878], [103.682, 20.865], [103.727, 20.848], [103.774, 20.83], [103.817, 20.814], [103.844, 20.802], [103.871, 20.795], [103.891, 20.791], [103.903, 20.793]]}}, {"type": "Feature", "properties": {}, "geometry": {"type": "LineString", "coordinates": [[103.03, 21.265], [103.034, 21.242], [103.043, 21.209], [103.055, 21.169], [103.07, 21.124], [103.09, 21.083], [103.106, 21.046], [103.125, 21.012], [103.157, 20.981], [103.198, 20.961], [103.235, 20.944], [103.263, 20.939], [103.28, 20.931], [103.296, 20.925], [103.312, 20.918], [103.325, 20.918]]}}, {"type": "Feature", "properties": {}, "geometry": {"type": "LineString", "coordinates": [[104.404, 20.498], [104.469, 20.489], [104.551, 20.472], [104.632, 20.459], [104.709, 20.444], [104.745, 20.452], [104.784, 20.446], [104.821, 20.434], [104.837, 20.431]]}}, {"type": "Feature", "properties": {}, "geometry": {"type": "LineString", "coordinates": [[103.923, 20.621], [103.97, 20.603], [104.006, 20.587], [104.079, 20.563], [104.142, 20.541], [104.347, 20.44], [104.403, 20.413], [104.475, 20.396], [104.552, 20.395], [104.623, 20.397], [104.696, 20.404], [104.748, 20.417], [104.794, 20.427], [104.837, 20.431]]}}, {"type": "Feature", "properties": {}, "geometry": {"type": "LineString", "coordinates": [[103.538, 21.005], [103.598, 20.979], [103.659, 20.956], [103.703, 20.937], [103.748, 20.917], [103.785, 20.894], [103.823, 20.869], [103.857, 20.846], [103.891, 20.819], [103.907, 20.798]]}}, {"type": "Feature", "properties": {}, "geometry": {"type": "LineString", "coordinates": [[103.225, 19.848], [103.277, 19.821], [103.345, 19.794], [103.409, 19.763], [103.467, 19.723], [103.505, 19.697], [103.542, 19.682], [103.604, 19.667], [103.643, 19.656], [103.679, 19.643], [103.708, 19.633]]}}, {"type": "Feature", "properties": {}, "geometry": {"type": "LineString", "coordinates": [[100.751, 24.868], [100.784, 24.818], [100.814, 24.745], [100.843, 24.699], [100.874, 24.657], [100.909, 24.582], [100.93, 24.53], [100.944, 24.461], [100.957, 24.416]]}}, {"type": "Feature", "properties": {}, "geometry": {"type": "LineString", "coordinates": [[100.535, 26.319], [100.549, 26.355], [100.55, 26.371], [100.55, 26.398], [100.561, 26.439], [100.57, 26.469], [100.569, 26.486], [100.578, 26.501], [100.584, 26.542], [100.59, 26.567], [100.595, 26.599], [100.603, 26.637], [100.615, 26.675], [100.625, 26.709], [100.639, 26.739]]}}, {"type": "Feature", "properties": {}, "geometry": {"type": "LineString", "coordinates": [[103.017, 24.06], [103.042, 24.089], [103.064, 24.115], [103.083, 24.144], [103.089, 24.178], [103.096, 24.212], [103.097, 24.24], [103.103, 24.265], [103.106, 24.287], [103.115, 24.363], [103.109, 24.376], [103.112, 24.402], [103.117, 24.44], [103.127, 24.47]]}}, {"type": "Feature", "properties": {}, "geometry": {"type": "LineString", "coordinates": [[104.038, 21.02], [104.013, 21.035], [103.98, 21.053], [103.948, 21.07], [103.928, 21.08], [103.91, 21.091], [103.893, 21.105], [103.871, 21.118], [103.848, 21.132], [103.829, 21.146], [103.801, 21.16], [103.766, 21.176], [103.739, 21.181], [103.708, 21.193], [103.66, 21.205], [103.638, 21.22], [103.625, 21.237], [103.615, 21.251], [103.606, 21.266], [103.596, 21.282]]}}, {"type": "Feature", "properties": {}, "geometry": {"type": "LineString", "coordinates": [[104.129, 20.338], [104.151, 20.319], [104.179, 20.303], [104.215, 20.29], [104.254, 20.279], [104.29, 20.271], [104.319, 20.264], [104.343, 20.261], [104.367, 20.262], [104.389, 20.261], [104.401, 20.26]]}}, {"type": "Feature", "properties": {}, "geometry": {"type": "LineString", "coordinates": [[104.336, 20.286], [104.367, 20.278], [104.423, 20.258], [104.475, 20.243], [104.514, 20.231], [104.539, 20.221], [104.553, 20.216]]}}, {"type": "Feature", "properties": {}, "geometry": {"type": "LineString", "coordinates": [[104.551, 20.193], [104.58, 20.188], [104.61, 20.18], [104.636, 20.171], [104.659, 20.173], [104.686, 20.172], [104.708, 20.172], [104.734, 20.166], [104.767, 20.154], [104.804, 20.139], [104.837, 20.126], [104.858, 20.116]]}}, {"type": "Feature", "properties": {}, "geometry": {"type": "LineString", "coordinates": [[103.813, 19.286], [103.836, 19.297], [103.855, 19.302], [103.878, 19.304], [103.897, 19.307], [103.924, 19.305], [103.946, 19.302], [103.975, 19.297], [104.009, 19.291], [104.035, 19.282], [104.055, 19.276], [104.072, 19.272], [104.093, 19.267], [104.117, 19.261], [104.13, 19.261], [104.139, 19.259], [104.152, 19.259], [104.16, 19.262]]}}, {"type": "Feature", "properties": {}, "geometry": {"type": "LineString", "coordinates": [[103.468, 19.34], [103.504, 19.342], [103.546, 19.345], [103.595, 19.341], [103.64, 19.335], [103.677, 19.33], [103.721, 19.323], [103.744, 19.319], [103.762, 19.319], [103.784, 19.318], [103.797, 19.317]]}}, {"type": "Feature", "properties": {}, "geometry": {"type": "LineString", "coordinates": [[104.389, 19.259], [104.447, 19.238], [104.516, 19.21], [104.546, 19.198], [104.581, 19.184], [104.614, 19.172], [104.641, 19.162], [104.669, 19.154], [104.691, 19.148]]}}, {"type": "Feature", "properties": {}, "geometry": {"type": "LineString", "coordinates": [[104.13, 23.206], [104.11, 23.175], [104.093, 23.142], [104.073, 23.105], [104.062, 23.08], [104.056, 23.052], [104.055, 23.02], [104.044, 22.971], [104.038, 22.931], [104.028, 22.879], [104.025, 22.847], [104.019, 22.822], [104.01, 22.778], [104.004, 22.743], [104.001, 22.708], [103.999, 22.681], [104.0, 22.653], [104.002, 22.624], [104.009, 22.599], [104.009, 22.58]]}}, {"type": "Feature", "properties": {}, "geometry": {"type": "LineString", "coordinates": [[104.175, 20.366], [104.198, 20.366], [104.23, 20.363], [104.271, 20.355], [104.298, 20.35], [104.325, 20.343], [104.358, 20.337], [104.389, 20.33], [104.423, 20.323], [104.447, 20.318], [104.474, 20.316], [104.506, 20.313], [104.532, 20.31], [104.559, 20.306], [104.597, 20.304], [104.634, 20.304], [104.665, 20.306], [104.69, 20.308], [104.716, 20.308], [104.746, 20.308], [104.768, 20.307], [104.793, 20.307], [104.827, 20.31], [104.855, 20.312], [104.881, 20.309], [104.909, 20.302], [104.942, 20.291], [104.973, 20.279], [105.002, 20.268]]}}, {"type": "Feature", "properties": {}, "geometry": {"type": "LineString", "coordinates": [[105.174, 22.767], [105.255, 22.682], [105.302, 22.642], [105.346, 22.603], [105.389, 22.57], [105.422, 22.548], [105.448, 22.524], [105.498, 22.485], [105.528, 22.466], [105.554, 22.448]]}}, {"type": "Feature", "properties": {}, "geometry": {"type": "LineString", "coordinates": [[104.251, 22.552], [104.314, 22.659], [104.353, 22.717], [104.387, 22.767], [104.425, 22.814], [104.464, 22.866], [104.49, 22.905], [104.51, 22.948]]}}, {"type": "Feature", "properties": {}, "geometry": {"type": "LineString", "coordinates": [[104.41, 23.096], [104.378, 23.04], [104.344, 22.968], [104.312, 22.902], [104.284, 22.852], [104.266, 22.807], [104.239, 22.752], [104.226, 22.717], [104.213, 22.683], [104.195, 22.603], [104.185, 22.541], [104.183, 22.512], [104.185, 22.467]]}}, {"type": "Feature", "properties": {}, "geometry": {"type": "LineString", "coordinates": [[104.871, 24.529], [105.036, 24.489], [105.113, 24.468], [105.187, 24.439], [105.256, 24.411], [105.352, 24.375], [105.397, 24.36], [105.445, 24.353], [105.492, 24.345], [105.541, 24.338], [105.599, 24.32], [105.671, 24.294], [105.74, 24.271], [105.812, 24.243], [105.841, 24.232]]}}, {"type": "Feature", "properties": {}, "geometry": {"type": "LineString", "coordinates": [[104.721, 24.506], [104.851, 24.488], [104.964, 24.464], [105.076, 24.426], [105.226, 24.354], [105.328, 24.318], [105.398, 24.293], [105.482, 24.252], [105.567, 24.223], [105.662, 24.185], [105.705, 24.168], [105.721, 24.166]]}}, {"type": "Feature", "properties": {}, "geometry": {"type": "LineString", "coordinates": [[104.579, 24.717], [104.669, 24.724], [104.762, 24.738], [104.917, 24.756], [105.002, 24.767], [105.078, 24.775], [105.146, 24.778], [105.21, 24.785], [105.255, 24.786], [105.312, 24.779], [105.396, 24.769], [105.58, 24.736], [105.709, 24.698], [105.845, 24.635], [105.908, 24.588], [105.987, 24.503], [106.07, 24.433], [106.112, 24.402], [106.165, 24.353], [106.224, 24.297], [106.308, 24.216], [106.373, 24.161], [106.499, 24.073], [106.577, 24.046], [106.65, 24.023], [106.719, 23.997], [106.749, 23.987], [106.775, 23.965], [106.812, 23.945], [106.851, 23.93]]}}, {"type": "Feature", "properties": {}, "geometry": {"type": "LineString", "coordinates": [[107.096, 23.717], [107.138, 23.692], [107.178, 23.662], [107.213, 23.63], [107.248, 23.596], [107.274, 23.573], [107.31, 23.542], [107.339, 23.511], [107.359, 23.489], [107.378, 23.47], [107.408, 23.445], [107.432, 23.422], [107.456, 23.403], [107.487, 23.375], [107.533, 23.325], [107.577, 23.286], [107.606, 23.257], [107.643, 23.224], [107.693, 23.191], [107.693, 23.19]]}}, {"type": "Feature", "properties": {}, "geometry": {"type": "LineString", "coordinates": [[104.502, 20.755], [104.53, 20.747], [104.548, 20.738], [104.574, 20.733], [104.598, 20.729], [104.622, 20.726], [104.646, 20.722], [104.698, 20.714], [104.735, 20.713], [104.766, 20.71], [104.795, 20.708], [104.812, 20.71], [104.829, 20.71], [104.849, 20.71], [104.877, 20.707], [104.894, 20.704], [104.908, 20.696], [104.939, 20.671], [104.959, 20.652]]}}, {"type": "Feature", "properties": {}, "geometry": {"type": "LineString", "coordinates": [[104.726, 18.697], [104.772, 18.678], [104.814, 18.661], [104.847, 18.637], [104.899, 18.61], [104.954, 18.589], [105.008, 18.572], [105.047, 18.562]]}}, {"type": "Feature", "properties": {}, "geometry": {"type": "LineString", "coordinates": [[103.863, 22.106], [103.888, 22.101], [103.927, 22.087], [103.964, 22.073], [104.005, 22.058], [104.028, 22.048], [104.041, 22.026], [104.055, 22.007], [104.067, 21.99], [104.083, 21.977], [104.12, 21.96], [104.159, 21.945], [104.189, 21.933], [104.2, 21.925], [104.223, 21.917], [104.248, 21.914], [104.274, 21.92], [104.301, 21.924]]}}, {"type": "Feature", "properties": {}, "geometry": {"type": "LineString", "coordinates": [[105.2, 20.45], [105.204, 20.409], [105.206, 20.344], [105.206, 20.297], [105.212, 20.245], [105.223, 20.2], [105.226, 20.129], [105.226, 20.078], [105.24, 19.983], [105.242, 19.841]]}}, {"type": "Feature", "properties": {}, "geometry": {"type": "LineString", "coordinates": [[104.946, 18.634], [104.982, 18.616], [105.003, 18.607], [105.056, 18.597], [105.092, 18.589], [105.124, 18.58], [105.158, 18.577], [105.191, 18.574], [105.226, 18.572], [105.257, 18.572]]}}, {"type": "Feature", "properties": {}, "geometry": {"type": "LineString", "coordinates": [[121.059, 18.338], [121.071, 18.313], [121.079, 18.293], [121.093, 18.261], [121.108, 18.232], [121.121, 18.195], [121.152, 18.131], [121.18, 18.075], [121.19, 18.039], [121.205, 18.009], [121.224, 17.972], [121.221, 17.947], [121.235, 17.893], [121.239, 17.883], [121.24, 17.875], [121.254, 17.831], [121.296, 17.787], [121.322, 17.757], [121.33, 17.749], [121.326, 17.593]]}}, {"type": "Feature", "properties": {}, "geometry": {"type": "LineString", "coordinates": [[120.567, 17.918], [120.607, 17.977], [120.626, 18.009], [120.645, 18.056], [120.669, 18.122]]}}, {"type": "Feature", "properties": {}, "geometry": {"type": "LineString", "coordinates": [[119.167, 15.224], [119.201, 15.601], [119.167, 15.909], [119.132, 16.148], [119.132, 16.491], [119.097, 16.73], [119.097, 16.936], [119.062, 17.175], [119.062, 17.381], [119.062, 17.552], [119.062, 17.792], [119.132, 18.032]]}}, {"type": "Feature", "properties": {}, "geometry": {"type": "LineString", "coordinates": [[119.132, 18.032], [119.236, 18.272], [119.306, 18.512], [119.444, 18.685], [119.583, 18.925], [119.722, 19.132], [119.861, 19.338], [120.035, 19.579], [120.174, 19.854], [120.278, 20.094], [120.243, 20.334], [120.243, 20.608], [120.139, 20.813], [120.069, 20.949], [119.931, 21.222], [119.792, 21.461], [119.653, 21.665], [119.549, 21.87], [119.514, 22.041], [119.514, 22.281], [119.653, 22.522], [119.861, 22.797]]}}, {"type": "Feature", "properties": {"name": "Fuyun Fault (south segment)"}, "geometry": {"type": "LineString", "coordinates": [[90.1606, 46.4001], [90.1607, 46.3991], [90.161, 46.3981], [90.1614, 46.3967], [90.1617, 46.3962], [90.1613, 46.3947], [90.1607, 46.3927], [90.1603, 46.391], [90.16, 46.3883], [90.1598, 46.3863], [90.1592, 46.3845], [90.1585, 46.3822], [90.1581, 46.3777], [90.1576, 46.3749], [90.1572, 46.3728], [90.157, 46.3688], [90.1567, 46.3634], [90.1564, 46.3596], [90.1545, 46.3521], [90.1537, 46.3477], [90.1532, 46.3449], [90.1523, 46.3411], [90.1522, 46.3378], [90.1527, 46.3363], [90.1533, 46.3348], [90.1526, 46.3337], [90.1523, 46.3322], [90.1525, 46.3307], [90.1517, 46.3292], [90.1508, 46.3269], [90.1503, 46.3259], [90.1487, 46.3238], [90.1486, 46.3221], [90.1488, 46.3185], [90.1489, 46.3148], [90.1487, 46.3085], [90.1491, 46.3015], [90.1489, 46.2968], [90.1532, 46.2849], [90.1551, 46.2792], [90.1556, 46.2779], [90.1571, 46.2748], [90.159, 46.2718], [90.1617, 46.2668], [90.1642, 46.2603], [90.1801, 46.2441], [90.1854, 46.2377], [90.1923, 46.227], [90.1972, 46.2204], [90.2039, 46.2123], [90.2153, 46.1958], [90.2626, 46.1246], [90.2658, 46.1206], [90.2678, 46.1181], [90.2713, 46.1137], [90.2723, 46.1109], [90.2741, 46.1077], [90.2754, 46.1061], [90.2772, 46.1038], [90.2782, 46.1021], [90.2827, 46.097], [90.284, 46.0951], [90.2855, 46.0929], [90.2861, 46.0921], [90.2867, 46.0912], [90.2879, 46.0891], [90.2887, 46.0877], [90.2902, 46.0848], [90.2911, 46.0832], [90.2931, 46.0806], [90.2936, 46.0778], [90.2936, 46.0757], [90.2941, 46.0726], [90.2939, 46.0715], [90.2941, 46.0698], [90.2947, 46.0679], [90.296, 46.0664], [90.2972, 46.0624], [90.2982, 46.0592], [90.2982, 46.0581], [90.2988, 46.0546], [90.2994, 46.053], [90.3017, 46.052], [90.3025, 46.0489], [90.3027, 46.0469], [90.3032, 46.0436], [90.3036, 46.0393], [90.3026, 46.0375], [90.3033, 46.0345], [90.3034, 46.0314], [90.3057, 46.0267]]}}, {"type": "Feature", "properties": {"name": "Har-Us-Nuur Fault"}, "geometry": {"type": "LineString", "coordinates": [[93.3692, 46.9823], [93.3854, 46.9738], [93.4048, 46.9595], [93.4252, 46.9461], [93.447, 46.9299], [93.4637, 46.9211], [93.4777, 46.9109], [93.4899, 46.9013], [93.5054, 46.88], [93.5229, 46.8727], [93.5424, 46.8589], [93.5606, 46.8435], [93.5688, 46.827], [93.5723, 46.8223], [93.5844, 46.8214], [93.5996, 46.8188], [93.6139, 46.8148], [93.627, 46.8093], [93.6377, 46.8073], [93.65, 46.8075], [93.6612, 46.8058], [93.6761, 46.8002], [93.6872, 46.7935], [93.6991, 46.7888], [93.7168, 46.7792], [93.7362, 46.758]]}}, {"type": "Feature", "properties": {"name": "Erzin Fault"}, "geometry": {"type": "LineString", "coordinates": [[93.305, 49.7449], [93.307, 49.7458], [93.3102, 49.7474], [93.3117, 49.7484], [93.314, 49.7491], [93.3163, 49.7498], [93.3191, 49.7506], [93.3224, 49.7518], [93.3263, 49.7525], [93.3289, 49.7539], [93.332, 49.7549], [93.3336, 49.7553], [93.3355, 49.7554], [93.337, 49.7556], [93.3391, 49.7563], [93.3398, 49.7566], [93.3417, 49.7566], [93.3429, 49.7567], [93.3453, 49.7564], [93.3482, 49.7563], [93.3517, 49.7565], [93.3536, 49.7573], [93.356, 49.7588], [93.3581, 49.7596], [93.3602, 49.7606], [93.362, 49.7615], [93.3637, 49.7628], [93.3673, 49.7639], [93.3699, 49.7659], [93.3706, 49.7675], [93.3729, 49.7685], [93.3758, 49.7701], [93.3784, 49.7713], [93.3813, 49.7728], [93.3856, 49.775], [93.3881, 49.7762], [93.3899, 49.7768], [93.3934, 49.7778], [93.3956, 49.7792], [93.3998, 49.7804], [93.405, 49.7818], [93.4068, 49.7824], [93.41, 49.7844], [93.4119, 49.7854], [93.4146, 49.7864], [93.4162, 49.788], [93.4192, 49.7894], [93.4224, 49.79], [93.4256, 49.7904], [93.4286, 49.7907], [93.4316, 49.7908], [93.4344, 49.7913], [93.4377, 49.792], [93.4402, 49.7926], [93.4434, 49.7936], [93.4452, 49.7941], [93.4497, 49.7957], [93.4525, 49.7971], [93.4545, 49.7981], [93.4579, 49.7989], [93.4654, 49.8012], [93.4743, 49.8042], [93.4804, 49.8075], [93.4877, 49.8108], [93.4918, 49.8127], [93.4975, 49.8156], [93.5031, 49.8175], [93.5092, 49.8191], [93.5184, 49.8227], [93.5247, 49.8251], [93.5329, 49.829], [93.537, 49.8331], [93.5527, 49.8402], [93.561, 49.8428], [93.5618, 49.843]]}}, {"type": "Feature", "properties": {}, "geometry": {"type": "LineString", "coordinates": [[92.8749, 49.6966], [92.8841, 49.6993], [92.8902, 49.7019], [92.8998, 49.7047], [92.9154, 49.7112], [92.9275, 49.714], [92.9378, 49.715], [92.9562, 49.717], [92.9734, 49.7235], [92.9967, 49.7329], [93.0136, 49.7399], [93.0296, 49.7454], [93.0469, 49.7503], [93.0668, 49.7545], [93.0799, 49.7574], [93.1002, 49.7643], [93.1161, 49.7669], [93.1307, 49.7709], [93.1446, 49.775], [93.1532, 49.7778]]}}, {"type": "Feature", "properties": {}, "geometry": {"type": "LineString", "coordinates": [[93.0172, 49.6501], [93.024, 49.6517], [93.0309, 49.6529], [93.0411, 49.6552], [93.0482, 49.6572], [93.0602, 49.6615], [93.0664, 49.6617], [93.0749, 49.6621], [93.0841, 49.6664], [93.0968, 49.6733], [93.1116, 49.6781], [93.1162, 49.6813], [93.1232, 49.6841], [93.1315, 49.6874], [93.1467, 49.6912], [93.1554, 49.6929], [93.159, 49.6946], [93.1665, 49.6958], [93.1817, 49.6988], [93.1877, 49.6992], [93.1997, 49.6978], [93.2089, 49.697], [93.2204, 49.6991], [93.2275, 49.7007], [93.2384, 49.7026], [93.2481, 49.7029], [93.256, 49.702], [93.2676, 49.7027], [93.2823, 49.7045], [93.2917, 49.7053], [93.3029, 49.7066], [93.3197, 49.7092], [93.3278, 49.7121], [93.3396, 49.7142], [93.3442, 49.7159], [93.3548, 49.7168], [93.3563, 49.7184], [93.3573, 49.7187]]}}, {"type": "Feature", "properties": {"name": "Bulnay Fault"}, "geometry": {"type": "LineString", "coordinates": [[93.8467, 49.4512], [93.8531, 49.4499], [93.8605, 49.4472], [93.8657, 49.4455], [93.8707, 49.444], [93.8781, 49.4413], [93.8845, 49.4392], [93.8902, 49.4377], [93.8939, 49.4364], [93.8989, 49.4349], [93.9046, 49.4331], [93.9105, 49.4315], [93.9144, 49.4307], [93.9329, 49.4253], [93.9518, 49.4218], [93.9602, 49.4209], [93.9711, 49.4191], [93.9877, 49.4177], [93.9979, 49.4177], [94.0088, 49.4172], [94.0282, 49.4137], [94.0498, 49.4104], [94.0709, 49.4079], [94.0888, 49.4058], [94.1066, 49.4026], [94.1199, 49.4014], [94.1301, 49.4005], [94.1375, 49.4], [94.1449, 49.3997], [94.1515, 49.3995], [94.1705, 49.3986], [94.1825, 49.397], [94.1896, 49.3962], [94.2006, 49.397], [94.2057, 49.3969], [94.2321, 49.3985], [94.2449, 49.3985], [94.267, 49.3964], [94.2782, 49.3954], [94.2906, 49.3954], [94.3044, 49.3937], [94.3208, 49.3944], [94.3305, 49.3947], [94.3455, 49.3938], [94.3629, 49.3907], [94.3783, 49.3902], [94.3853, 49.3895], [94.3983, 49.389], [94.4155, 49.3887], [94.4406, 49.3869], [94.4501, 49.3848], [94.4619, 49.3847], [94.482, 49.3838], [94.5016, 49.3834], [94.5238, 49.3823], [94.5386, 49.3802], [94.5544, 49.3789], [94.5752, 49.3755], [94.5923, 49.3745], [94.6126, 49.3719], [94.6277, 49.37], [94.6443, 49.3667], [94.662, 49.3636], [94.6731, 49.362], [94.6944, 49.3597], [94.7373, 49.3552], [94.7582, 49.3529], [94.7889, 49.3484], [94.8046, 49.3465], [94.8421, 49.342], [94.8765, 49.3376], [94.909, 49.3357], [94.9505, 49.3347], [94.9607, 49.3324], [94.971, 49.331], [94.985, 49.3299], [94.9999, 49.3288], [95.0083, 49.3263], [95.0205, 49.3253], [95.0329, 49.324], [95.0489, 49.3243], [95.0569, 49.3232], [95.0646, 49.3214], [95.0747, 49.32], [95.0807, 49.3193], [95.0905, 49.3182], [95.1029, 49.3148], [95.1137, 49.3118], [95.1224, 49.3106], [95.1327, 49.3097], [95.1409, 49.3088], [95.1548, 49.3056], [95.1626, 49.304], [95.1691, 49.3023], [95.1793, 49.3015], [95.1895, 49.2998], [95.2028, 49.2986], [95.2108, 49.2987], [95.2204, 49.2977], [95.2304, 49.2972], [95.2387, 49.2965], [95.2454, 49.2958], [95.2583, 49.2956], [95.2716, 49.2955], [95.2816, 49.2963], [95.2951, 49.2941], [95.3031, 49.2938], [95.3122, 49.293], [95.3247, 49.2925], [95.3341, 49.2914], [95.3431, 49.2906], [95.3549, 49.2898], [95.3811, 49.2871], [95.4011, 49.2846], [95.4186, 49.2839], [95.4363, 49.2821], [95.4557, 49.2796], [95.4831, 49.2764], [95.503, 49.2769], [95.5327, 49.2738], [95.544, 49.2734], [95.5558, 49.2733], [95.5683, 49.2731], [95.5763, 49.2726], [95.58, 49.2729], [95.587, 49.2729], [95.5942, 49.2729], [95.6055, 49.273], [95.6133, 49.2728], [95.6197, 49.2726], [95.6257, 49.2725], [95.6306, 49.272], [95.6351, 49.272], [95.6538, 49.2715], [95.6665, 49.2718], [95.6728, 49.2715], [95.6795, 49.2714], [95.6865, 49.2712], [95.6932, 49.271], [95.6994, 49.271], [95.7058, 49.2711], [95.7101, 49.2711], [95.7177, 49.2706], [95.7249, 49.2707], [95.7307, 49.2709], [95.7476, 49.2709], [95.7609, 49.2704], [95.7696, 49.2703], [95.7764, 49.2707], [95.7859, 49.2705], [95.7978, 49.2702], [95.8032, 49.2705], [95.8195, 49.2699], [95.8332, 49.2698], [95.8489, 49.2693], [95.8596, 49.2694], [95.8689, 49.2696], [95.8814, 49.269], [95.8885, 49.2691], [95.901, 49.2687], [95.9074, 49.2685], [95.9153, 49.2681], [95.9209, 49.2686], [95.9243, 49.2693], [95.9316, 49.2692], [95.9416, 49.2688], [95.9521, 49.2679], [95.9592, 49.2675], [95.9691, 49.2671], [95.9758, 49.2664], [95.983, 49.2663], [95.987, 49.2662], [95.9969, 49.2655], [96.0041, 49.2653], [96.0105, 49.265], [96.0207, 49.264], [96.0258, 49.2639], [96.039, 49.2628], [96.046, 49.2618], [96.0532, 49.2615], [96.0605, 49.2613], [96.0664, 49.2611], [96.0824, 49.2618], [96.0914, 49.2606], [96.0986, 49.2601], [96.1075, 49.2595], [96.1148, 49.2591], [96.1243, 49.2586], [96.1378, 49.2588], [96.1524, 49.2578], [96.1608, 49.2583], [96.1662, 49.2579], [96.1777, 49.2573], [96.1829, 49.2566], [96.1904, 49.2569], [96.1999, 49.2561], [96.2077, 49.2552], [96.2173, 49.2549], [96.2255, 49.2542], [96.2324, 49.2537], [96.2403, 49.2531], [96.2475, 49.2523], [96.2549, 49.252], [96.2635, 49.2512], [96.2719, 49.2497], [96.2786, 49.2491], [96.2869, 49.248], [96.2937, 49.2476], [96.3032, 49.247], [96.3072, 49.2469], [96.3141, 49.2466], [96.3181, 49.2463], [96.3227, 49.2458], [96.33, 49.2455], [96.3373, 49.2449], [96.3404, 49.2449], [96.3443, 49.2445], [96.3491, 49.2443], [96.354, 49.2439], [96.3571, 49.2437], [96.362, 49.2435], [96.3669, 49.2433], [96.3697, 49.2431], [96.3724, 49.2426], [96.3763, 49.2425], [96.3809, 49.2424], [96.3864, 49.2421], [96.3888, 49.2418], [96.3913, 49.2418], [96.3954, 49.2415], [96.3984, 49.2417], [96.405, 49.2418], [96.4128, 49.2412], [96.4202, 49.2407], [96.4268, 49.2407], [96.4345, 49.2399], [96.4412, 49.2396], [96.4482, 49.2395], [96.4564, 49.2388], [96.4612, 49.2385], [96.4689, 49.2382], [96.4737, 49.2378], [96.4787, 49.2373], [96.4867, 49.2368], [96.4966, 49.2366], [96.5035, 49.2356], [96.5084, 49.2351], [96.5146, 49.2345], [96.525, 49.2338], [96.5338, 49.2341], [96.5419, 49.2343], [96.5513, 49.2337], [96.5576, 49.2331], [96.5643, 49.2326], [96.5717, 49.2326], [96.5776, 49.2326], [96.5829, 49.2323], [96.5888, 49.2323], [96.5963, 49.2318], [96.6033, 49.2314], [96.6101, 49.2315], [96.6166, 49.2313], [96.6227, 49.2312], [96.63, 49.2304], [96.6368, 49.2306], [96.6449, 49.2304], [96.6502, 49.23], [96.658, 49.2297], [96.663, 49.2293], [96.6699, 49.2301], [96.6768, 49.2306], [96.6835, 49.2305], [96.6885, 49.2298], [96.6943, 49.2297], [96.7005, 49.2294], [96.7088, 49.229], [96.7146, 49.229], [96.7211, 49.2284], [96.7296, 49.2284], [96.7384, 49.2282], [96.7445, 49.2281], [96.7507, 49.2274], [96.7615, 49.2267], [96.7671, 49.2266], [96.7732, 49.2262], [96.7779, 49.2257], [96.7831, 49.2261], [96.7912, 49.2256], [96.7973, 49.2254], [96.809, 49.2247], [96.8202, 49.2239], [96.8301, 49.2233], [96.8385, 49.2231], [96.848, 49.2225], [96.8593, 49.2229], [96.8688, 49.2225], [96.8811, 49.221], [96.8902, 49.2201], [96.8968, 49.22], [96.9026, 49.2203], [96.9082, 49.2203], [96.9143, 49.2197], [96.9204, 49.2195], [96.9254, 49.2193], [96.9339, 49.2193], [96.9433, 49.218], [96.9527, 49.2173], [96.9649, 49.2167], [96.973, 49.2162], [96.9824, 49.2161], [96.9921, 49.2157], [96.9995, 49.2156], [97.015, 49.2146], [97.024, 49.2142], [97.0331, 49.2132], [97.0419, 49.2121], [97.048, 49.2114], [97.0574, 49.2106], [97.0632, 49.21], [97.0743, 49.2097], [97.0907, 49.2076], [97.0998, 49.2066], [97.1094, 49.2052], [97.1171, 49.2041], [97.1251, 49.2035], [97.1332, 49.203], [97.1422, 49.2024], [97.1539, 49.2005], [97.1617, 49.2002], [97.1745, 49.1983], [97.1846, 49.1972], [97.1953, 49.1961], [97.203, 49.1954], [97.2106, 49.1943], [97.2207, 49.1929], [97.2299, 49.1922], [97.236, 49.1915], [97.2439, 49.1907], [97.2525, 49.1899], [97.2621, 49.189], [97.2714, 49.1878], [97.2811, 49.1875], [97.2886, 49.187], [97.2955, 49.1872], [97.306, 49.1867], [97.3156, 49.1853], [97.3205, 49.1854], [97.327, 49.1846], [97.3333, 49.1837], [97.3382, 49.1833], [97.3432, 49.1826], [97.3505, 49.1819], [97.3559, 49.1815], [97.3614, 49.1809], [97.3654, 49.1806], [97.3708, 49.18], [97.3758, 49.1795], [97.3825, 49.179], [97.3892, 49.1784], [97.4097, 49.1772], [97.4273, 49.1759], [97.4403, 49.1745], [97.4562, 49.1735], [97.4648, 49.1734], [97.4737, 49.1728], [97.4804, 49.1731], [97.4874, 49.1725], [97.4949, 49.1721], [97.5037, 49.1714], [97.5124, 49.1709], [97.5197, 49.1702], [97.5245, 49.1697], [97.5384, 49.1687], [97.5494, 49.1676], [97.5589, 49.1671], [97.5668, 49.1669], [97.5784, 49.1659], [97.5899, 49.165], [97.6027, 49.1639], [97.6147, 49.1624], [97.6329, 49.1627], [97.6485, 49.1596], [97.6656, 49.159], [97.6787, 49.1583], [97.6873, 49.158], [97.7007, 49.1591], [97.7231, 49.1595], [97.7319, 49.1597], [97.7481, 49.1604], [97.765, 49.1601], [97.786, 49.1589], [97.8012, 49.158], [97.8269, 49.1555], [97.8357, 49.1556], [97.8506, 49.1553], [97.8683, 49.1548], [97.8793, 49.155], [97.888, 49.1574], [97.9002, 49.1573], [97.9104, 49.1573], [97.9177, 49.1568], [97.9316, 49.1561], [97.9435, 49.1553], [97.9543, 49.1549], [97.9627, 49.1548], [97.9737, 49.1537], [97.9795, 49.1533], [97.9883, 49.1545], [98.0133, 49.1521], [98.0329, 49.1519], [98.0536, 49.1515], [98.0726, 49.1511], [98.0883, 49.1493], [98.1058, 49.1482], [98.1214, 49.1467], [98.1441, 49.1461], [98.1685, 49.1472], [98.1899, 49.1462], [98.2024, 49.1452], [98.2173, 49.1446], [98.2253, 49.1446], [98.2357, 49.1444], [98.2422, 49.1445], [98.256, 49.1445], [98.2622, 49.1447], [98.2662, 49.1453], [98.2695, 49.1466], [98.2746, 49.1483], [98.2778, 49.1491], [98.2818, 49.1494], [98.2868, 49.1498], [98.2896, 49.1498], [98.294, 49.1494], [98.2978, 49.1491], [98.3002, 49.1494], [98.3017, 49.1495], [98.3032, 49.1495], [98.3048, 49.1494], [98.3064, 49.1494], [98.3103, 49.1491], [98.3149, 49.1488], [98.3289, 49.1481], [98.3361, 49.1482], [98.3442, 49.1484], [98.3515, 49.1486], [98.3591, 49.1481], [98.363, 49.148], [98.3683, 49.1473], [98.3735, 49.1466], [98.3767, 49.1461], [98.3813, 49.1457], [98.3846, 49.1456], [98.3885, 49.1456], [98.3926, 49.1459], [98.395, 49.146], [98.3979, 49.1461], [98.4058, 49.1472], [98.4132, 49.1475], [98.4219, 49.1491], [98.4307, 49.1508], [98.4391, 49.1529], [98.4546, 49.1523], [98.468, 49.1514], [98.4766, 49.1531], [98.4899, 49.1531], [98.4978, 49.1536], [98.5066, 49.1523], [98.5201, 49.151], [98.5333, 49.1496], [98.5425, 49.149], [98.553, 49.1474], [98.5626, 49.1469], [98.5716, 49.1464], [98.5773, 49.1455], [98.5844, 49.1449], [98.5937, 49.1443], [98.6027, 49.144], [98.6051, 49.1465], [98.6098, 49.1466], [98.6157, 49.1465], [98.6233, 49.1462], [98.6315, 49.1455], [98.6367, 49.1455], [98.6432, 49.1454], [98.6533, 49.145], [98.6602, 49.1457], [98.6799, 49.1445], [98.6935, 49.1434], [98.7055, 49.1439], [98.7191, 49.1429], [98.7266, 49.1425], [98.736, 49.1415], [98.7416, 49.1407], [98.7484, 49.1395], [98.7614, 49.1393], [98.7638, 49.1392], [98.7669, 49.1391], [98.77, 49.1387], [98.7733, 49.1387], [98.7819, 49.1386], [98.7895, 49.1386], [98.7946, 49.1382], [98.7989, 49.1379], [98.8018, 49.1376], [98.8046, 49.1375], [98.8082, 49.1371], [98.8111, 49.1371], [98.8141, 49.1371], [98.8163, 49.1371], [98.8187, 49.1373], [98.8211, 49.1372], [98.8236, 49.1373], [98.8252, 49.1373], [98.8297, 49.1376], [98.8319, 49.1376], [98.8394, 49.1381], [98.8446, 49.1381], [98.8487, 49.1382], [98.8552, 49.1385], [98.8626, 49.139], [98.8667, 49.139], [98.8718, 49.1391], [98.8758, 49.1389], [98.881, 49.1388], [98.8868, 49.1396], [98.8909, 49.1397], [98.8942, 49.1396], [98.8976, 49.1395], [98.9008, 49.1394], [98.9034, 49.1394], [98.9062, 49.1395], [98.9106, 49.1398], [98.9134, 49.1398], [98.9155, 49.1398], [98.9182, 49.1399], [98.9208, 49.1402], [98.9235, 49.1404], [98.9259, 49.1409], [98.9287, 49.1412], [98.9322, 49.1414], [98.936, 49.1414], [98.9388, 49.1414], [98.9415, 49.1415], [98.9444, 49.1414], [98.9467, 49.1414], [98.9497, 49.1413], [98.955, 49.1419], [98.9584, 49.1421], [98.9628, 49.1422], [98.9687, 49.1423], [98.9785, 49.1429], [98.9856, 49.1438], [98.9942, 49.1438], [98.9996, 49.1441], [99.0116, 49.1453], [99.0223, 49.147], [99.0321, 49.1483], [99.038, 49.1488], [99.0448, 49.1496], [99.0515, 49.1507], [99.0563, 49.1517], [99.0611, 49.1526], [99.0667, 49.1529], [99.0748, 49.1528], [99.0834, 49.1554], [99.0901, 49.1564], [99.0989, 49.1572], [99.1049, 49.1576], [99.1306, 49.1607], [99.1414, 49.1621], [99.1538, 49.1618], [99.1628, 49.1612], [99.1699, 49.1608], [99.1747, 49.1607], [99.1853, 49.1607], [99.2011, 49.1629], [99.2141, 49.1646], [99.237, 49.17], [99.2497, 49.175], [99.2668, 49.1782], [99.2773, 49.1796], [99.2901, 49.18], [99.303, 49.1808], [99.3145, 49.1814], [99.3215, 49.1816], [99.3374, 49.1836], [99.3633, 49.1858], [99.3884, 49.184], [99.4147, 49.1848]]}}, {"type": "Feature", "properties": {"name": "Erzin-Agar-Dag Fault"}, "geometry": {"type": "LineString", "coordinates": [[93.5638, 49.8427], [93.5719, 49.8451], [93.5871, 49.8497], [93.5977, 49.8521], [93.6052, 49.8537], [93.6095, 49.8552], [93.6236, 49.8631], [93.6387, 49.8709], [93.6452, 49.8794], [93.6491, 49.8832], [93.6609, 49.8875], [93.6643, 49.8892], [93.6674, 49.8913], [93.6773, 49.8949], [93.6809, 49.8981], [93.6908, 49.9025], [93.7039, 49.9065], [93.716, 49.9106], [93.7259, 49.9142], [93.7308, 49.9182], [93.7573, 49.9314], [93.7646, 49.9382], [93.7685, 49.942], [93.7798, 49.9495], [93.79, 49.9544], [93.8036, 49.9612], [93.8141, 49.9671], [93.8287, 49.9737], [93.8358, 49.9771], [93.8423, 49.9796]]}}, {"type": "Feature", "properties": {"name": "Erzin-Agar-Dag Fault"}, "geometry": {"type": "LineString", "coordinates": [[93.8422, 49.9796], [93.8446, 49.9799], [93.8501, 49.9799], [93.8536, 49.98], [93.8574, 49.9799], [93.8618, 49.9799], [93.867, 49.9802], [93.8701, 49.9812], [93.874, 49.9829], [93.8793, 49.9838], [93.8837, 49.9844], [93.894, 49.985], [93.8988, 49.986], [93.9068, 49.9885], [93.9113, 49.9906], [93.9145, 49.9919], [93.917, 49.993], [93.9231, 49.9955], [93.9287, 49.9971], [93.9327, 49.9992], [93.9353, 50.0019], [93.9394, 50.0043], [93.9436, 50.0078], [93.9475, 50.0114], [93.9512, 50.0139]]}}, {"type": "Feature", "properties": {"name": "Erzin-Agar-Dag Fault"}, "geometry": {"type": "LineString", "coordinates": [[93.9515, 50.0143], [93.9633, 50.0198], [93.9763, 50.0272], [93.9874, 50.0335], [94.0016, 50.0408], [94.0164, 50.0511], [94.0279, 50.0572], [94.0481, 50.0659], [94.0618, 50.0722], [94.0868, 50.08], [94.1092, 50.0889], [94.1446, 50.1086], [94.1882, 50.1281], [94.2244, 50.1445], [94.2636, 50.1646], [94.286, 50.176], [94.3063, 50.1877], [94.3237, 50.1978], [94.3384, 50.2047], [94.3523, 50.2135], [94.366, 50.2222], [94.3834, 50.2335], [94.3925, 50.2377], [94.4026, 50.2408]]}}, {"type": "Feature", "properties": {"name": "Erzin-Agar-Dag Fault"}, "geometry": {"type": "LineString", "coordinates": [[94.4024, 50.2409], [94.4075, 50.241], [94.4127, 50.2412], [94.4194, 50.2419], [94.4263, 50.2423], [94.4327, 50.2432], [94.4417, 50.244], [94.4517, 50.2454], [94.4588, 50.2466], [94.4668, 50.2479], [94.4846, 50.2487], [94.4884, 50.2492], [94.5042, 50.2534], [94.5112, 50.2555], [94.5242, 50.2587], [94.5351, 50.2614], [94.544, 50.2643], [94.5536, 50.2676], [94.5632, 50.2727], [94.5715, 50.277], [94.5798, 50.2808], [94.5856, 50.2853], [94.5947, 50.288], [94.6001, 50.2912], [94.6079, 50.2935], [94.6188, 50.2968], [94.6325, 50.3011], [94.6459, 50.3049], [94.6563, 50.3078], [94.6621, 50.3115], [94.6714, 50.3131], [94.6806, 50.3164], [94.687, 50.3196], [94.6941, 50.3223], [94.7043, 50.3267], [94.7099, 50.3308], [94.7121, 50.3338], [94.7168, 50.3367], [94.7231, 50.3395], [94.7351, 50.3435], [94.7401, 50.3456], [94.7448, 50.347]]}}, {"type": "Feature", "properties": {"name": "Erzin-Agar-Dag Fault"}, "geometry": {"type": "LineString", "coordinates": [[94.719, 50.3651], [94.7304, 50.3695], [94.7367, 50.3722], [94.7436, 50.3745], [94.7566, 50.379], [94.7683, 50.3834], [94.7752, 50.3857], [94.7869, 50.3882], [94.7993, 50.3918], [94.8119, 50.3956], [94.8293, 50.4033], [94.8365, 50.4073], [94.8494, 50.4145], [94.8548, 50.4168], [94.8642, 50.4206], [94.8756, 50.4254], [94.8876, 50.4304], [94.896, 50.4337], [94.9021, 50.438], [94.9067, 50.4412], [94.9123, 50.4442], [94.9165, 50.4465], [94.9203, 50.4479], [94.9254, 50.4491], [94.9318, 50.4502]]}}, {"type": "Feature", "properties": {"name": "Mayna Fault"}, "geometry": {"type": "LineString", "coordinates": [[90.4466, 52.6586], [90.4622, 52.6714], [90.4723, 52.6797], [90.4837, 52.6878], [90.4931, 52.6938], [90.5003, 52.6992], [90.5106, 52.708], [90.5217, 52.7164], [90.5319, 52.7241], [90.5466, 52.7361], [90.5732, 52.7529], [90.5845, 52.7602], [90.5997, 52.7705], [90.6087, 52.7756], [90.6184, 52.7819], [90.6335, 52.7892], [90.6375, 52.7913], [90.6512, 52.7982], [90.6733, 52.808], [90.6936, 52.8194], [90.7093, 52.8256], [90.7176, 52.8311], [90.7328, 52.8396], [90.7379, 52.8455], [90.7439, 52.8489]]}}, {"type": "Feature", "properties": {"name": "Mayna Fault"}, "geometry": {"type": "LineString", "coordinates": [[90.8291, 52.8684], [90.8465, 52.8733], [90.862, 52.878], [90.876, 52.8825], [90.8895, 52.8849], [90.9071, 52.8907], [90.9228, 52.8937], [90.947, 52.9005], [90.9637, 52.9058], [90.9994, 52.9139], [91.0186, 52.9173], [91.0452, 52.9234], [91.0666, 52.9281], [91.0922, 52.9341], [91.124, 52.941], [91.1391, 52.9448], [91.168, 52.9489], [91.1916, 52.9545], [91.2134, 52.9603], [91.2397, 52.9643], [91.2719, 52.9688], [91.285, 52.9718], [91.3186, 52.9773], [91.3415, 52.9801], [91.3731, 52.981], [91.4117, 52.9869], [91.4362, 52.99], [91.4561, 52.9924], [91.4695, 52.9932], [91.4965, 52.9965], [91.5316, 52.9977], [91.5756, 53.0015], [91.6008, 53.004], [91.6237, 53.0076], [91.6575, 53.0094], [91.693, 53.0115], [91.7348, 53.0116], [91.7661, 53.0127], [91.786, 53.0156], [91.8184, 53.0186], [91.8657, 53.0206], [91.8976, 53.0232], [91.9151, 53.0241], [91.9368, 53.027], [91.9598, 53.0298], [91.9846, 53.0322], [92.0041, 53.0344], [92.0312, 53.0361], [92.0496, 53.0361], [92.0675, 53.036], [92.0835, 53.0372], [92.1033, 53.0381], [92.1261, 53.0406], [92.1566, 53.0417], [92.1776, 53.0439], [92.2095, 53.0451], [92.2329, 53.0456], [92.2695, 53.0476], [92.2837, 53.0485], [92.3073, 53.0504]]}}, {"type": "Feature", "properties": {"name": "Mayna Fault"}, "geometry": {"type": "LineString", "coordinates": [[92.7216, 53.0281], [92.7496, 53.0281], [92.7754, 53.0289], [92.7918, 53.0302], [92.8059, 53.0318], [92.8213, 53.0332], [92.8363, 53.0352], [92.8424, 53.0366], [92.8526, 53.0377], [92.8656, 53.0388], [92.8903, 53.0419], [92.9112, 53.0449], [92.9233, 53.0483], [92.9378, 53.0505], [92.955, 53.0537], [92.9666, 53.058], [92.9816, 53.0603], [93.0083, 53.0654], [93.037, 53.0709], [93.056, 53.0754], [93.0775, 53.0794], [93.0929, 53.0821], [93.1062, 53.0855], [93.13, 53.0912], [93.1517, 53.0962], [93.1694, 53.1016], [93.185, 53.1061], [93.2224, 53.1135], [93.2372, 53.1148], [93.2561, 53.1165], [93.2789, 53.1199], [93.3045, 53.1252], [93.319, 53.1269], [93.3313, 53.1293], [93.3597, 53.1336], [93.3849, 53.1393], [93.4042, 53.146], [93.4283, 53.15], [93.4847, 53.1674], [93.5222, 53.1782], [93.556, 53.1856], [93.5914, 53.1933], [93.6149, 53.2008], [93.6295, 53.2073], [93.6507, 53.2116], [93.6757, 53.2167], [93.6997, 53.2207], [93.7307, 53.2223], [93.7571, 53.2243], [93.7827, 53.2248], [93.8106, 53.2234], [93.8367, 53.2243], [93.8665, 53.2262], [93.9041, 53.2289], [93.9326, 53.2295], [93.9638, 53.2311]]}}, {"type": "Feature", "properties": {"name": "Har-Us-Nuur Fault"}, "geometry": {"type": "LineString", "coordinates": [[91.331, 50.1824], [91.3388, 50.1728], [91.346, 50.1651], [91.3575, 50.1558], [91.3605, 50.1515], [91.3644, 50.1479], [91.3676, 50.1447], [91.3706, 50.1415], [91.3862, 50.1275], [91.3929, 50.1205], [91.4016, 50.1102], [91.4131, 50.0983], [91.4231, 50.0879], [91.4323, 50.0812], [91.4421, 50.0732], [91.4515, 50.0651], [91.4648, 50.0577], [91.4793, 50.0502], [91.4955, 50.0417], [91.5063, 50.036], [91.5206, 50.0302], [91.5358, 50.024], [91.5544, 50.0131], [91.5696, 50.0018], [91.5839, 49.9905], [91.5985, 49.9806], [91.6118, 49.9714], [91.6267, 49.9558], [91.6361, 49.9488], [91.6471, 49.9403], [91.6599, 49.9296], [91.668, 49.9228], [91.6856, 49.9027], [91.6903, 49.8962], [91.6961, 49.8905], [91.7077, 49.8761], [91.7183, 49.8624], [91.7228, 49.8543], [91.7303, 49.8469], [91.7364, 49.8381], [91.7421, 49.8302], [91.7509, 49.8175], [91.759, 49.8072], [91.7689, 49.7973], [91.7779, 49.7886], [91.786, 49.78], [91.793, 49.7732], [91.8037, 49.7641], [91.8117, 49.7555], [91.8185, 49.7486], [91.8237, 49.7427], [91.8273, 49.7355], [91.8286, 49.731], [91.831, 49.727], [91.8328, 49.7218], [91.8362, 49.7162], [91.8383, 49.7109], [91.8428, 49.7019], [91.8484, 49.693], [91.8515, 49.6809], [91.8534, 49.6742], [91.8558, 49.6646], [91.8563, 49.6492], [91.8652, 49.6272], [91.8788, 49.6047], [91.8877, 49.5838], [91.903, 49.5617], [91.9145, 49.5337]]}}, {"type": "Feature", "properties": {"name": "Har-Us-Nuur Fault"}, "geometry": {"type": "LineString", "coordinates": [[92.0576, 49.2437], [92.061, 49.2239], [92.0601, 49.2101], [92.0582, 49.1998], [92.0583, 49.1929], [92.0595, 49.1827], [92.0593, 49.1694], [92.0579, 49.1649], [92.0601, 49.1581], [92.0522, 49.1043], [92.0484, 49.0835], [92.0453, 49.0687]]}}, {"type": "Feature", "properties": {"name": "Har-Us-Nuur Fault"}, "geometry": {"type": "LineString", "coordinates": [[91.7233, 49.5543], [91.7199, 49.547], [91.7183, 49.5418], [91.714, 49.5306], [91.7143, 49.5237], [91.7135, 49.5142], [91.7135, 49.5063], [91.7149, 49.4979], [91.7172, 49.491], [91.7185, 49.4838], [91.7199, 49.4724], [91.7207, 49.4633], [91.7254, 49.4529], [91.7316, 49.4401], [91.737, 49.4312], [91.7457, 49.4218], [91.7549, 49.4128], [91.7652, 49.4093], [91.772, 49.404], [91.7838, 49.3903], [91.7878, 49.3822], [91.7941, 49.3683], [91.8012, 49.3593], [91.8082, 49.3517], [91.8118, 49.3448], [91.8154, 49.339], [91.8195, 49.3311], [91.8235, 49.3251], [91.8282, 49.3158], [91.8295, 49.3062], [91.8308, 49.2982], [91.8519, 49.2716], [91.8843, 49.2474], [91.9194, 49.2262], [91.9423, 49.2094], [91.9531, 49.1962], [91.9659, 49.1781], [91.975, 49.1602], [91.9902, 49.1409], [92.0, 49.127], [92.0071, 49.1173], [92.02, 49.1025], [92.0302, 49.0882], [92.0389, 49.0795], [92.0487, 49.0596], [92.0587, 49.0468], [92.0643, 49.0296], [92.0642, 49.0199], [92.0699, 49.0039], [92.0755, 48.9885], [92.0812, 48.9745], [92.0895, 48.9525], [92.0949, 48.9364], [92.1033, 48.9149], [92.1334, 48.8507], [92.1398, 48.8271], [92.1494, 48.7904], [92.162, 48.7513], [92.1661, 48.7296], [92.1717, 48.7118], [92.1792, 48.6889], [92.1829, 48.6628], [92.1912, 48.6442], [92.1947, 48.6361], [92.1993, 48.6271], [92.206, 48.6157], [92.2113, 48.5985], [92.2153, 48.5837], [92.2213, 48.5648], [92.2261, 48.5448], [92.2349, 48.5269], [92.2392, 48.5082], [92.2432, 48.4942], [92.2518, 48.4735], [92.2526, 48.4628], [92.2554, 48.4529], [92.2595, 48.4415], [92.2661, 48.4193], [92.2703, 48.397], [92.2815, 48.3225], [92.2962, 48.2804], [92.3108, 48.2323], [92.3274, 48.1908], [92.337, 48.1491], [92.3864, 48.0064], [92.4008, 47.9838], [92.4095, 47.9677], [92.417, 47.9515], [92.4246, 47.9359], [92.4327, 47.9229], [92.4366, 47.9113], [92.4533, 47.886], [92.4703, 47.867], [92.489, 47.8415], [92.5095, 47.8173], [92.5296, 47.7933], [92.5438, 47.7766], [92.5662, 47.7546], [92.5861, 47.7378], [92.6001, 47.7244], [92.6155, 47.7022], [92.6308, 47.6863], [92.6462, 47.6699], [92.6636, 47.6541], [92.6764, 47.6451], [92.6865, 47.6254], [92.7015, 47.6129], [92.7166, 47.5976], [92.7252, 47.5872], [92.7337, 47.5752], [92.7451, 47.5539], [92.7613, 47.5295], [92.7703, 47.5085], [92.7787, 47.4712], [92.7838, 47.4586]]}}, {"type": "Feature", "properties": {"name": "Har-Us-Nuur Fault"}, "geometry": {"type": "LineString", "coordinates": [[91.7233, 49.5543], [91.7199, 49.547], [91.7183, 49.5418], [91.714, 49.5306], [91.7143, 49.5237], [91.7135, 49.5142], [91.7135, 49.5063], [91.7149, 49.4979], [91.7172, 49.491], [91.7185, 49.4838], [91.7199, 49.4724], [91.7207, 49.4633], [91.7254, 49.4529], [91.7316, 49.4401], [91.737, 49.4312], [91.7457, 49.4218], [91.7549, 49.4128], [91.7652, 49.4093], [91.772, 49.404], [91.7838, 49.3903], [91.7878, 49.3822], [91.7941, 49.3683], [91.8012, 49.3593], [91.8082, 49.3517], [91.8118, 49.3448], [91.8154, 49.339], [91.8195, 49.3311], [91.8235, 49.3251], [91.8282, 49.3158], [91.8295, 49.3062], [91.8308, 49.2982], [91.8519, 49.2716], [91.8843, 49.2474], [91.9194, 49.2262], [91.9423, 49.2094], [91.9531, 49.1962], [91.9659, 49.1781], [91.975, 49.1602], [91.9902, 49.1409], [92.0, 49.127], [92.0071, 49.1173], [92.02, 49.1025], [92.0302, 49.0882], [92.0389, 49.0795], [92.0487, 49.0596], [92.0587, 49.0468], [92.0643, 49.0296], [92.0642, 49.0199], [92.0699, 49.0039], [92.0755, 48.9885], [92.0812, 48.9745], [92.0895, 48.9525], [92.0949, 48.9364], [92.1033, 48.9149], [92.1334, 48.8507], [92.1398, 48.8271], [92.1494, 48.7904], [92.162, 48.7513], [92.1661, 48.7296], [92.1717, 48.7118], [92.1792, 48.6889], [92.1829, 48.6628], [92.1912, 48.6442], [92.1947, 48.6361], [92.1993, 48.6271], [92.206, 48.6157], [92.2113, 48.5985], [92.2153, 48.5837], [92.2213, 48.5648], [92.2261, 48.5448], [92.2349, 48.5269], [92.2392, 48.5082], [92.2432, 48.4942], [92.2518, 48.4735], [92.2526, 48.4628], [92.2554, 48.4529], [92.2595, 48.4415], [92.2661, 48.4193], [92.2703, 48.397], [92.2815, 48.3225], [92.2962, 48.2804], [92.3108, 48.2323], [92.3274, 48.1908], [92.337, 48.1491], [92.3864, 48.0064], [92.4008, 47.9838], [92.4095, 47.9677], [92.417, 47.9515], [92.4246, 47.9359], [92.4327, 47.9229], [92.4366, 47.9113], [92.4533, 47.886], [92.4703, 47.867], [92.489, 47.8415], [92.5095, 47.8173], [92.5296, 47.7933], [92.5438, 47.7766], [92.5662, 47.7546], [92.5861, 47.7378], [92.6001, 47.7244], [92.6155, 47.7022], [92.6308, 47.6863], [92.6462, 47.6699], [92.6636, 47.6541], [92.6764, 47.6451], [92.6865, 47.6254], [92.7015, 47.6129], [92.7166, 47.5976], [92.7252, 47.5872], [92.7337, 47.5752], [92.7451, 47.5539], [92.7613, 47.5295], [92.7703, 47.5085], [92.7787, 47.4712], [92.7813, 47.4647]]}}, {"type": "Feature", "properties": {"name": "Har-Us-Nuur Fault"}, "geometry": {"type": "LineString", "coordinates": [[91.9247, 49.6905], [91.9271, 49.6723], [91.928, 49.666], [91.9285, 49.6603], [91.9291, 49.6539], [91.9287, 49.646], [91.9291, 49.6385], [91.9317, 49.6324], [91.9286, 49.6239], [91.9296, 49.6163], [91.9324, 49.6085], [91.9334, 49.6013], [91.9377, 49.5941], [91.9438, 49.5839], [91.9483, 49.5762], [91.9523, 49.5641], [91.9563, 49.5566], [91.9611, 49.5468], [91.9682, 49.5352], [91.9766, 49.5211], [91.9863, 49.5096], [91.9939, 49.4971], [92.0015, 49.4867], [92.0063, 49.4742], [92.0089, 49.4632], [92.0103, 49.4564], [92.0145, 49.4445], [92.0157, 49.4371], [92.0149, 49.4317], [92.0156, 49.4224], [92.0173, 49.415], [92.0185, 49.4079], [92.0215, 49.3945], [92.0183, 49.3501], [92.0197, 49.3436], [92.0245, 49.3335], [92.0276, 49.3264], [92.0298, 49.3204], [92.0339, 49.3112], [92.0381, 49.3037], [92.0398, 49.2989], [92.0427, 49.2914], [92.0484, 49.2775], [92.0505, 49.2708], [92.0534, 49.2653], [92.0551, 49.2572], [92.0596, 49.2467], [92.0644, 49.2386], [92.0695, 49.2306], [92.0708, 49.2247], [92.075, 49.2146], [92.0771, 49.2036], [92.0828, 49.1953], [92.0881, 49.1869]]}}, {"type": "Feature", "properties": {}, "geometry": {"type": "LineString", "coordinates": [[92.7438, 50.6608], [92.7631, 50.6645], [92.7756, 50.6691], [92.7886, 50.6764], [92.8036, 50.6819], [92.8174, 50.6881], [92.8294, 50.6934], [92.8426, 50.6978], [92.8513, 50.7013], [92.8629, 50.7053], [92.8702, 50.7069], [92.88, 50.7108], [92.8952, 50.7173], [92.9094, 50.7239], [92.9199, 50.7295], [92.9354, 50.7349], [92.9456, 50.7382], [92.9625, 50.7435], [92.9705, 50.7447], [92.9882, 50.7493], [93.0042, 50.7544], [93.0291, 50.7607], [93.0466, 50.7658], [93.0759, 50.774], [93.1013, 50.7795], [93.1303, 50.7863], [93.1529, 50.791], [93.1675, 50.7939], [93.1805, 50.7955], [93.1947, 50.7986], [93.2068, 50.8007], [93.2232, 50.8023], [93.2367, 50.8028], [93.2543, 50.8035], [93.2689, 50.8041], [93.2753, 50.8034], [93.2833, 50.8008], [93.298, 50.7977], [93.316, 50.7961], [93.3292, 50.7971], [93.3441, 50.7969], [93.363, 50.7967], [93.3834, 50.7955], [93.401, 50.7965], [93.4242, 50.7974], [93.4526, 50.7964], [93.4809, 50.7975], [93.503, 50.7993], [93.5119, 50.7993], [93.5269, 50.7999], [93.541, 50.8012], [93.5551, 50.802], [93.5705, 50.8041], [93.5789, 50.8056], [93.5923, 50.8085], [93.6022, 50.8105], [93.6125, 50.8133], [93.6198, 50.8159]]}}, {"type": "Feature", "properties": {"name": "Kubadru Fault"}, "geometry": {"type": "LineString", "coordinates": [[87.8667, 50.4186], [87.8908, 50.3915], [87.9085, 50.3728], [87.9255, 50.3585], [87.9426, 50.3477], [87.9605, 50.3277], [87.9989, 50.3016], [88.0398, 50.2845], [88.0725, 50.2704], [88.1047, 50.2557], [88.1324, 50.247], [88.166, 50.236], [88.1991, 50.228], [88.2313, 50.2209], [88.2758, 50.2102], [88.3064, 50.2027], [88.325, 50.1984], [88.3519, 50.192], [88.3639, 50.1906], [88.3781, 50.1877], [88.4208, 50.1819], [88.4873, 50.1752], [88.5165, 50.1695], [88.5596, 50.1626], [88.6066, 50.1488], [88.6166, 50.1463], [88.6423, 50.1404], [88.6638, 50.1356], [88.6862, 50.1306], [88.7142, 50.1257], [88.7258, 50.124], [88.7395, 50.1222], [88.76, 50.1189], [88.7786, 50.1163], [88.7947, 50.1126], [88.8145, 50.1092], [88.8255, 50.109], [88.8497, 50.1041], [88.8784, 50.1005], [88.8966, 50.0986], [88.9225, 50.0957], [88.9452, 50.0936], [88.9731, 50.0906], [88.9957, 50.0893], [89.0137, 50.0864], [89.0362, 50.0827], [89.0525, 50.0821], [89.0732, 50.0767], [89.09, 50.0722], [89.1011, 50.0691], [89.1227, 50.0627], [89.1346, 50.0589], [89.1631, 50.052], [89.1867, 50.0361], [89.2123, 50.0252], [89.2409, 50.0123]]}}, {"type": "Feature", "properties": {"name": "Chuya Fault"}, "geometry": {"type": "LineString", "coordinates": [[87.3594, 50.2267], [87.3979, 50.2123], [87.429, 50.2049], [87.455, 50.202], [87.4894, 50.2027], [87.5393, 50.19], [87.5677, 50.1815], [87.5892, 50.1733], [87.6181, 50.1621], [87.6273, 50.1566], [87.6334, 50.1535], [87.6491, 50.1426], [87.6606, 50.1395], [87.6772, 50.1314], [87.6945, 50.1233], [87.7054, 50.1157], [87.7164, 50.1081], [87.7295, 50.1002], [87.744, 50.0879], [87.7666, 50.0687], [87.7748, 50.0573], [87.8838, 50.015], [87.9236, 49.9992], [87.9584, 49.9843], [87.9849, 49.9654], [88.0029, 49.9564], [88.0153, 49.956], [88.0384, 49.9367], [88.055, 49.9109], [88.1003, 49.8732], [88.1308, 49.8541], [88.197, 49.8347], [88.2358, 49.8231], [88.2634, 49.8223], [88.295, 49.8129]]}}, {"type": "Feature", "properties": {"name": "Uureg Nuur Fault"}, "geometry": {"type": "LineString", "coordinates": [[90.4848, 50.3847], [90.4879, 50.3803], [90.4885, 50.3753], [90.4931, 50.3709], [90.4991, 50.3677], [90.5062, 50.3655], [90.5126, 50.3626], [90.5191, 50.3598], [90.5252, 50.3558], [90.5306, 50.3502], [90.5405, 50.3454], [90.5486, 50.343], [90.5573, 50.3403], [90.5622, 50.3374], [90.568, 50.3348], [90.5758, 50.3338], [90.5816, 50.3326], [90.5846, 50.3311], [90.5894, 50.3301], [90.5942, 50.3287], [90.5966, 50.327], [90.6009, 50.3256], [90.6037, 50.3237], [90.6068, 50.3224], [90.6108, 50.3206], [90.6168, 50.3175], [90.6223, 50.3145], [90.6282, 50.3122], [90.629, 50.3109], [90.6411, 50.3083], [90.6494, 50.304], [90.6538, 50.3018], [90.6579, 50.2996], [90.6612, 50.2947], [90.6639, 50.2924], [90.6706, 50.2921], [90.6763, 50.2912], [90.6805, 50.2905], [90.6835, 50.2897], [90.6882, 50.2878], [90.6922, 50.2845], [90.6959, 50.2821], [90.7014, 50.279], [90.706, 50.2769], [90.711, 50.2754], [90.7143, 50.275], [90.7204, 50.2764], [90.7272, 50.2774], [90.7315, 50.2769], [90.7377, 50.2745], [90.7423, 50.2699], [90.7492, 50.2675], [90.7581, 50.2694], [90.7649, 50.2719], [90.7715, 50.275], [90.7782, 50.2746], [90.7847, 50.2743], [90.7944, 50.2721], [90.8014, 50.2708], [90.808, 50.2693], [90.812, 50.2688], [90.8161, 50.2675], [90.8227, 50.2652], [90.8276, 50.2647], [90.8328, 50.2616], [90.8371, 50.259], [90.8405, 50.2563], [90.8446, 50.2545], [90.8463, 50.2531], [90.8508, 50.2513], [90.8562, 50.2508], [90.8613, 50.2505], [90.8663, 50.2501], [90.872, 50.2501], [90.8775, 50.2468], [90.8819, 50.2432], [90.8871, 50.2432], [90.8908, 50.242], [90.8961, 50.2414], [90.8977, 50.2424], [90.9005, 50.2446], [90.9019, 50.2465], [90.9054, 50.2471], [90.9089, 50.2469], [90.9119, 50.2463], [90.9157, 50.2464], [90.9193, 50.2462], [90.924, 50.2447], [90.9328, 50.2444], [90.9385, 50.2448], [90.9452, 50.2449], [90.9486, 50.245], [90.9514, 50.2433], [90.9561, 50.2432], [90.9607, 50.2437], [90.9633, 50.245], [90.9671, 50.2464], [90.9709, 50.2463], [90.975, 50.2455], [90.9786, 50.245], [90.9838, 50.2436], [90.9881, 50.2447], [90.9917, 50.2459], [90.9951, 50.2471], [91.0005, 50.2487], [91.0125, 50.2508], [91.0184, 50.2528], [91.0272, 50.2526], [91.0372, 50.2537], [91.0421, 50.2536], [91.0481, 50.2522], [91.0542, 50.2534], [91.0595, 50.2571], [91.0657, 50.2588], [91.0747, 50.2599], [91.0842, 50.2605], [91.0945, 50.2603], [91.0985, 50.2601], [91.1055, 50.2608], [91.1174, 50.2561], [91.1203, 50.2532], [91.1264, 50.2485], [91.138, 50.248], [91.1476, 50.2505], [91.1551, 50.2532], [91.1653, 50.2561], [91.1723, 50.2576], [91.181, 50.2584], [91.1865, 50.2582], [91.1938, 50.2581], [91.2025, 50.2557], [91.2091, 50.2531], [91.2149, 50.2492], [91.2211, 50.2476], [91.2281, 50.2449], [91.2354, 50.2442], [91.2417, 50.2433], [91.2511, 50.2419], [91.2545, 50.2406], [91.2617, 50.2392], [91.2714, 50.2372], [91.277, 50.237], [91.2836, 50.2366], [91.2897, 50.2356], [91.2951, 50.2327], [91.3094, 50.2282], [91.3172, 50.2259], [91.3292, 50.2235], [91.338, 50.2212], [91.3484, 50.2174], [91.3589, 50.2158], [91.3685, 50.2129], [91.3801, 50.2069], [91.3845, 50.2005], [91.3982, 50.1937], [91.4111, 50.192], [91.4195, 50.1879], [91.4276, 50.1858], [91.4457, 50.1834], [91.4526, 50.1802], [91.4655, 50.178], [91.4899, 50.1785], [91.5058, 50.1772], [91.5268, 50.175], [91.5459, 50.174], [91.5613, 50.1798], [91.5695, 50.1866], [91.5792, 50.1889], [91.5895, 50.1967]]}}, {"type": "Feature", "properties": {"name": "Hovd Fault (Chihteyn Segment)"}, "geometry": {"type": "LineString", "coordinates": [[89.7793, 50.0729], [89.7934, 50.0648], [89.8272, 50.0484], [89.8446, 50.0364], [89.8534, 50.0222], [89.8627, 50.0136], [89.8698, 50.0035], [89.8937, 49.9578], [89.9093, 49.9306], [89.912, 49.9082], [89.9153, 49.8938], [89.9216, 49.8702], [89.929, 49.8487], [89.9268, 49.8443], [89.9309, 49.8382], [89.9339, 49.8305], [89.9359, 49.8254], [89.9369, 49.8203], [89.9393, 49.815], [89.9413, 49.8085], [89.9436, 49.8037], [89.9465, 49.7994], [89.9528, 49.7914], [89.9531, 49.7862], [89.9585, 49.7705], [89.9654, 49.7589], [89.9689, 49.7469], [89.971, 49.7391], [89.9805, 49.7256], [89.9832, 49.7174], [89.9909, 49.7045], [90.0009, 49.6877], [90.0053, 49.6818], [90.0088, 49.6775], [90.011, 49.6722], [90.0132, 49.6676], [90.0156, 49.6636], [90.0188, 49.6588], [90.0227, 49.6499], [90.0262, 49.644], [90.0327, 49.6315], [90.0366, 49.6253], [90.0422, 49.6181], [90.047, 49.6098], [90.0515, 49.5997], [90.0559, 49.5926], [90.0636, 49.5813], [90.0719, 49.5719], [90.0788, 49.5597], [90.0839, 49.5502], [90.0888, 49.5428], [90.0956, 49.5322], [90.1026, 49.5231], [90.1068, 49.5153], [90.1133, 49.5052], [90.1208, 49.4935], [90.1287, 49.4801], [90.1364, 49.4678], [90.1426, 49.4585], [90.1475, 49.4504], [90.1571, 49.4328], [90.1611, 49.4243], [90.1688, 49.4114], [90.1759, 49.4025], [90.1832, 49.3872], [90.1947, 49.3727], [90.2033, 49.3599], [90.2148, 49.3434], [90.2255, 49.3289], [90.2339, 49.3147], [90.2394, 49.3054], [90.2557, 49.2828], [90.264, 49.2669], [90.2722, 49.2542], [90.2825, 49.2417], [90.2923, 49.2269], [90.3012, 49.2145]]}}, {"type": "Feature", "properties": {"name": "Hovd Fault (north-central segment)"}, "geometry": {"type": "LineString", "coordinates": [[90.2683, 49.2261], [90.2718, 49.2219], [90.2737, 49.2193], [90.2751, 49.2165], [90.2787, 49.2126], [90.2816, 49.2103], [90.2843, 49.2059], [90.2874, 49.2023], [90.2902, 49.1974], [90.2922, 49.1948], [90.2941, 49.1912], [90.2989, 49.1846], [90.3032, 49.1788], [90.3081, 49.171], [90.3146, 49.1639], [90.3182, 49.1609], [90.3217, 49.1567], [90.3254, 49.1544], [90.3281, 49.1498], [90.335, 49.142], [90.344, 49.13], [90.3497, 49.1241], [90.3538, 49.118], [90.3631, 49.104], [90.3727, 49.0923], [90.3846, 49.0763], [90.3941, 49.066], [90.3984, 49.0586], [90.403, 49.0522], [90.4105, 49.0427], [90.4148, 49.0376], [90.4193, 49.0319], [90.4251, 49.0246], [90.4284, 49.0191], [90.4337, 49.0113], [90.4365, 49.0056], [90.4388, 49.0017], [90.4425, 48.9956], [90.4477, 48.987], [90.4683, 48.966], [90.4745, 48.9586], [90.4822, 48.9499], [90.4886, 48.9438], [90.493, 48.9371], [90.5031, 48.9277], [90.5092, 48.9211], [90.5165, 48.9097], [90.5249, 48.901], [90.5339, 48.8889], [90.5374, 48.8844], [90.5458, 48.8752], [90.5547, 48.8639], [90.5644, 48.8519], [90.5705, 48.8422], [90.5745, 48.8365], [90.5762, 48.833], [90.5776, 48.8291], [90.5787, 48.8257], [90.5783, 48.8197], [90.5771, 48.8136], [90.5744, 48.8016], [90.571, 48.7943], [90.57, 48.7881], [90.569, 48.782]]}}, {"type": "Feature", "properties": {"name": "Hovd Fault (Ar Hotol segment)"}, "geometry": {"type": "LineString", "coordinates": [[90.5843, 48.7942], [90.5931, 48.7825], [90.5992, 48.7732], [90.6031, 48.7671], [90.6061, 48.7622], [90.6123, 48.7543], [90.6175, 48.748], [90.6239, 48.7417], [90.6324, 48.7326], [90.6362, 48.7277], [90.64, 48.7187], [90.6428, 48.7127], [90.6453, 48.7084], [90.6527, 48.6988], [90.6614, 48.6893], [90.6649, 48.6858], [90.6697, 48.6803], [90.6754, 48.673], [90.6892, 48.6637], [90.6997, 48.6558], [90.7181, 48.6419], [90.7293, 48.6313], [90.7391, 48.6224], [90.7544, 48.6115], [90.7686, 48.6015], [90.7745, 48.5949], [90.7814, 48.5896], [90.7861, 48.5855], [90.7953, 48.5771], [90.8077, 48.5675], [90.8166, 48.5603], [90.8213, 48.5568], [90.8256, 48.552], [90.8286, 48.5507], [90.8305, 48.5483], [90.8358, 48.5451], [90.8404, 48.5412], [90.8443, 48.5368], [90.8485, 48.5334], [90.8521, 48.5302], [90.8547, 48.5274], [90.8595, 48.5246], [90.864, 48.5213], [90.868, 48.5179], [90.8726, 48.5141], [90.878, 48.5102], [90.8824, 48.5058], [90.886, 48.5015], [90.8885, 48.4985], [90.8934, 48.4941], [90.9013, 48.487], [90.9036, 48.4848], [90.907, 48.4816], [90.9123, 48.4759], [90.9191, 48.4695], [90.9232, 48.4645], [90.9317, 48.4582], [90.939, 48.4526], [90.948, 48.4466], [90.9507, 48.4449], [90.9542, 48.4432], [90.9578, 48.4413], [90.9637, 48.4382], [90.9732, 48.4353], [90.9802, 48.4343], [90.9868, 48.4298], [90.9933, 48.4249], [91.0009, 48.4196], [91.0084, 48.4144], [91.0148, 48.4106], [91.0247, 48.4044], [91.0393, 48.3991], [91.0471, 48.3946], [91.0545, 48.388], [91.0625, 48.3815], [91.0675, 48.3759], [91.0763, 48.3669], [91.0826, 48.3603], [91.0906, 48.355], [91.0975, 48.3493], [91.1048, 48.3421], [91.1131, 48.3345], [91.1239, 48.3266], [91.1428, 48.3159], [91.1567, 48.3087], [91.1673, 48.299], [91.1738, 48.2933], [91.1834, 48.2864], [91.189, 48.2826], [91.1928, 48.2782], [91.1988, 48.271], [91.2038, 48.2653], [91.208, 48.2603], [91.213, 48.252], [91.2175, 48.2472], [91.2212, 48.2412], [91.2232, 48.2385], [91.2277, 48.232], [91.2331, 48.2271], [91.2385, 48.2208], [91.2451, 48.2136], [91.2504, 48.2081], [91.2547, 48.2008], [91.2587, 48.1953], [91.2616, 48.1892], [91.2645, 48.1815], [91.2665, 48.1758], [91.269, 48.1695], [91.2714, 48.1648], [91.2749, 48.1561], [91.2774, 48.1508], [91.2824, 48.1442], [91.286, 48.1376], [91.2897, 48.1318], [91.2936, 48.1265], [91.2977, 48.1197], [91.3021, 48.114], [91.3076, 48.1075], [91.3112, 48.1012], [91.3137, 48.0969], [91.3164, 48.0923], [91.3198, 48.0874], [91.3244, 48.0803], [91.3281, 48.0744], [91.3308, 48.0699], [91.3346, 48.0609], [91.3384, 48.0554], [91.3413, 48.0493], [91.3445, 48.0442], [91.3471, 48.0381], [91.3498, 48.0336], [91.3509, 48.0299], [91.3548, 48.0237], [91.3589, 48.0169], [91.3631, 48.0105], [91.3673, 48.0037], [91.3711, 47.9968], [91.3755, 47.9895], [91.3782, 47.9851], [91.3819, 47.9775], [91.3839, 47.9729], [91.3889, 47.9612], [91.3913, 47.9478], [91.3947, 47.9392], [91.399, 47.9273], [91.4019, 47.9165], [91.4086, 47.9045], [91.4126, 47.8924], [91.4162, 47.8837], [91.4215, 47.8682], [91.4242, 47.8605], [91.4273, 47.8548], [91.4296, 47.8473], [91.4345, 47.8385], [91.4368, 47.8309], [91.4421, 47.8205], [91.4446, 47.815], [91.4488, 47.8081], [91.4521, 47.8008], [91.4565, 47.7951], [91.4603, 47.7907], [91.4658, 47.7845], [91.4728, 47.7783], [91.4774, 47.7737], [91.4813, 47.77], [91.4857, 47.7662], [91.4905, 47.7606], [91.4935, 47.7581], [91.4959, 47.7564], [91.4987, 47.7531], [91.5013, 47.7494], [91.5056, 47.7457], [91.51, 47.7416], [91.5138, 47.7383], [91.5178, 47.7349], [91.5198, 47.7327], [91.5245, 47.7263], [91.5325, 47.7171], [91.5406, 47.7066], [91.5501, 47.6969], [91.5616, 47.6866], [91.5724, 47.676], [91.5803, 47.6677], [91.5882, 47.6598], [91.5946, 47.653], [91.6009, 47.6446], [91.6063, 47.6381], [91.6087, 47.6352], [91.618, 47.6245], [91.624, 47.6168], [91.6298, 47.6076], [91.6379, 47.5972], [91.6446, 47.5881], [91.6491, 47.5826], [91.6543, 47.5756], [91.6582, 47.5713], [91.6637, 47.5646], [91.6688, 47.5581], [91.674, 47.5517], [91.676, 47.5499], [91.6806, 47.5436], [91.6855, 47.5371], [91.6902, 47.5304], [91.6954, 47.5238], [91.7005, 47.5164], [91.7057, 47.5099], [91.7114, 47.5019], [91.7148, 47.4969], [91.7219, 47.4895], [91.7275, 47.4833], [91.734, 47.4769], [91.7421, 47.4685], [91.7466, 47.4631], [91.7532, 47.4553], [91.7613, 47.4465], [91.7695, 47.4377], [91.7771, 47.4277], [91.7829, 47.4195], [91.7895, 47.4115], [91.7954, 47.4037], [91.7972, 47.4006], [91.8024, 47.3947], [91.8096, 47.3868], [91.8147, 47.3815], [91.8219, 47.3731], [91.83, 47.3655], [91.8339, 47.3612], [91.841, 47.3522], [91.8473, 47.3445], [91.8552, 47.3331], [91.8624, 47.3252], [91.8675, 47.3209], [91.8768, 47.3122], [91.8842, 47.3051], [91.8904, 47.2985], [91.8964, 47.2918], [91.8999, 47.2887], [91.9049, 47.2833], [91.9095, 47.2783], [91.9144, 47.2737], [91.921, 47.2682], [91.9262, 47.2643], [91.9327, 47.2601], [91.9393, 47.2564], [91.9485, 47.2527], [91.9574, 47.249], [91.966, 47.2447], [91.9792, 47.2383]]}}, {"type": "Feature", "properties": {"name": "Kurai Fault"}, "geometry": {"type": "LineString", "coordinates": [[87.8243, 50.2792], [87.8365, 50.2785], [87.8477, 50.2779], [87.8544, 50.2791], [87.8655, 50.281], [87.8712, 50.282], [87.8854, 50.2815], [87.8932, 50.2807], [87.9049, 50.2806], [87.913, 50.2781], [87.9264, 50.2782], [87.935, 50.2785], [87.9411, 50.2792], [87.9564, 50.2749], [87.964, 50.2708], [87.9718, 50.2694], [87.9824, 50.2683], [87.9952, 50.2701], [88.0052, 50.2679], [88.0164, 50.2634], [88.021, 50.2584], [88.0263, 50.2534], [88.0338, 50.25], [88.039, 50.2477], [88.0425, 50.2417], [88.0504, 50.2394], [88.0645, 50.2377], [88.0729, 50.2332], [88.079, 50.2308], [88.0857, 50.228]]}}, {"type": "Feature", "properties": {"name": "Kurai Thrust"}, "geometry": {"type": "LineString", "coordinates": [[87.9807, 50.2402], [87.9885, 50.2372], [87.995, 50.2352], [88.0047, 50.233], [88.0116, 50.2308], [88.0185, 50.2289], [88.0247, 50.2269], [88.0318, 50.224], [88.0366, 50.2221], [88.0396, 50.2204], [88.054, 50.2191], [88.0594, 50.2155], [88.0694, 50.2116], [88.081, 50.2086], [88.087, 50.2057], [88.0919, 50.2011], [88.1005, 50.1991], [88.1078, 50.1945], [88.1136, 50.1909], [88.122, 50.1887], [88.1305, 50.1878], [88.1391, 50.1874], [88.146, 50.1865], [88.1524, 50.1845], [88.1584, 50.1818], [88.1633, 50.1792], [88.1703, 50.1773], [88.1751, 50.1746], [88.182, 50.1713], [88.1905, 50.171], [88.1957, 50.1718], [88.203, 50.1705], [88.2097, 50.1714], [88.217, 50.1722], [88.2231, 50.173], [88.2283, 50.1734], [88.2311, 50.1747], [88.2396, 50.1763], [88.2478, 50.1766], [88.2546, 50.1771]]}}, {"type": "Feature", "properties": {"name": "Kurai Fault"}, "geometry": {"type": "LineString", "coordinates": [[88.0754, 50.2431], [88.0868, 50.2388], [88.0953, 50.2352], [88.1001, 50.2315], [88.1079, 50.228], [88.1136, 50.2229], [88.1198, 50.2167], [88.1306, 50.2139], [88.1409, 50.2101], [88.1518, 50.2067], [88.1586, 50.2031], [88.1675, 50.2018], [88.1719, 50.2001], [88.1746, 50.1983], [88.1947, 50.1934], [88.2033, 50.1916], [88.2092, 50.1895], [88.2137, 50.185], [88.2271, 50.183], [88.2345, 50.1819], [88.2458, 50.1787], [88.2597, 50.1759], [88.269, 50.1738], [88.279, 50.1714], [88.2912, 50.1687], [88.3036, 50.1646], [88.3133, 50.1595], [88.3194, 50.1542], [88.3258, 50.1486], [88.3328, 50.1413], [88.339, 50.1309], [88.3505, 50.1235], [88.3666, 50.1199], [88.3787, 50.1193], [88.3845, 50.1175], [88.3948, 50.1158], [88.407, 50.1126], [88.4186, 50.1109], [88.4271, 50.1092], [88.4372, 50.1064], [88.4484, 50.1013], [88.4582, 50.0958], [88.4748, 50.0889], [88.489, 50.0856], [88.4987, 50.0831], [88.5172, 50.0819], [88.531, 50.0795], [88.5451, 50.0813], [88.5656, 50.0824], [88.5757, 50.0815], [88.588, 50.0825], [88.5962, 50.0824], [88.6091, 50.079], [88.6236, 50.0766], [88.6369, 50.0732], [88.646, 50.0654], [88.6589, 50.0616], [88.6655, 50.0595], [88.6739, 50.0583], [88.6855, 50.0564], [88.6953, 50.0552], [88.7012, 50.0542], [88.7057, 50.0536], [88.71, 50.0513], [88.713, 50.0498], [88.725, 50.0476], [88.7289, 50.0483], [88.7317, 50.0502], [88.7416, 50.0474], [88.7505, 50.0443], [88.7582, 50.0423], [88.7623, 50.0409], [88.7651, 50.0408], [88.7723, 50.0398]]}}, {"type": "Feature", "properties": {"name": "Kurai Fault"}, "geometry": {"type": "LineString", "coordinates": [[88.6654, 50.0911], [88.6796, 50.0882], [88.6859, 50.088], [88.6931, 50.0833], [88.6996, 50.0766], [88.7085, 50.0726], [88.7131, 50.0695], [88.7212, 50.0661], [88.7258, 50.063], [88.7329, 50.0593], [88.7392, 50.0561], [88.7461, 50.0537], [88.751, 50.0531], [88.7563, 50.0523], [88.766, 50.0498], [88.7742, 50.0457], [88.7774, 50.0381], [88.7773, 50.0319], [88.7799, 50.0237], [88.7854, 50.0189], [88.79, 50.0179], [88.7968, 50.0161], [88.8093, 50.0131], [88.8176, 50.0105], [88.8234, 50.0087], [88.8272, 50.0061], [88.8347, 50.0016], [88.8413, 49.9987], [88.8497, 49.9957], [88.8579, 49.9936], [88.8631, 49.9952], [88.8708, 49.9948], [88.8785, 49.9935], [88.8837, 49.9932], [88.896, 49.991], [88.9032, 49.9893], [88.914, 49.9882], [88.9188, 49.9882]]}}, {"type": "Feature", "properties": {"name": "Uureg Nuur Fault (west)"}, "geometry": {"type": "LineString", "coordinates": [[90.013, 50.4557], [90.0197, 50.4533], [90.0267, 50.4549], [90.0326, 50.4553], [90.0379, 50.4542], [90.044, 50.4538], [90.0504, 50.4528], [90.0552, 50.4526], [90.0598, 50.4542], [90.0647, 50.455], [90.0727, 50.4557], [90.0763, 50.4549], [90.0826, 50.4539], [90.0888, 50.4539], [90.0951, 50.4561], [90.1, 50.4594], [90.101, 50.4618], [90.1061, 50.4644], [90.1157, 50.4683], [90.1223, 50.4697], [90.1286, 50.4709], [90.1351, 50.4724], [90.1465, 50.4702], [90.1524, 50.4683], [90.1584, 50.4689], [90.1675, 50.4703], [90.1773, 50.4692], [90.1836, 50.4668], [90.1933, 50.4644], [90.1977, 50.4636], [90.2024, 50.4622], [90.2102, 50.4623], [90.2196, 50.4596], [90.2227, 50.4585], [90.2266, 50.4528], [90.2318, 50.4476], [90.2393, 50.4452], [90.2484, 50.4438], [90.255, 50.443], [90.2612, 50.4405], [90.2657, 50.4368], [90.2702, 50.4358], [90.2758, 50.4332], [90.2791, 50.4311], [90.2836, 50.4263], [90.2898, 50.4228], [90.298, 50.4204], [90.3057, 50.4206], [90.3137, 50.4214], [90.3169, 50.4214], [90.3234, 50.4199], [90.3318, 50.42], [90.3357, 50.4199], [90.3414, 50.4169], [90.3482, 50.4176], [90.3533, 50.4188], [90.3622, 50.4221], [90.3678, 50.4249], [90.3766, 50.4294], [90.3811, 50.4304], [90.3961, 50.426], [90.4084, 50.4199], [90.4182, 50.4174], [90.4241, 50.4179], [90.4328, 50.4185], [90.4431, 50.4151], [90.4498, 50.4134], [90.4597, 50.4089], [90.4745, 50.4031], [90.4837, 50.4005], [90.4879, 50.3997]]}}, {"type": "Feature", "properties": {}, "geometry": {"type": "LineString", "coordinates": [[91.0021, 50.4605], [91.0125, 50.457], [91.0308, 50.4542], [91.0482, 50.453], [91.0668, 50.4509], [91.0749, 50.4501], [91.1002, 50.443], [91.1138, 50.4418], [91.1288, 50.4411], [91.1504, 50.4403], [91.1686, 50.4382], [91.1913, 50.4362], [91.2125, 50.436], [91.2362, 50.4376], [91.2473, 50.4376], [91.2582, 50.4392], [91.2675, 50.4402], [91.2778, 50.4402], [91.2849, 50.4387], [91.3028, 50.4366], [91.3185, 50.4388], [91.3275, 50.4358], [91.3346, 50.4303], [91.3446, 50.4232], [91.3519, 50.4193], [91.3613, 50.4162], [91.3771, 50.4095], [91.3906, 50.4032], [91.4006, 50.396], [91.4125, 50.391], [91.4207, 50.3847], [91.4296, 50.3793]]}}, {"type": "Feature", "properties": {}, "geometry": {"type": "LineString", "coordinates": [[91.4272, 50.3748], [91.4313, 50.365], [91.4309, 50.3585], [91.432, 50.3502], [91.4324, 50.3424], [91.437, 50.334], [91.4452, 50.3239], [91.4562, 50.3137], [91.4594, 50.3061], [91.4635, 50.2954], [91.4635, 50.2886], [91.4658, 50.282], [91.4649, 50.2767], [91.4672, 50.2677], [91.4681, 50.2613]]}}, {"type": "Feature", "properties": {}, "geometry": {"type": "LineString", "coordinates": [[92.2246, 49.9883], [92.2342, 49.9793], [92.2365, 49.9679], [92.2415, 49.9589], [92.2466, 49.9543], [92.2476, 49.95], [92.2488, 49.9456], [92.2496, 49.9406], [92.2522, 49.9309], [92.2545, 49.9237], [92.2589, 49.9176], [92.2605, 49.9107], [92.2678, 49.9028], [92.273, 49.9016], [92.2809, 49.8985], [92.2885, 49.8974], [92.2943, 49.8956], [92.3016, 49.8899], [92.31, 49.8849], [92.32, 49.8821], [92.3278, 49.879], [92.3343, 49.8747], [92.3434, 49.8714], [92.3529, 49.868], [92.3628, 49.864], [92.3662, 49.8567], [92.3703, 49.8522], [92.3801, 49.8514], [92.391, 49.8543], [92.3961, 49.8559], [92.4067, 49.8572], [92.4172, 49.8564], [92.4279, 49.8525], [92.4358, 49.8529], [92.4436, 49.8531], [92.4567, 49.8527], [92.4742, 49.8492], [92.4818, 49.8478], [92.4934, 49.8455], [92.5056, 49.8409], [92.5123, 49.8353], [92.5173, 49.8283], [92.5197, 49.8234], [92.5251, 49.817], [92.5311, 49.8119], [92.5391, 49.8076], [92.5489, 49.802], [92.5692, 49.7971], [92.5828, 49.7964], [92.5924, 49.795], [92.6069, 49.796], [92.6144, 49.796], [92.6265, 49.7907], [92.6384, 49.7875], [92.6464, 49.7894], [92.6543, 49.7925], [92.6658, 49.7935], [92.6745, 49.7932], [92.6859, 49.7915], [92.7001, 49.7865], [92.715, 49.7828], [92.7219, 49.7773], [92.7283, 49.7778], [92.7366, 49.7792], [92.7463, 49.7794], [92.7556, 49.7788], [92.763, 49.7779], [92.7686, 49.7786], [92.7773, 49.7793], [92.7946, 49.7759], [92.8032, 49.7722], [92.81, 49.765], [92.816, 49.7618], [92.8258, 49.7595], [92.8307, 49.7558], [92.8341, 49.7529], [92.8334, 49.7465], [92.833, 49.7417], [92.8356, 49.7362], [92.8424, 49.7304], [92.8524, 49.7231], [92.855, 49.7207], [92.86, 49.7149], [92.8626, 49.7109], [92.8676, 49.7043], [92.8699, 49.7007], [92.8735, 49.6977]]}}, {"type": "Feature", "properties": {}, "geometry": {"type": "LineString", "coordinates": [[90.4213, 50.0072], [90.4289, 50.001], [90.4322, 49.9963], [90.4376, 49.9912], [90.4437, 49.9853], [90.4496, 49.9825], [90.4536, 49.9774], [90.459, 49.9723], [90.4644, 49.9698], [90.469, 49.9672], [90.4773, 49.9635], [90.4808, 49.9611], [90.484, 49.9591], [90.4872, 49.9566], [90.4942, 49.9525], [90.5022, 49.9481], [90.507, 49.9453], [90.5129, 49.9415], [90.5173, 49.9379], [90.5198, 49.935], [90.5271, 49.9312], [90.5342, 49.9278], [90.5428, 49.924], [90.5508, 49.9203], [90.5592, 49.9173], [90.5715, 49.9115], [90.5768, 49.9083], [90.5817, 49.906], [90.5865, 49.9027], [90.5907, 49.8989], [90.5954, 49.8957], [90.603, 49.8916], [90.6043, 49.8895], [90.6056, 49.8856], [90.6088, 49.8798], [90.6115, 49.8765], [90.615, 49.8712], [90.6182, 49.8663], [90.6205, 49.8619], [90.6228, 49.8584], [90.6275, 49.8542], [90.6358, 49.8492], [90.6442, 49.8444], [90.649, 49.8413], [90.6639, 49.8361], [90.6739, 49.8323], [90.6801, 49.8264], [90.6863, 49.8194], [90.6952, 49.8158], [90.7079, 49.8129], [90.7148, 49.8121]]}}, {"type": "Feature", "properties": {}, "geometry": {"type": "LineString", "coordinates": [[90.9318, 49.8362], [90.9343, 49.8302], [90.935, 49.8234], [90.9372, 49.8204], [90.9374, 49.8148], [90.9391, 49.8114], [90.9433, 49.8045], [90.9462, 49.7996], [90.9472, 49.7902], [90.9456, 49.7842], [90.9438, 49.7782], [90.938, 49.7733], [90.9357, 49.7628], [90.9318, 49.7507], [90.9268, 49.7436], [90.9149, 49.736], [90.9119, 49.729], [90.9056, 49.7236], [90.899, 49.7187], [90.8945, 49.7127], [90.8903, 49.707], [90.8873, 49.7], [90.8862, 49.6944], [90.8798, 49.6866], [90.8753, 49.6809], [90.8692, 49.6709], [90.8709, 49.6648], [90.8738, 49.6563], [90.878, 49.6496], [90.8788, 49.6446], [90.8775, 49.6376], [90.8778, 49.6319], [90.8802, 49.6285], [90.8796, 49.6242], [90.8771, 49.6184], [90.8749, 49.6141], [90.8751, 49.6117], [90.8725, 49.6076], [90.8689, 49.5966], [90.8699, 49.5897], [90.872, 49.5832], [90.8717, 49.5765], [90.8721, 49.5724], [90.8727, 49.5669], [90.8736, 49.5578], [90.8705, 49.5488], [90.8692, 49.5419], [90.8714, 49.5334], [90.8747, 49.5284]]}}, {"type": "Feature", "properties": {}, "geometry": {"type": "LineString", "coordinates": [[90.7207, 49.7135], [90.7231, 49.711], [90.7253, 49.7093], [90.7278, 49.7079], [90.7317, 49.7067], [90.7373, 49.7057], [90.7425, 49.7037], [90.7471, 49.7015], [90.7506, 49.6975], [90.7537, 49.6947], [90.755, 49.6919], [90.7604, 49.6889], [90.7609, 49.6857], [90.7653, 49.6814], [90.7695, 49.6778], [90.775, 49.6737], [90.7792, 49.671], [90.7821, 49.6678], [90.7865, 49.6634], [90.7894, 49.6605], [90.7918, 49.6568], [90.796, 49.6483], [90.7984, 49.6445], [90.8013, 49.6379], [90.805, 49.6322], [90.808, 49.6281], [90.8097, 49.625], [90.8134, 49.6192], [90.8148, 49.6135], [90.8184, 49.6089], [90.8208, 49.6051], [90.8272, 49.5997], [90.8284, 49.5964], [90.8334, 49.5924], [90.8359, 49.5863], [90.8389, 49.5793], [90.8414, 49.5721], [90.8427, 49.5694], [90.8423, 49.5648], [90.8437, 49.5584], [90.8441, 49.5542], [90.8457, 49.5489], [90.8462, 49.5442], [90.8487, 49.5394], [90.8484, 49.5357], [90.8492, 49.5303], [90.8506, 49.5284], [90.8506, 49.5232], [90.8499, 49.5185], [90.8494, 49.5152], [90.8504, 49.5119], [90.8516, 49.5058], [90.8518, 49.5], [90.8513, 49.4889], [90.8537, 49.4812], [90.8551, 49.474], [90.8593, 49.4659], [90.8634, 49.458], [90.8688, 49.4512], [90.8738, 49.4457], [90.8789, 49.4408], [90.8846, 49.4365], [90.8875, 49.4316], [90.8889, 49.4261], [90.8917, 49.4155], [90.8939, 49.4106], [90.8974, 49.4016], [90.8981, 49.3971], [90.8981, 49.3837], [90.8951, 49.378], [90.8916, 49.3743], [90.8872, 49.3697], [90.883, 49.3673], [90.8837, 49.3646], [90.8848, 49.3601], [90.8863, 49.3556], [90.8861, 49.3512], [90.889, 49.3457], [90.8942, 49.3415], [90.8987, 49.3375], [90.8984, 49.338], [90.9069, 49.3315], [90.9162, 49.3295], [90.9265, 49.3272], [90.9329, 49.3253], [90.9376, 49.323], [90.9429, 49.3216], [90.9454, 49.3207], [90.9508, 49.3209], [90.954, 49.321], [90.9613, 49.3192], [90.9681, 49.3192], [90.9765, 49.3207], [90.984, 49.3222], [90.9866, 49.3245], [90.9894, 49.3259]]}}, {"type": "Feature", "properties": {}, "geometry": {"type": "LineString", "coordinates": [[92.3715, 47.9411], [92.3787, 47.9205], [92.3794, 47.9146], [92.3817, 47.9108], [92.3839, 47.9046], [92.3834, 47.8995], [92.3824, 47.8928], [92.386, 47.8883], [92.3896, 47.8837], [92.3984, 47.876], [92.3989, 47.8713], [92.4015, 47.8603], [92.4025, 47.8571], [92.4024, 47.8516], [92.4022, 47.8472], [92.4036, 47.8415], [92.4049, 47.8371], [92.4039, 47.8303], [92.4037, 47.8284], [92.4022, 47.8255], [92.4002, 47.8213], [92.3998, 47.8177], [92.3992, 47.814], [92.3988, 47.8109], [92.3991, 47.807], [92.4007, 47.8031], [92.4025, 47.8004], [92.4047, 47.7968], [92.4059, 47.7939], [92.4072, 47.7912], [92.4079, 47.7889], [92.4083, 47.7868], [92.4131, 47.782], [92.4147, 47.7784], [92.4172, 47.7756], [92.4203, 47.7711], [92.4224, 47.7681], [92.4228, 47.7658], [92.4268, 47.7621], [92.4302, 47.7595], [92.433, 47.7573], [92.432, 47.7552], [92.4329, 47.7537], [92.4338, 47.7501], [92.4344, 47.7473], [92.4351, 47.7442], [92.4357, 47.7417], [92.436, 47.7371], [92.4363, 47.7336], [92.4363, 47.7305], [92.4367, 47.728], [92.4366, 47.7262], [92.4364, 47.7243], [92.4377, 47.7207], [92.4386, 47.7161], [92.4393, 47.7135], [92.4407, 47.7097], [92.4444, 47.7059], [92.4457, 47.7009], [92.4444, 47.6964], [92.4442, 47.6898], [92.4477, 47.6866], [92.4513, 47.6809], [92.4555, 47.6771], [92.4587, 47.6736], [92.4603, 47.6695], [92.4622, 47.6658], [92.468, 47.6618], [92.4725, 47.6579], [92.4678, 47.65], [92.4616, 47.645], [92.4568, 47.6388], [92.4551, 47.6344], [92.4535, 47.6297], [92.4535, 47.6241], [92.4531, 47.6215], [92.4534, 47.6173], [92.4559, 47.6143], [92.4556, 47.6125], [92.4555, 47.6108], [92.4562, 47.6096], [92.4563, 47.6077], [92.4562, 47.6061], [92.4569, 47.6044], [92.4572, 47.6027], [92.4591, 47.6015], [92.4605, 47.6006], [92.4629, 47.6003], [92.4638, 47.5999], [92.4671, 47.5991], [92.4699, 47.5989], [92.473, 47.5985], [92.4743, 47.5988], [92.475, 47.5995], [92.4772, 47.5998], [92.4809, 47.5999], [92.4832, 47.5992], [92.4918, 47.5968], [92.4969, 47.5939], [92.4972, 47.5893], [92.4953, 47.5837], [92.5028, 47.5793], [92.5096, 47.5748], [92.5132, 47.5696], [92.519, 47.566], [92.5232, 47.562], [92.5228, 47.5538], [92.5276, 47.5499], [92.5293, 47.544], [92.5351, 47.5404], [92.5393, 47.5357], [92.5408, 47.5322], [92.5476, 47.5287], [92.5549, 47.5266], [92.5591, 47.5248], [92.5634, 47.5223], [92.569, 47.5205], [92.5707, 47.5201], [92.573, 47.5194], [92.5772, 47.518]]}}, {"type": "Feature", "properties": {"name": "Har-Us-Nuur Fault"}, "geometry": {"type": "LineString", "coordinates": [[93.2102, 47.1052], [93.2597, 47.0714], [93.303, 47.0315], [93.3381, 46.9986], [93.3692, 46.9823]]}}, {"type": "Feature", "properties": {"name": "Har-Us-Nuur Fault"}, "geometry": {"type": "LineString", "coordinates": [[92.7813, 47.4647], [92.7897, 47.4438], [92.8033, 47.4221], [92.8169, 47.4056], [92.8518, 47.3522], [92.8739, 47.3293], [92.8915, 47.3132], [92.9617, 47.2581], [92.9706, 47.252], [92.982, 47.2435], [92.9924, 47.239], [93.0027, 47.2302], [93.0142, 47.2232], [93.0203, 47.219], [93.0297, 47.2134], [93.0374, 47.2082], [93.0444, 47.2041], [93.064, 47.1925], [93.0796, 47.1852], [93.0925, 47.1789], [93.1036, 47.1724], [93.1182, 47.1644], [93.1321, 47.1585], [93.1473, 47.1511], [93.1625, 47.1402], [93.1728, 47.1331], [93.1858, 47.1231], [93.2012, 47.1113], [93.2102, 47.1052]]}}, {"type": "Feature", "properties": {"name": "Zereg Fault"}, "geometry": {"type": "LineString", "coordinates": [[92.2286, 47.4664], [92.2316, 47.465], [92.2365, 47.4625], [92.2425, 47.4585], [92.2498, 47.4548], [92.2517, 47.453], [92.2547, 47.4493], [92.2596, 47.4455], [92.267, 47.4424], [92.2745, 47.4396], [92.2796, 47.4372], [92.2877, 47.4353], [92.2928, 47.4346], [92.2991, 47.4328], [92.3088, 47.4321], [92.3163, 47.4317], [92.3228, 47.4303], [92.3278, 47.4282], [92.3347, 47.4252], [92.339, 47.4211], [92.3455, 47.4176], [92.3495, 47.4131], [92.3501, 47.409], [92.3497, 47.4044], [92.35, 47.3998], [92.3507, 47.3963], [92.3535, 47.3918], [92.3563, 47.3864], [92.3592, 47.3842], [92.3645, 47.3829], [92.3691, 47.3792], [92.3783, 47.3743], [92.3823, 47.3684], [92.3872, 47.363], [92.3927, 47.3582], [92.3974, 47.354], [92.4039, 47.3501], [92.4088, 47.3472], [92.4139, 47.3437], [92.4181, 47.3394], [92.4214, 47.3343], [92.4271, 47.3284], [92.4343, 47.3232], [92.4389, 47.321], [92.4455, 47.3162], [92.4514, 47.3129], [92.457, 47.3094], [92.4642, 47.3043], [92.4711, 47.3002], [92.4789, 47.2955], [92.4851, 47.291], [92.4875, 47.286], [92.4934, 47.2809], [92.5004, 47.274], [92.5047, 47.2705], [92.5104, 47.2651], [92.5145, 47.261], [92.5171, 47.2572], [92.5216, 47.2528], [92.5266, 47.2482], [92.5293, 47.2408], [92.5343, 47.2348], [92.5386, 47.2313], [92.545, 47.2278], [92.5476, 47.2218], [92.5538, 47.2176], [92.5571, 47.211], [92.5619, 47.207], [92.5694, 47.2034], [92.5765, 47.1996], [92.5835, 47.1948], [92.59, 47.1898], [92.5948, 47.1851], [92.602, 47.1793], [92.6078, 47.1745], [92.6134, 47.1711], [92.6186, 47.1676], [92.6278, 47.1637], [92.6362, 47.1613], [92.6397, 47.1571], [92.6454, 47.1519], [92.6523, 47.1459], [92.6629, 47.1397], [92.6684, 47.1368], [92.677, 47.1311], [92.6848, 47.1253], [92.6924, 47.1186], [92.696, 47.1151], [92.7011, 47.1109], [92.7122, 47.1017], [92.719, 47.0989], [92.7253, 47.0964], [92.7343, 47.0921], [92.7419, 47.0857], [92.7479, 47.0805], [92.7594, 47.0744], [92.7671, 47.0705], [92.7693, 47.0657], [92.7742, 47.0605], [92.7763, 47.0577], [92.782, 47.0543], [92.783, 47.0482], [92.7887, 47.0446], [92.7911, 47.0431], [92.7965, 47.0384], [92.8022, 47.0352], [92.8077, 47.0305], [92.8133, 47.0278], [92.8205, 47.0264], [92.8252, 47.0235], [92.8289, 47.0211], [92.8346, 47.018], [92.837, 47.0156]]}}, {"type": "Feature", "properties": {"name": "Altun Huhey Uul Fault"}, "geometry": {"type": "LineString", "coordinates": [[91.3593, 48.9469], [91.3638, 48.9382], [91.367, 48.9288], [91.3694, 48.9216], [91.3714, 48.9142], [91.3731, 48.9034], [91.377, 48.8938], [91.3771, 48.8854], [91.3785, 48.8733], [91.3789, 48.8616], [91.3808, 48.8528], [91.384, 48.8426], [91.3906, 48.8366], [91.3967, 48.832], [91.4031, 48.8286], [91.4, 48.8243], [91.3989, 48.8214], [91.401, 48.8165], [91.4, 48.8132], [91.4025, 48.8098], [91.4043, 48.8077], [91.4061, 48.8063], [91.4063, 48.8045], [91.4099, 48.8014], [91.4134, 48.7996], [91.4168, 48.7982], [91.4173, 48.7954], [91.419, 48.7933], [91.42, 48.7902], [91.4199, 48.7875], [91.4234, 48.7845], [91.4261, 48.7818], [91.4265, 48.7795], [91.4296, 48.7766], [91.43, 48.7743], [91.4306, 48.7716], [91.4328, 48.7695], [91.438, 48.7675], [91.444, 48.766], [91.4496, 48.7646], [91.4517, 48.7634], [91.4541, 48.7612], [91.4556, 48.7592], [91.4576, 48.7578], [91.4612, 48.7565], [91.4621, 48.7545], [91.4634, 48.753], [91.4658, 48.7516], [91.4687, 48.7509], [91.4715, 48.7503], [91.4732, 48.7493], [91.474, 48.7477], [91.4758, 48.7463], [91.4781, 48.7456], [91.4784, 48.7442], [91.4791, 48.7419], [91.4805, 48.7395], [91.4828, 48.738], [91.4839, 48.7369], [91.4852, 48.7357], [91.4884, 48.7346], [91.4934, 48.7334], [91.498, 48.7307], [91.5022, 48.7298], [91.5065, 48.7303], [91.5087, 48.7273], [91.5102, 48.7247], [91.5149, 48.7226], [91.5192, 48.7218], [91.5189, 48.7175], [91.5204, 48.7134], [91.5241, 48.7112], [91.5259, 48.7098], [91.5279, 48.7068], [91.5316, 48.7039], [91.5372, 48.7013], [91.5424, 48.6995], [91.546, 48.6982], [91.5513, 48.6968], [91.5564, 48.6956], [91.562, 48.6946], [91.5684, 48.694], [91.576, 48.6931], [91.5827, 48.6935], [91.591, 48.694], [91.5978, 48.6923], [91.6038, 48.6907], [91.6108, 48.6886], [91.6194, 48.6842], [91.6246, 48.6797], [91.6289, 48.6782], [91.6345, 48.6777], [91.6365, 48.6776], [91.6412, 48.6776], [91.6463, 48.6765], [91.6576, 48.6769], [91.6642, 48.6759], [91.6714, 48.674], [91.6742, 48.6721], [91.6766, 48.6699], [91.6767, 48.667], [91.6763, 48.665], [91.6776, 48.6619], [91.6797, 48.6588], [91.6822, 48.6548], [91.6821, 48.6522], [91.6824, 48.6486], [91.6847, 48.6429], [91.6857, 48.6396], [91.6853, 48.6358], [91.6857, 48.6311], [91.6866, 48.6268], [91.684, 48.6219], [91.6865, 48.6167], [91.6875, 48.6127], [91.6889, 48.6081], [91.6945, 48.6005], [91.6949, 48.5945], [91.6966, 48.5883], [91.6987, 48.5869]]}}, {"type": "Feature", "properties": {}, "geometry": {"type": "LineString", "coordinates": [[90.6098, 48.6632], [90.6086, 48.6589], [90.6088, 48.6565], [90.6081, 48.654], [90.6094, 48.6514], [90.6107, 48.6484], [90.6109, 48.6466], [90.6111, 48.6444], [90.611, 48.6426], [90.6108, 48.6411], [90.6119, 48.6398], [90.6117, 48.6391], [90.6115, 48.638], [90.6107, 48.6362], [90.6094, 48.6326], [90.6083, 48.6304], [90.6059, 48.6278], [90.6052, 48.6249], [90.6063, 48.6176], [90.6069, 48.615], [90.6077, 48.6104], [90.6088, 48.6065], [90.6123, 48.6024], [90.6187, 48.5981], [90.622, 48.5958], [90.6276, 48.5934], [90.6339, 48.59], [90.6368, 48.5883], [90.6409, 48.587], [90.6465, 48.5848], [90.6539, 48.5809], [90.6594, 48.579], [90.6612, 48.5782], [90.664, 48.577], [90.6667, 48.5762], [90.6709, 48.5746], [90.674, 48.5739], [90.6775, 48.5723], [90.6809, 48.5713], [90.6844, 48.57], [90.6878, 48.5692], [90.6879, 48.5664], [90.6872, 48.5643], [90.6868, 48.5629], [90.6859, 48.5608], [90.6864, 48.559], [90.6888, 48.5568], [90.6916, 48.5549], [90.6951, 48.5535], [90.7015, 48.5512], [90.7058, 48.5501], [90.7086, 48.5493], [90.7124, 48.5477], [90.7145, 48.5467], [90.7195, 48.5449], [90.7209, 48.5444], [90.7226, 48.544], [90.726, 48.5434], [90.7311, 48.5427], [90.7343, 48.5419], [90.7403, 48.5407], [90.7418, 48.5406], [90.7435, 48.5404], [90.7479, 48.5399], [90.7516, 48.539], [90.7535, 48.5385], [90.7582, 48.5381], [90.7662, 48.5369], [90.7686, 48.5371], [90.7737, 48.5364], [90.7773, 48.5353], [90.7815, 48.5339], [90.7835, 48.5335], [90.7883, 48.5321], [90.7916, 48.5312], [90.7965, 48.5287], [90.7986, 48.5278], [90.8017, 48.5265], [90.8043, 48.5256], [90.8065, 48.5239], [90.8103, 48.5226], [90.8134, 48.5212], [90.8176, 48.5195], [90.8211, 48.518], [90.8246, 48.518], [90.8265, 48.5173]]}}, {"type": "Feature", "properties": {"name": "Hoh Serh Fault"}, "geometry": {"type": "LineString", "coordinates": [[90.5473, 48.7651], [90.5487, 48.755], [90.5477, 48.7494], [90.5435, 48.7412], [90.5427, 48.7337], [90.5408, 48.7294], [90.5408, 48.723], [90.5419, 48.7164], [90.5433, 48.7125], [90.5414, 48.7051], [90.5417, 48.6998], [90.5426, 48.6941], [90.5433, 48.6883], [90.5448, 48.6833], [90.5479, 48.6795], [90.5486, 48.6762], [90.5496, 48.6734], [90.5497, 48.669], [90.5502, 48.6639], [90.5497, 48.6594], [90.5497, 48.6563], [90.5507, 48.6531], [90.5521, 48.6503], [90.5536, 48.6457], [90.5546, 48.6418], [90.5553, 48.6389], [90.5536, 48.6329], [90.5526, 48.6266], [90.5518, 48.6219], [90.5527, 48.6167], [90.558, 48.6047], [90.5795, 48.5595], [90.5851, 48.5478], [90.5881, 48.5305], [90.5906, 48.5242], [90.6015, 48.503], [90.608, 48.4918], [90.6131, 48.4815], [90.6197, 48.4694], [90.6249, 48.4581], [90.633, 48.4452], [90.634, 48.4351], [90.6368, 48.4274], [90.6389, 48.4216], [90.6387, 48.416], [90.6383, 48.4087], [90.6404, 48.4016], [90.6405, 48.3956], [90.6424, 48.3906], [90.6435, 48.3862], [90.6475, 48.3794], [90.6487, 48.3718], [90.6489, 48.368], [90.6558, 48.3449], [90.6551, 48.3389], [90.6582, 48.3282], [90.6605, 48.3219], [90.6623, 48.3149], [90.6616, 48.3052], [90.6639, 48.2958], [90.6672, 48.2835], [90.6741, 48.2679], [90.6787, 48.2557], [90.6855, 48.2419], [90.6884, 48.2327], [90.6913, 48.224], [90.699, 48.2067], [90.7086, 48.1912], [90.7129, 48.1816], [90.7211, 48.1727], [90.7284, 48.166], [90.7311, 48.1586], [90.7368, 48.1482], [90.7439, 48.1375], [90.7556, 48.1261], [90.7654, 48.1141], [90.7922, 48.0777], [90.8055, 48.0638], [90.8145, 48.0469], [90.8225, 48.0331], [90.8297, 48.014], [90.8315, 48.0025], [90.8293, 47.9982], [90.8303, 47.9941], [90.8314, 47.9917], [90.8331, 47.9884], [90.8348, 47.9846], [90.8367, 47.9819], [90.8379, 47.976], [90.8398, 47.9723], [90.843, 47.9684], [90.8446, 47.9635], [90.8468, 47.9582], [90.8487, 47.9537], [90.8515, 47.9476], [90.8553, 47.9433], [90.8579, 47.937], [90.8598, 47.9318], [90.8605, 47.9266], [90.8629, 47.9202], [90.8648, 47.9159], [90.8679, 47.9116], [90.8716, 47.9038], [90.875, 47.8961], [90.8781, 47.8915], [90.8824, 47.8831], [90.886, 47.8778], [90.8894, 47.8722], [90.893, 47.865], [90.8952, 47.8597], [90.9014, 47.8519], [90.9046, 47.8475], [90.9109, 47.8408], [90.9189, 47.831], [90.9229, 47.8265], [90.9278, 47.8203], [90.9321, 47.81], [90.9345, 47.8019], [90.937, 47.7957], [90.9464, 47.7623], [90.9598, 47.7461], [90.9729, 47.7329], [90.9947, 47.7109], [91.0022, 47.7015], [91.0249, 47.6834], [91.032, 47.6775], [91.0569, 47.6631], [91.0868, 47.652], [91.1009, 47.6407], [91.1179, 47.6277], [91.129, 47.6202], [91.1387, 47.6149], [91.147, 47.6103]]}}, {"type": "Feature", "properties": {"name": "West Sayan Fault"}, "geometry": {"type": "LineString", "coordinates": [[94.7258, 53.4225], [94.7358, 53.4229], [94.7523, 53.4232], [94.7673, 53.4228], [94.7795, 53.4224], [94.7911, 53.4218], [94.8032, 53.4215], [94.8242, 53.4221], [94.8394, 53.4206], [94.859, 53.4215], [94.8718, 53.4201], [94.8928, 53.4219], [94.9135, 53.4253], [94.928, 53.4279], [94.9483, 53.4332], [94.9619, 53.435], [94.9837, 53.4369], [94.9981, 53.4388], [95.0117, 53.4404], [95.0224, 53.4435], [95.0362, 53.4466], [95.045, 53.4495], [95.054, 53.452], [95.0766, 53.454], [95.0939, 53.4565], [95.1105, 53.4593], [95.1282, 53.461], [95.1682, 53.4628], [95.1885, 53.4647], [95.207, 53.4649], [95.2252, 53.4656], [95.2459, 53.4653], [95.2655, 53.4659], [95.2811, 53.4662], [95.2962, 53.4674], [95.3125, 53.4664], [95.3366, 53.4652], [95.3545, 53.4613], [95.3733, 53.4612], [95.3885, 53.4619], [95.4122, 53.4618], [95.444, 53.462], [95.4748, 53.4624], [95.5099, 53.4636], [95.5388, 53.465], [95.5629, 53.4647], [95.5862, 53.4643], [95.6103, 53.4649], [95.628, 53.4676], [95.6484, 53.4698], [95.6632, 53.4714], [95.6839, 53.4715], [95.7131, 53.4718], [95.7272, 53.4729], [95.7535, 53.4734], [95.7809, 53.4726], [95.798, 53.4695], [95.8339, 53.4634], [95.8524, 53.4608], [95.8709, 53.4623], [95.8868, 53.4624], [95.8991, 53.4615], [95.9191, 53.4575], [95.9424, 53.4555], [95.9694, 53.4518], [95.9964, 53.4518], [96.0246, 53.4538], [96.0442, 53.4567], [96.0764, 53.4564], [96.0956, 53.456], [96.106, 53.4566], [96.1142, 53.4566], [96.1253, 53.4579], [96.1308, 53.4575], [96.143, 53.4579], [96.1567, 53.4592], [96.1756, 53.4623], [96.1979, 53.4633], [96.2215, 53.4615], [96.27, 53.4581], [96.293, 53.4556], [96.3292, 53.4513], [96.3573, 53.4513], [96.3825, 53.4507], [96.4077, 53.4507], [96.4432, 53.4519], [96.4621, 53.4522], [96.4773, 53.4524], [96.498, 53.4521], [96.5139, 53.4511], [96.5398, 53.4523], [96.5665, 53.4533], [96.585, 53.4546], [96.6013, 53.4567], [96.6298, 53.4552], [96.6694, 53.4543], [96.6953, 53.4542], [96.7257, 53.4573], [96.7855, 53.4651], [96.8207, 53.4704], [96.8486, 53.4733], [96.8801, 53.4757], [96.9116, 53.4773], [96.9383, 53.4786], [96.9532, 53.4807], [96.977, 53.4838], [96.9947, 53.4828]]}}, {"type": "Feature", "properties": {"name": "West Sayan Fault"}, "geometry": {"type": "LineString", "coordinates": [[93.9628, 53.2422], [93.9805, 53.2485], [93.9933, 53.2511], [94.006, 53.2549], [94.0151, 53.2583], [94.03, 53.2624], [94.0446, 53.2646], [94.0677, 53.2676], [94.0863, 53.2719], [94.1069, 53.2733], [94.1208, 53.2769], [94.1456, 53.2823], [94.1912, 53.2934], [94.2079, 53.2994], [94.2343, 53.3047], [94.2535, 53.3122], [94.2835, 53.3193], [94.327, 53.329], [94.3789, 53.343], [94.4109, 53.3558], [94.4729, 53.3796], [94.5072, 53.3906], [94.5372, 53.4011], [94.5673, 53.4064], [94.61, 53.4135], [94.6601, 53.4176]]}}, {"type": "Feature", "properties": {}, "geometry": {"type": "LineString", "coordinates": [[90.0308, 51.1303], [90.049, 51.1335], [90.065, 51.1374], [90.0708, 51.139], [90.079, 51.141], [90.0867, 51.144], [90.0968, 51.1476], [90.1055, 51.151], [90.1156, 51.1543], [90.1239, 51.1583], [90.1314, 51.1604], [90.1368, 51.162], [90.1463, 51.1647], [90.1503, 51.1665], [90.1617, 51.1684], [90.1719, 51.1718], [90.1768, 51.174], [90.1845, 51.1773], [90.192, 51.1794], [90.1974, 51.181], [90.2049, 51.1834], [90.2196, 51.1894], [90.2316, 51.192], [90.2509, 51.1943], [90.2611, 51.1954], [90.2726, 51.1979], [90.288, 51.2], [90.3009, 51.2029], [90.315, 51.2067], [90.3262, 51.2116], [90.3341, 51.2146], [90.3436, 51.2178], [90.3513, 51.2209], [90.3613, 51.2247], [90.3718, 51.2291], [90.3814, 51.2332], [90.3882, 51.239], [90.3942, 51.2421], [90.3984, 51.2452], [90.4032, 51.2475], [90.4118, 51.2504], [90.4218, 51.2532], [90.4354, 51.259], [90.4418, 51.2618], [90.4476, 51.2645], [90.4549, 51.2669], [90.464, 51.2704], [90.4792, 51.2778], [90.4863, 51.2815], [90.4916, 51.2841], [90.5017, 51.2911], [90.5086, 51.2946], [90.5141, 51.2987], [90.5251, 51.304], [90.5341, 51.3082], [90.5415, 51.3113], [90.5546, 51.3159], [90.5656, 51.3182], [90.5719, 51.3201], [90.5791, 51.3206], [90.5891, 51.3236], [90.6019, 51.3261], [90.6222, 51.3262], [90.6374, 51.3277], [90.6614, 51.3293], [90.6729, 51.3305], [90.6834, 51.3328], [90.6997, 51.335], [90.7136, 51.337], [90.7211, 51.3377], [90.7387, 51.3383], [90.7448, 51.3379], [90.7594, 51.3396], [90.7727, 51.3411], [90.7945, 51.3469], [90.8217, 51.3515], [90.8364, 51.3536], [90.8453, 51.3553], [90.8601, 51.36], [90.8708, 51.3651], [90.8855, 51.3727], [90.8951, 51.3788], [90.9009, 51.384], [90.9107, 51.3877], [90.9222, 51.3924], [90.9241, 51.393], [90.9309, 51.3952], [90.936, 51.3965], [90.9421, 51.399], [90.9496, 51.402], [90.9573, 51.4049], [90.9628, 51.407], [90.9699, 51.4091], [90.9854, 51.414], [91.0037, 51.4198], [91.0121, 51.4234], [91.0221, 51.428], [91.0348, 51.4356], [91.0434, 51.4383], [91.0475, 51.4392], [91.0581, 51.4418], [91.0709, 51.4475], [91.0909, 51.4506], [91.1092, 51.4521], [91.1258, 51.4525]]}}, {"type": "Feature", "properties": {}, "geometry": {"type": "LineString", "coordinates": [[91.3131, 51.5002], [91.3232, 51.5033], [91.3333, 51.5089], [91.3434, 51.5139], [91.3497, 51.5185], [91.3515, 51.5208], [91.3575, 51.5243], [91.3618, 51.5285], [91.3646, 51.5307], [91.3703, 51.5331], [91.3748, 51.5349], [91.3817, 51.5378], [91.3862, 51.5404], [91.3907, 51.5423], [91.3937, 51.5435], [91.3981, 51.5459], [91.4075, 51.549], [91.4148, 51.5518], [91.417, 51.5525], [91.4286, 51.5627], [91.4385, 51.5705], [91.4436, 51.5759], [91.4594, 51.5833], [91.4797, 51.59], [91.4936, 51.5942], [91.5138, 51.6004], [91.5355, 51.6073], [91.5516, 51.6155], [91.5651, 51.6192], [91.5722, 51.6207], [91.5907, 51.6263], [91.6063, 51.6339], [91.6164, 51.6373], [91.6301, 51.6409], [91.641, 51.6474], [91.6505, 51.6504], [91.659, 51.6522], [91.671, 51.6555], [91.6808, 51.657], [91.6854, 51.6579], [91.6927, 51.661], [91.702, 51.6636], [91.7101, 51.6659], [91.7223, 51.6693], [91.7365, 51.6734], [91.7497, 51.6758], [91.7582, 51.6779], [91.7659, 51.6807], [91.7756, 51.6833], [91.7843, 51.6857], [91.7948, 51.6878], [91.8119, 51.6912], [91.8359, 51.6936], [91.8416, 51.6947], [91.8529, 51.6966], [91.8664, 51.7003], [91.8761, 51.7035], [91.8906, 51.7083], [91.8988, 51.7115], [91.9075, 51.7177], [91.9198, 51.7221], [91.9279, 51.7245], [91.9385, 51.7274], [91.952, 51.7285], [91.9645, 51.73], [91.9771, 51.7321], [91.9936, 51.7353], [92.001, 51.7375], [92.0134, 51.7408], [92.0223, 51.7421], [92.0419, 51.7431], [92.0534, 51.7458], [92.0682, 51.7469], [92.0833, 51.7484], [92.098, 51.751], [92.1092, 51.753], [92.1203, 51.7541], [92.1348, 51.756], [92.1479, 51.7565], [92.1668, 51.7565], [92.1792, 51.7569], [92.1979, 51.7579], [92.2167, 51.7581], [92.2336, 51.7589], [92.253, 51.7619], [92.2712, 51.7674], [92.2907, 51.7727], [92.298, 51.7757], [92.3065, 51.778], [92.3139, 51.7791], [92.3297, 51.7819], [92.3427, 51.7847], [92.3482, 51.7874], [92.3605, 51.792], [92.3756, 51.7947], [92.377, 51.7948]]}}, {"type": "Feature", "properties": {}, "geometry": {"type": "LineString", "coordinates": [[97.3156, 50.5921], [97.3175, 50.5945], [97.3185, 50.5965], [97.3208, 50.5984], [97.3232, 50.5995], [97.3269, 50.6009], [97.3285, 50.6023], [97.3305, 50.6036], [97.3319, 50.6057], [97.3374, 50.608], [97.34, 50.6089], [97.3415, 50.6114], [97.3424, 50.6128], [97.3443, 50.6144], [97.345, 50.6155], [97.3477, 50.6177], [97.3509, 50.6201], [97.3527, 50.6224], [97.3527, 50.6263], [97.3511, 50.6283], [97.35, 50.6306], [97.3477, 50.6359], [97.3476, 50.6385], [97.3472, 50.6416], [97.3474, 50.6435], [97.3476, 50.6442], [97.3471, 50.6461], [97.348, 50.6504], [97.3507, 50.6547], [97.3544, 50.6579], [97.358, 50.6601], [97.366, 50.6617], [97.3726, 50.6623], [97.3861, 50.6636], [97.3922, 50.6656], [97.3949, 50.6685], [97.3964, 50.6701], [97.3997, 50.6729], [97.402, 50.6738], [97.4078, 50.6754], [97.4186, 50.6761], [97.4253, 50.6772], [97.4302, 50.6786], [97.4353, 50.6802], [97.4388, 50.6819], [97.4417, 50.6842], [97.4436, 50.6857], [97.4491, 50.6884], [97.4505, 50.6904], [97.4539, 50.6911], [97.4603, 50.6921], [97.4616, 50.694], [97.4643, 50.6963], [97.4691, 50.6994], [97.472, 50.7026], [97.478, 50.7052], [97.4812, 50.7074], [97.4872, 50.7102], [97.4915, 50.7141], [97.4947, 50.7161], [97.501, 50.718], [97.5049, 50.7195], [97.5085, 50.7234], [97.5121, 50.7264], [97.5188, 50.7286], [97.5213, 50.7301], [97.5242, 50.7334], [97.5344, 50.7372], [97.5379, 50.7396], [97.5443, 50.7413], [97.5582, 50.7417], [97.561, 50.7419], [97.5704, 50.7427], [97.5782, 50.7446], [97.5834, 50.7447], [97.5869, 50.7447], [97.5966, 50.7443], [97.6085, 50.7449], [97.6126, 50.7465], [97.6175, 50.7492], [97.6228, 50.7502], [97.6266, 50.7509], [97.6347, 50.7525], [97.6436, 50.7523], [97.6499, 50.7543], [97.6522, 50.7578], [97.6537, 50.762], [97.6547, 50.7653], [97.6594, 50.7694], [97.6603, 50.7715], [97.664, 50.7728], [97.6676, 50.7743], [97.6727, 50.7762], [97.6787, 50.7787], [97.6834, 50.7798], [97.6882, 50.7819], [97.6943, 50.7852], [97.7017, 50.7917], [97.7028, 50.7941], [97.705, 50.7962], [97.7084, 50.7984], [97.7137, 50.8004], [97.7174, 50.8022], [97.7196, 50.8064], [97.7211, 50.8085], [97.7212, 50.8108], [97.7223, 50.8117], [97.7256, 50.8132], [97.7266, 50.8143], [97.7299, 50.8157]]}}, {"type": "Feature", "properties": {}, "geometry": {"type": "LineString", "coordinates": [[98.194, 50.4938], [98.2007, 50.4813], [98.2037, 50.4743], [98.2064, 50.4652], [98.2095, 50.458], [98.2108, 50.4525], [98.2107, 50.4441], [98.2099, 50.4339], [98.2086, 50.429], [98.206, 50.4201], [98.2046, 50.4051], [98.2014, 50.3948], [98.1987, 50.3831], [98.1967, 50.3756], [98.194, 50.364], [98.1879, 50.3499], [98.1841, 50.3436], [98.1826, 50.3334], [98.1808, 50.3233], [98.1783, 50.3147], [98.1745, 50.3075], [98.1697, 50.2999], [98.1565, 50.284], [98.1526, 50.2805], [98.1484, 50.2724], [98.1419, 50.2641], [98.1386, 50.254], [98.1369, 50.2447], [98.1292, 50.2349], [98.1241, 50.2284], [98.123, 50.2211]]}}, {"type": "Feature", "properties": {}, "geometry": {"type": "LineString", "coordinates": [[98.0755, 51.5117], [98.0745, 51.5051], [98.0708, 51.5008], [98.0678, 51.4986], [98.069, 51.4933], [98.0696, 51.4855], [98.0658, 51.4807], [98.0652, 51.4757], [98.0658, 51.4696], [98.0669, 51.4631], [98.0691, 51.4556], [98.068, 51.448], [98.0676, 51.4414], [98.0688, 51.4378], [98.0682, 51.4326], [98.0671, 51.4267], [98.0672, 51.4226], [98.0606, 51.4116], [98.0552, 51.4075], [98.0522, 51.4027], [98.0512, 51.397], [98.0491, 51.3916], [98.0487, 51.3883], [98.0479, 51.3822], [98.0454, 51.3766], [98.0385, 51.3697], [98.0377, 51.3667], [98.038, 51.3611], [98.0394, 51.3576], [98.0403, 51.354], [98.0412, 51.351], [98.0399, 51.3478], [98.0387, 51.3454], [98.0364, 51.341], [98.0348, 51.3379], [98.0341, 51.3334], [98.0341, 51.3286], [98.0356, 51.3238], [98.0421, 51.319], [98.0459, 51.3168], [98.0484, 51.3125], [98.0498, 51.3091], [98.0533, 51.3043], [98.0531, 51.2992], [98.0567, 51.2937], [98.059, 51.2905], [98.0596, 51.2876]]}}, {"type": "Feature", "properties": {}, "geometry": {"type": "LineString", "coordinates": [[98.1001, 51.3789], [98.1033, 51.3722], [98.1031, 51.3687], [98.107, 51.3611], [98.1057, 51.3553], [98.1058, 51.3509], [98.1067, 51.3476], [98.1098, 51.3438], [98.1134, 51.3377], [98.1178, 51.3348], [98.1216, 51.3318], [98.1256, 51.3282], [98.1269, 51.3247], [98.1299, 51.3217], [98.1343, 51.3181], [98.1388, 51.3158], [98.1439, 51.3111], [98.1461, 51.306], [98.149, 51.3008], [98.1484, 51.2955], [98.1502, 51.288], [98.1495, 51.2812], [98.1447, 51.2755], [98.1381, 51.2703], [98.132, 51.2684], [98.1251, 51.2644], [98.1183, 51.2609], [98.1139, 51.2582], [98.1078, 51.2543], [98.1043, 51.2488], [98.094, 51.2452], [98.0829, 51.2423], [98.0768, 51.2389], [98.0738, 51.2361], [98.0725, 51.2296], [98.0678, 51.2265], [98.0638, 51.2214], [98.0605, 51.2166], [98.0584, 51.2144], [98.0558, 51.2112], [98.0557, 51.2078], [98.0526, 51.2023], [98.0507, 51.1989], [98.0507, 51.1954], [98.0514, 51.1911], [98.0476, 51.1881], [98.0525, 51.1771], [98.0517, 51.1747], [98.0499, 51.1682], [98.0502, 51.1642], [98.0499, 51.1612], [98.048, 51.1576], [98.0436, 51.154], [98.0404, 51.15], [98.0395, 51.1455], [98.0393, 51.1435], [98.0371, 51.1412], [98.0338, 51.1387], [98.0319, 51.1358], [98.0304, 51.1332], [98.0301, 51.1274], [98.0296, 51.1237], [98.0293, 51.1166], [98.0277, 51.1129], [98.0223, 51.1086], [98.0164, 51.102], [98.0142, 51.1007], [98.0098, 51.0968], [98.0047, 51.0923], [98.002, 51.0868], [98.0003, 51.08], [97.9997, 51.0738], [97.9988, 51.0687], [97.9957, 51.0628], [97.9911, 51.06], [97.986, 51.0557], [97.9794, 51.0503], [97.978, 51.0423], [97.9792, 51.0375], [97.9823, 51.0268], [97.9814, 51.0228], [97.9805, 51.0171], [97.9823, 51.0104], [97.9812, 51.0061], [97.9816, 51.0025], [97.9816, 50.9996], [97.9827, 50.9975], [97.9832, 50.9961], [97.9825, 50.9942], [97.9821, 50.9922], [97.9803, 50.989], [97.9795, 50.9878], [97.9774, 50.9856], [97.9773, 50.9833], [97.979, 50.9792], [97.9778, 50.9764], [97.9774, 50.9739], [97.9769, 50.9712], [97.9768, 50.9681], [97.9779, 50.9644], [97.9775, 50.9594], [97.9748, 50.9535], [97.9729, 50.9497], [97.97, 50.948], [97.966, 50.9446], [97.9581, 50.9409]]}}, {"type": "Feature", "properties": {}, "geometry": {"type": "LineString", "coordinates": [[98.5334, 51.9954], [98.5239, 51.9916], [98.516, 51.9909], [98.5038, 51.9899], [98.498, 51.9895], [98.4859, 51.9898], [98.4643, 51.9876], [98.4284, 51.9861], [98.4118, 51.9847], [98.3982, 51.9841], [98.3852, 51.9822], [98.3728, 51.978], [98.359, 51.9743], [98.3328, 51.966], [98.3254, 51.9617], [98.3092, 51.9565], [98.2946, 51.9533], [98.2866, 51.9517], [98.2748, 51.9471], [98.2682, 51.945], [98.2609, 51.9422], [98.2585, 51.9406], [98.2543, 51.9383], [98.252, 51.9343], [98.2489, 51.9312], [98.2433, 51.9294], [98.2383, 51.9266], [98.23, 51.9251], [98.2213, 51.9217], [98.2158, 51.9182], [98.2088, 51.9154], [98.2004, 51.9117], [98.1914, 51.91], [98.184, 51.9055], [98.177, 51.9013], [98.1731, 51.8977], [98.1695, 51.8929], [98.165, 51.8876], [98.1628, 51.8838], [98.1591, 51.8809], [98.151, 51.8749], [98.1445, 51.8716], [98.1389, 51.8653], [98.1366, 51.8623], [98.1301, 51.8577], [98.1209, 51.8538], [98.1177, 51.8506], [98.1142, 51.848], [98.1113, 51.8445], [98.1102, 51.8392], [98.1027, 51.8347], [98.1001, 51.8293]]}}, {"type": "Feature", "properties": {"name": "Fuyun Fault, southern endcap"}, "geometry": {"type": "LineString", "coordinates": [[90.3297, 46.0456], [90.3297, 46.0453], [90.3294, 46.0449], [90.3291, 46.0443], [90.329, 46.0439], [90.3288, 46.0435], [90.3289, 46.0429], [90.3288, 46.0427], [90.3288, 46.042], [90.3286, 46.0413], [90.3284, 46.0409], [90.328, 46.0402], [90.3274, 46.0396], [90.327, 46.0389], [90.3268, 46.0384], [90.3266, 46.0379], [90.3265, 46.0372], [90.3269, 46.0359], [90.3271, 46.0351], [90.3268, 46.0346], [90.3262, 46.034], [90.3262, 46.0332], [90.3263, 46.0323], [90.3257, 46.0311], [90.3246, 46.0303], [90.3228, 46.0294], [90.3218, 46.0286], [90.321, 46.028], [90.3206, 46.0274], [90.3198, 46.0268], [90.3188, 46.0264], [90.3173, 46.0262], [90.316, 46.0261], [90.315, 46.026], [90.3132, 46.026], [90.3124, 46.026], [90.3113, 46.0262], [90.3104, 46.0263], [90.3089, 46.0264], [90.3079, 46.0267], [90.3069, 46.0267], [90.3059, 46.0268]]}}, {"type": "Feature", "properties": {"name": "Fuyun Fault, south central segment"}, "geometry": {"type": "LineString", "coordinates": [[89.9709, 46.6497], [89.9712, 46.6492], [89.9713, 46.6485], [89.971, 46.6479], [89.9705, 46.6473], [89.9706, 46.6464], [89.9715, 46.6448], [89.9717, 46.6438], [89.9718, 46.6433], [89.9722, 46.6426], [89.9724, 46.6422], [89.9724, 46.6416], [89.973, 46.6408], [89.9733, 46.6404], [89.9733, 46.64], [89.9739, 46.6396], [89.9754, 46.639], [89.9759, 46.6389], [89.9762, 46.6385], [89.9761, 46.6381], [89.976, 46.6372], [89.9761, 46.6365], [89.9765, 46.6356], [89.9772, 46.6346], [89.9775, 46.6336], [89.978, 46.6328], [89.9783, 46.6317], [89.9787, 46.6306], [89.9791, 46.6293], [89.9794, 46.6287], [89.9814, 46.6273], [89.9816, 46.6264], [89.9827, 46.6243], [89.9838, 46.6232], [89.9851, 46.6226], [89.9885, 46.6204], [89.9899, 46.6193], [89.9906, 46.6177], [89.9919, 46.6167], [89.9921, 46.6152], [89.9936, 46.6136], [89.9936, 46.6119], [89.9972, 46.6095], [90.0028, 46.6064], [90.005, 46.6044], [90.0055, 46.603], [90.0068, 46.6016], [90.0085, 46.6009], [90.01, 46.5987], [90.0115, 46.5969], [90.0134, 46.5957], [90.0137, 46.5939], [90.0146, 46.5924], [90.0166, 46.591], [90.0182, 46.5898], [90.0193, 46.588], [90.0205, 46.5866], [90.0212, 46.5857], [90.0221, 46.5838], [90.0232, 46.5817], [90.0236, 46.5805], [90.0243, 46.5789], [90.0248, 46.5775], [90.0253, 46.5748], [90.0273, 46.5736], [90.0297, 46.5717], [90.0343, 46.5696], [90.0363, 46.5688], [90.0412, 46.5678], [90.0453, 46.5648], [90.05, 46.5613], [90.054, 46.5568], [90.0574, 46.5527], [90.0598, 46.5497], [90.0642, 46.5439], [90.0679, 46.5404], [90.0709, 46.5383], [90.0734, 46.5341], [90.075, 46.5324], [90.0772, 46.5294], [90.0783, 46.5274], [90.0797, 46.5255], [90.0815, 46.522], [90.0827, 46.5205], [90.0837, 46.5184], [90.0855, 46.5157], [90.0876, 46.5122], [90.0909, 46.5063], [90.0932, 46.5022], [90.0943, 46.4999], [90.0953, 46.4976], [90.096, 46.4955], [90.0965, 46.4942], [90.0961, 46.4936], [90.0968, 46.4914], [90.097, 46.4896], [90.0978, 46.4879], [90.099, 46.4859], [90.1002, 46.4842], [90.1018, 46.4823], [90.1027, 46.4811], [90.1035, 46.48], [90.1044, 46.4759], [90.1049, 46.4738], [90.1045, 46.4702], [90.1048, 46.468], [90.107, 46.4638], [90.1082, 46.4576], [90.1091, 46.4553], [90.1093, 46.4525], [90.109, 46.4499], [90.108, 46.4474], [90.1083, 46.445], [90.1092, 46.442], [90.1103, 46.4361], [90.1082, 46.4266], [90.1191, 46.4212], [90.1207, 46.4151], [90.1224, 46.412], [90.1248, 46.4072], [90.1274, 46.403], [90.1297, 46.3947], [90.1305, 46.3799], [90.142, 46.3675]]}}, {"type": "Feature", "properties": {"name": "Fuyun Fault Splay"}, "geometry": {"type": "LineString", "coordinates": [[90.1037, 46.4799], [90.1044, 46.4784], [90.1053, 46.477], [90.1063, 46.4753], [90.1077, 46.4732], [90.1087, 46.4722], [90.112, 46.4699], [90.1156, 46.4676], [90.1174, 46.4659], [90.1198, 46.4639], [90.1222, 46.462], [90.1239, 46.461]]}}, {"type": "Feature", "properties": {"name": "Fuyun Fault, Central Segment"}, "geometry": {"type": "LineString", "coordinates": [[89.7605, 47.011], [89.7677, 46.995], [89.7687, 46.9918], [89.7695, 46.9897], [89.771, 46.9855], [89.7724, 46.9821], [89.7731, 46.9802], [89.7734, 46.9795], [89.7737, 46.9787], [89.7742, 46.9777], [89.775, 46.9765], [89.7755, 46.9748], [89.7767, 46.9721], [89.7781, 46.9688], [89.7789, 46.9668], [89.7796, 46.9642], [89.7798, 46.9626], [89.7806, 46.9598], [89.7814, 46.957], [89.7827, 46.9538], [89.7835, 46.9512], [89.7839, 46.9494], [89.7844, 46.9478], [89.7852, 46.946], [89.786, 46.9444], [89.7865, 46.9435], [89.7873, 46.9421], [89.7876, 46.941], [89.7886, 46.9387], [89.789, 46.9376], [89.7897, 46.9357], [89.7899, 46.9352], [89.7903, 46.9344], [89.7907, 46.9333], [89.7911, 46.9321], [89.7918, 46.9308], [89.7924, 46.93], [89.7926, 46.9293], [89.7931, 46.9284], [89.7937, 46.9268], [89.7945, 46.9246], [89.795, 46.9234], [89.7958, 46.9212], [89.7962, 46.9203], [89.7962, 46.9195], [89.7979, 46.917], [89.7992, 46.9152], [89.8, 46.9131], [89.8008, 46.9114], [89.801, 46.9104], [89.8017, 46.9092], [89.8021, 46.9082], [89.8027, 46.9071], [89.8034, 46.9057], [89.805, 46.9028], [89.8062, 46.9003], [89.8083, 46.8964], [89.8101, 46.8922], [89.8111, 46.8911], [89.8109, 46.8906], [89.8114, 46.8893], [89.8126, 46.8875], [89.8132, 46.8869], [89.8138, 46.8858], [89.8144, 46.8848], [89.8149, 46.8835], [89.8158, 46.8819], [89.8164, 46.8808], [89.8167, 46.8799], [89.8174, 46.8787], [89.8181, 46.8777], [89.819, 46.8759], [89.8191, 46.8755], [89.8191, 46.8755], [89.8196, 46.8745], [89.8198, 46.8735], [89.8201, 46.8723], [89.8208, 46.8713], [89.8216, 46.8696], [89.8217, 46.8688], [89.8223, 46.8678], [89.8234, 46.8652], [89.8241, 46.8637], [89.825, 46.8624], [89.827, 46.8588], [89.8271, 46.8578], [89.8283, 46.8549], [89.8296, 46.8518], [89.8313, 46.8494], [89.8327, 46.8474], [89.8354, 46.8423], [89.8388, 46.8356], [89.8408, 46.8315], [89.842, 46.8294], [89.8443, 46.8256], [89.8477, 46.8207], [89.8494, 46.8186], [89.8513, 46.8166], [89.8541, 46.8132], [89.8558, 46.81], [89.857, 46.8076], [89.8585, 46.8056], [89.8629, 46.7999], [89.867, 46.7951], [89.8697, 46.792], [89.8718, 46.7896], [89.8776, 46.7835], [89.8822, 46.7781], [89.8859, 46.7735], [89.892, 46.7658], [89.8973, 46.7598], [89.9016, 46.7549], [89.9056, 46.7502], [89.9097, 46.7462], [89.9119, 46.7445], [89.915, 46.7407], [89.9174, 46.7343], [89.924, 46.7265], [89.9316, 46.7151], [89.9417, 46.7007], [89.9446, 46.6956], [89.9481, 46.6935], [89.9524, 46.686], [89.955, 46.6821], [89.9574, 46.6791], [89.9593, 46.6759], [89.9607, 46.6728], [89.9612, 46.6712], [89.9622, 46.6692], [89.9635, 46.6668], [89.965, 46.6634], [89.9668, 46.6591], [89.9682, 46.6552], [89.9705, 46.6509]]}}, {"type": "Feature", "properties": {"name": "Fuyun Fault, north segment"}, "geometry": {"type": "LineString", "coordinates": [[89.6474, 47.3733], [89.6519, 47.3647], [89.6545, 47.3612], [89.6562, 47.3562], [89.6588, 47.3519], [89.6611, 47.3466], [89.6648, 47.3402], [89.6678, 47.3323], [89.672, 47.3235], [89.6745, 47.3185], [89.6798, 47.3081], [89.6804, 47.295], [89.6833, 47.2872], [89.6839, 47.28], [89.6852, 47.2658], [89.6861, 47.2613], [89.6871, 47.2542]]}}, {"type": "Feature", "properties": {"name": "Fuyun Fault, north central segment"}, "geometry": {"type": "LineString", "coordinates": [[89.6937, 47.2833], [89.6962, 47.2765], [89.6983, 47.27], [89.6995, 47.2626], [89.7012, 47.2587], [89.7013, 47.2546], [89.7022, 47.2474], [89.704, 47.2423], [89.7042, 47.2374], [89.7049, 47.2324], [89.7059, 47.2277], [89.7086, 47.2179], [89.7091, 47.2129], [89.7105, 47.1995], [89.7128, 47.192], [89.7219, 47.1691], [89.7256, 47.1516], [89.7329, 47.1344], [89.7318, 47.1178], [89.7368, 47.1026], [89.7424, 47.0843], [89.7449, 47.0711], [89.7503, 47.0468], [89.755, 47.032], [89.759, 47.0138], [89.7604, 47.011]]}}, {"type": "Feature", "properties": {"name": "Khoton Nuur Fault"}, "geometry": {"type": "LineString", "coordinates": [[88.0621, 48.7758], [88.1065, 48.7509], [88.1416, 48.7214], [88.1653, 48.6984], [88.177, 48.6823], [88.1849, 48.6728], [88.1928, 48.664], [88.1956, 48.6606], [88.2051, 48.6539], [88.2229, 48.6393], [88.2305, 48.6323], [88.2417, 48.6273], [88.2594, 48.6203], [88.2775, 48.6141], [88.3017, 48.6065], [88.3256, 48.595], [88.3392, 48.5872], [88.3584, 48.5744], [88.3733, 48.5627], [88.383, 48.5488], [88.3977, 48.5343], [88.424, 48.5135], [88.4392, 48.5031], [88.4676, 48.4872], [88.5107, 48.47], [88.5558, 48.4539], [88.577, 48.4488], [88.6037, 48.4368], [88.616, 48.4292], [88.6346, 48.4124], [88.6538, 48.3853], [88.6737, 48.3665], [88.689, 48.3505], [88.7094, 48.334], [88.7431, 48.3177], [88.7528, 48.3081], [88.7662, 48.2983], [88.7764, 48.2921]]}}, {"type": "Feature", "properties": {"name": "Khoton Nuur Fault (south segments)"}, "geometry": {"type": "LineString", "coordinates": [[88.694, 48.2852], [88.7011, 48.2776], [88.7133, 48.2669], [88.7246, 48.2599], [88.7328, 48.2511], [88.7396, 48.2432], [88.7488, 48.2359], [88.7574, 48.2287], [88.7665, 48.2189], [88.7722, 48.2134], [88.7776, 48.211], [88.7907, 48.2044], [88.8188, 48.1885], [88.8311, 48.1747], [88.85, 48.159], [88.866, 48.145]]}}, {"type": "Feature", "properties": {"name": "Tolbo Nuur Fault"}, "geometry": {"type": "LineString", "coordinates": [[89.9654, 48.6606], [89.9732, 48.6525], [89.9873, 48.6457], [90.0006, 48.6368], [90.0224, 48.6316], [90.038, 48.6332], [90.0559, 48.6302], [90.0604, 48.6249], [90.0689, 48.6209], [90.0767, 48.6155], [90.0812, 48.6131], [90.0859, 48.6099], [90.0942, 48.6041], [90.101, 48.6006], [90.1093, 48.5928], [90.1207, 48.5886], [90.1337, 48.5889], [90.146, 48.5849], [90.156, 48.5779], [90.1553, 48.5712], [90.1572, 48.5648], [90.1594, 48.5577], [90.1687, 48.553], [90.178, 48.5485], [90.1942, 48.5365], [90.2155, 48.5245], [90.2183, 48.5135], [90.2309, 48.5057], [90.2421, 48.5011], [90.2534, 48.4986], [90.2598, 48.4929], [90.2735, 48.4906], [90.2787, 48.4866], [90.289, 48.4829], [90.2961, 48.4819], [90.302, 48.4796], [90.3074, 48.4735], [90.3097, 48.4685], [90.313, 48.4638], [90.319, 48.4602], [90.3225, 48.4571], [90.3252, 48.4534], [90.3382, 48.4433], [90.3462, 48.4314], [90.3546, 48.4205], [90.3578, 48.4077], [90.3614, 48.3967], [90.3681, 48.3879], [90.3741, 48.3806]]}}, {"type": "Feature", "properties": {"name": "Tolbo Nuur Fault (strike-slip segment)"}, "geometry": {"type": "LineString", "coordinates": [[89.7857, 48.9548], [89.7982, 48.9488], [89.8056, 48.9431], [89.8118, 48.9394], [89.8162, 48.9376], [89.8206, 48.9345], [89.8261, 48.9323], [89.8297, 48.9302], [89.8359, 48.9264], [89.8402, 48.9225], [89.8486, 48.9186], [89.8567, 48.9161], [89.8621, 48.9147], [89.8717, 48.912], [89.8771, 48.9087], [89.885, 48.9043], [89.889, 48.9021], [89.8951, 48.8984], [89.9038, 48.8908], [89.908, 48.8882], [89.9185, 48.8807], [89.9274, 48.872], [89.9365, 48.8618], [89.9437, 48.8508], [89.9532, 48.8359], [89.9585, 48.8192], [89.9621, 48.803], [89.9634, 48.7921], [89.9722, 48.7789], [89.9794, 48.7713], [89.9818, 48.7655], [89.9863, 48.7604], [89.9877, 48.7567], [89.9903, 48.7491], [89.992, 48.7422], [89.9928, 48.7323], [89.9947, 48.7241], [90.0, 48.7126], [90.0056, 48.7021], [90.011, 48.6956], [90.0183, 48.69], [90.0295, 48.6832], [90.0454, 48.6741], [90.0622, 48.6683], [90.0865, 48.6574], [90.1042, 48.6469], [90.1246, 48.6365], [90.1458, 48.6229], [90.1595, 48.6152], [90.1782, 48.6058], [90.1904, 48.5989], [90.2114, 48.5814], [90.2208, 48.5725], [90.2354, 48.5601], [90.2517, 48.5501], [90.2664, 48.5422], [90.3148, 48.5255], [90.3499, 48.5135], [90.3664, 48.5033], [90.3769, 48.4947], [90.3953, 48.4874], [90.4269, 48.4774], [90.454, 48.4697], [90.4826, 48.4639], [90.51, 48.4594]]}}, {"type": "Feature", "properties": {}, "geometry": {"type": "LineString", "coordinates": [[88.6629, 49.1096], [88.6759, 49.1059], [88.6878, 49.1025], [88.7044, 49.0961], [88.7137, 49.0915], [88.7249, 49.0885], [88.7378, 49.0862], [88.7423, 49.0809], [88.7494, 49.0798], [88.7548, 49.0774], [88.7632, 49.0757], [88.7675, 49.0747], [88.7719, 49.0719], [88.7742, 49.0696], [88.779, 49.0668], [88.7855, 49.0652], [88.7887, 49.0627], [88.7955, 49.0616], [88.8038, 49.0608], [88.8097, 49.0611], [88.8163, 49.0602], [88.824, 49.0585], [88.8313, 49.0567], [88.8376, 49.0556], [88.8405, 49.0557], [88.8434, 49.0559], [88.848, 49.0542], [88.8598, 49.0535], [88.8692, 49.0546], [88.8777, 49.0561], [88.8864, 49.059], [88.8965, 49.0607], [88.9057, 49.0621], [88.9099, 49.0653], [88.9178, 49.0661], [88.9242, 49.0656], [88.9294, 49.0669], [88.9343, 49.0677], [88.9447, 49.0672], [88.9516, 49.0702], [88.9604, 49.0713], [88.9649, 49.0729], [88.9766, 49.0753], [88.9852, 49.0773], [88.9988, 49.0801], [89.0073, 49.0799]]}}, {"type": "Feature", "properties": {}, "geometry": {"type": "LineString", "coordinates": [[89.1373, 49.2526], [89.1548, 49.2428], [89.1621, 49.2375], [89.1663, 49.2353], [89.1716, 49.2341], [89.1794, 49.2325], [89.1866, 49.2308], [89.1956, 49.2297], [89.2051, 49.2284], [89.214, 49.2242], [89.2192, 49.2213], [89.2264, 49.2194], [89.2331, 49.2176], [89.2404, 49.2153], [89.2448, 49.2104], [89.2483, 49.2041], [89.2569, 49.1997], [89.268, 49.1976], [89.2776, 49.192], [89.2954, 49.1893], [89.3032, 49.1879], [89.3214, 49.1892], [89.3293, 49.1841], [89.3393, 49.1772], [89.3424, 49.1738], [89.3546, 49.1646], [89.3655, 49.1534], [89.3776, 49.1448], [89.3919, 49.138], [89.3967, 49.1317], [89.403, 49.1292], [89.4096, 49.1237], [89.4127, 49.1199], [89.4165, 49.1167], [89.4189, 49.1145], [89.4218, 49.1114], [89.428, 49.1077], [89.4352, 49.1063], [89.4408, 49.1041], [89.4448, 49.1014], [89.4486, 49.099], [89.4531, 49.0957], [89.4556, 49.094], [89.4623, 49.0912], [89.465, 49.0885], [89.4681, 49.0837], [89.4732, 49.0726], [89.4732, 49.0565], [89.4737, 49.0461], [89.4791, 49.0402], [89.4962, 49.0334], [89.503, 49.0304], [89.5118, 49.0243], [89.5236, 49.0209], [89.5259, 49.0203], [89.5282, 49.0193]]}}, {"type": "Feature", "properties": {"name": "Sagsay Fault"}, "geometry": {"type": "LineString", "coordinates": [[89.8209, 48.306], [89.8301, 48.2999], [89.8349, 48.2978], [89.8452, 48.294], [89.853, 48.2909], [89.8553, 48.2896], [89.8587, 48.2876], [89.8652, 48.2837], [89.8698, 48.2808], [89.8749, 48.2778], [89.8792, 48.2747], [89.8843, 48.2719], [89.8893, 48.2695], [89.8967, 48.2658], [89.9063, 48.2612], [89.9102, 48.2584], [89.9148, 48.2504], [89.9207, 48.2463], [89.9304, 48.2418], [89.9349, 48.2389], [89.9404, 48.2369], [89.9499, 48.2315], [89.9552, 48.2287], [89.962, 48.2253], [89.9663, 48.2209], [89.9738, 48.2159], [89.9805, 48.2121], [90.001, 48.1949], [90.0128, 48.186], [90.0257, 48.1769], [90.0407, 48.1653], [90.0555, 48.1518], [90.0679, 48.1458], [90.0787, 48.1387], [90.0905, 48.1331], [90.0965, 48.1281], [90.1051, 48.1223], [90.1101, 48.12], [90.1158, 48.1161], [90.1207, 48.1127], [90.1285, 48.1088], [90.1326, 48.1047], [90.1388, 48.0988], [90.1463, 48.0951], [90.1526, 48.0907], [90.1614, 48.0856], [90.1853, 48.0728], [90.1995, 48.0665], [90.2124, 48.0568], [90.226, 48.0483], [90.2289, 48.045], [90.2398, 48.0366], [90.2488, 48.0311], [90.2594, 48.0231], [90.2714, 48.0142], [90.2823, 48.0061], [90.2949, 47.9994], [90.3075, 47.9928], [90.3191, 47.9887], [90.3293, 47.985], [90.3378, 47.9828], [90.3459, 47.978], [90.3571, 47.9721], [90.3665, 47.9653], [90.3772, 47.959], [90.385, 47.955], [90.3943, 47.9465], [90.4004, 47.9406], [90.4082, 47.9358], [90.4201, 47.9312], [90.4341, 47.9234], [90.444, 47.9171], [90.4578, 47.9083], [90.4662, 47.8963], [90.4758, 47.8835], [90.4872, 47.8713], [90.5011, 47.8612], [90.5221, 47.8515], [90.5352, 47.8457], [90.5434, 47.8395], [90.5534, 47.8314], [90.5614, 47.8239], [90.5698, 47.8129], [90.5814, 47.8044], [90.5877, 47.7981], [90.5923, 47.7927], [90.5977, 47.7864], [90.6015, 47.7819], [90.6063, 47.7764], [90.6116, 47.7695], [90.617, 47.7618], [90.62, 47.7562], [90.63, 47.7481], [90.6351, 47.74], [90.6372, 47.7327]]}}, {"type": "Feature", "properties": {"name": "Tsetseg Fault"}, "geometry": {"type": "LineString", "coordinates": [[92.727, 46.8618], [92.7397, 46.8592], [92.7505, 46.8578], [92.7608, 46.8569], [92.7716, 46.8565], [92.7827, 46.8555], [92.7898, 46.855], [92.802, 46.8516], [92.8144, 46.8493], [92.8244, 46.8488], [92.836, 46.8481], [92.8467, 46.8481], [92.8617, 46.8491], [92.8711, 46.8503], [92.8824, 46.8493], [92.8928, 46.8458], [92.9036, 46.8442], [92.9124, 46.8462], [92.9264, 46.8457], [92.9366, 46.8466], [92.9552, 46.8456], [92.9695, 46.8435], [92.9787, 46.8426], [92.9938, 46.8376], [93.0052, 46.8345], [93.0181, 46.8331], [93.0402, 46.8257], [93.0572, 46.818], [93.0806, 46.8087], [93.0981, 46.8037], [93.1076, 46.8009], [93.1189, 46.7974], [93.133, 46.7937], [93.1443, 46.7899], [93.1535, 46.788], [93.1615, 46.786], [93.1692, 46.7814], [93.1818, 46.7769], [93.1964, 46.7707], [93.2063, 46.7658], [93.2169, 46.76], [93.2224, 46.7575], [93.2329, 46.7531], [93.2446, 46.7474], [93.2546, 46.7439], [93.2649, 46.7412], [93.2767, 46.7382], [93.2821, 46.7363], [93.2932, 46.7336], [93.2972, 46.7332], [93.3101, 46.728], [93.3223, 46.7217], [93.3278, 46.7167], [93.3347, 46.7106], [93.3455, 46.7051], [93.3534, 46.7005], [93.3567, 46.6976], [93.3638, 46.6937], [93.3684, 46.688], [93.3776, 46.6806], [93.3764, 46.6748], [93.3813, 46.6694], [93.3861, 46.6654], [93.388, 46.6605], [93.3921, 46.6572], [93.3998, 46.6518], [93.4073, 46.6456], [93.4193, 46.6371], [93.4255, 46.6307], [93.4325, 46.6218], [93.4437, 46.6133], [93.4483, 46.6085], [93.4556, 46.5983], [93.4667, 46.592], [93.4651, 46.5842], [93.4662, 46.5723], [93.4661, 46.5671], [93.4702, 46.5603], [93.4766, 46.5534], [93.4794, 46.5469], [93.4826, 46.5426], [93.4889, 46.5346], [93.4908, 46.5303], [93.4894, 46.524], [93.4942, 46.5188], [93.4976, 46.5087], [93.5009, 46.5005], [93.5066, 46.493], [93.5128, 46.4853], [93.5187, 46.4793], [93.5216, 46.4692], [93.5233, 46.4624], [93.5253, 46.4539], [93.5261, 46.4437], [93.5305, 46.4342], [93.5338, 46.4275], [93.537, 46.4234], [93.5431, 46.4161], [93.5453, 46.411], [93.5499, 46.4047], [93.5562, 46.3979], [93.5621, 46.3892], [93.5691, 46.379], [93.5722, 46.3684], [93.5804, 46.355], [93.5835, 46.3446], [93.5863, 46.3372], [93.5941, 46.3339], [93.6108, 46.3282], [93.6211, 46.3234], [93.6294, 46.3211], [93.6347, 46.3201], [93.6417, 46.3181], [93.6478, 46.3164], [93.6561, 46.3136], [93.6624, 46.312], [93.6701, 46.3106], [93.6713, 46.3053], [93.6772, 46.2986], [93.6879, 46.2937], [93.695, 46.2904]]}}, {"type": "Feature", "properties": {"name": "Sagsay Fault (north segment)"}, "geometry": {"type": "LineString", "coordinates": [[89.6132, 48.7035], [89.6152, 48.6999], [89.6187, 48.6943], [89.6223, 48.6877], [89.6277, 48.6807], [89.6305, 48.6733], [89.6383, 48.664], [89.6426, 48.6575], [89.6461, 48.651], [89.6504, 48.6462], [89.6542, 48.6426], [89.6596, 48.6387], [89.6646, 48.6366], [89.6679, 48.6335], [89.6725, 48.6281], [89.6762, 48.6227], [89.6788, 48.6184], [89.6846, 48.6111], [89.6874, 48.6064], [89.6918, 48.5999], [89.6965, 48.5934], [89.6993, 48.5881], [89.7016, 48.583], [89.7056, 48.5747], [89.7106, 48.568], [89.7252, 48.5538], [89.7305, 48.5477], [89.7364, 48.5372], [89.7416, 48.53], [89.7438, 48.5204], [89.7512, 48.5086], [89.7576, 48.5003], [89.7634, 48.4928], [89.7686, 48.4838], [89.775, 48.4718], [89.7833, 48.4564], [89.7893, 48.4408]]}}, {"type": "Feature", "properties": {"name": "Turgin Gol Fault"}, "geometry": {"type": "LineString", "coordinates": [[92.0196, 47.1717], [92.0331, 47.1645], [92.0391, 47.161], [92.0479, 47.1537], [92.0502, 47.1552], [92.06, 47.1491], [92.0714, 47.1432], [92.0806, 47.1379], [92.0887, 47.1352], [92.1003, 47.1302], [92.1096, 47.1241], [92.1189, 47.1171], [92.1314, 47.1048], [92.1411, 47.0937], [92.1509, 47.0822], [92.154, 47.0731], [92.1617, 47.0671], [92.1689, 47.0569], [92.1723, 47.051], [92.1772, 47.0425], [92.18, 47.033], [92.1917, 47.0184], [92.1965, 47.0113], [92.2016, 47.0037], [92.2084, 46.9977], [92.2118, 46.9945], [92.2158, 46.9879], [92.2197, 46.9815], [92.2264, 46.9743], [92.2304, 46.9683], [92.2322, 46.9634], [92.235, 46.9538], [92.2392, 46.9436], [92.2426, 46.9377], [92.2447, 46.9299], [92.2473, 46.9237], [92.252, 46.9165], [92.2562, 46.9099], [92.261, 46.9041], [92.2668, 46.8985], [92.269, 46.8933], [92.2741, 46.8873], [92.2811, 46.8786], [92.2856, 46.8745], [92.292, 46.8686], [92.2991, 46.8614], [92.3045, 46.8567], [92.3126, 46.8495], [92.3182, 46.8424], [92.3217, 46.8343], [92.3261, 46.8263], [92.3332, 46.8192], [92.3375, 46.8125], [92.3443, 46.8055], [92.3599, 46.7926], [92.3716, 46.7843], [92.3796, 46.7787], [92.3873, 46.7753], [92.4003, 46.7688], [92.41, 46.7625], [92.4172, 46.7583], [92.4326, 46.7449], [92.4412, 46.7386], [92.4524, 46.7298], [92.4701, 46.72], [92.4838, 46.7117], [92.4923, 46.7084], [92.4972, 46.7036], [92.5127, 46.6969], [92.5215, 46.6928], [92.5269, 46.6895], [92.5345, 46.6828], [92.5511, 46.6743], [92.5641, 46.6698], [92.574, 46.6644], [92.5883, 46.6567], [92.6069, 46.6468], [92.6209, 46.6398], [92.6305, 46.6332], [92.644, 46.6247], [92.6518, 46.6197], [92.6607, 46.6137], [92.6771, 46.6042], [92.6868, 46.597], [92.6988, 46.5881], [92.7112, 46.579], [92.7224, 46.5704], [92.7295, 46.562], [92.7379, 46.5515], [92.7489, 46.5398], [92.7567, 46.5296], [92.7652, 46.5215], [92.7729, 46.5156], [92.7815, 46.5046], [92.7902, 46.4939], [92.7993, 46.4821], [92.81, 46.4658], [92.8352, 46.4323], [92.855, 46.4042], [92.8736, 46.3789], [92.8921, 46.358], [92.9168, 46.3368], [92.9377, 46.3191], [92.9534, 46.3017], [92.9713, 46.28], [93.0014, 46.2332], [93.0136, 46.2111], [93.025, 46.1964], [93.0329, 46.1851], [93.0428, 46.1725], [93.051, 46.1629], [93.0586, 46.1544], [93.0636, 46.1466], [93.0694, 46.1352], [93.0746, 46.1263], [93.0794, 46.1158], [93.0875, 46.1011], [93.0937, 46.0912], [93.1047, 46.0753], [93.1153, 46.0614], [93.1238, 46.05], [93.1324, 46.0385], [93.141, 46.0246], [93.1485, 46.0143], [93.1571, 46.0035], [93.1645, 45.9927], [93.174, 45.9818], [93.1839, 45.9716], [93.1882, 45.9658], [93.1967, 45.9574], [93.208, 45.9474], [93.2177, 45.9416], [93.2256, 45.9327], [93.2346, 45.9235], [93.2502, 45.9135], [93.2708, 45.902], [93.3006, 45.8867], [93.321, 45.8761], [93.3448, 45.8652]]}}, {"type": "Feature", "properties": {"name": "Bulgan Gol Fault (eastern segment)"}, "geometry": {"type": "LineString", "coordinates": [[91.3546, 46.125], [91.373, 46.1231], [91.3814, 46.1234], [91.393, 46.1229], [91.4033, 46.1217], [91.4144, 46.1216], [91.4229, 46.1218], [91.4356, 46.1218], [91.4613, 46.1223], [91.4782, 46.1219], [91.491, 46.1208], [91.5056, 46.1193], [91.526, 46.1177], [91.5415, 46.1158], [91.5506, 46.1157], [91.5772, 46.1138], [91.5958, 46.112], [91.6184, 46.1072], [91.6422, 46.1035], [91.6596, 46.0993], [91.6878, 46.0954], [91.7108, 46.0926], [91.7307, 46.0888], [91.7466, 46.0865], [91.7693, 46.0838], [91.7952, 46.0811], [91.818, 46.0797], [91.8396, 46.0796], [91.8616, 46.0807], [91.8882, 46.0818], [91.9089, 46.0824], [91.937, 46.0838], [91.952, 46.0841], [91.9764, 46.0849], [91.9935, 46.0842], [92.0165, 46.0819], [92.0321, 46.0792], [92.0517, 46.0764], [92.0666, 46.0734], [92.0816, 46.0686], [92.1039, 46.062], [92.1243, 46.0569], [92.1574, 46.0461], [92.1829, 46.0395], [92.2069, 46.0359], [92.2463, 46.0342], [92.2878, 46.0341], [92.3329, 46.0318], [92.3728, 46.0316], [92.4181, 46.0334], [92.4562, 46.0375], [92.4797, 46.0405]]}}, {"type": "Feature", "properties": {}, "geometry": {"type": "LineString", "coordinates": [[90.6052, 45.5677], [90.629, 45.5804], [90.6526, 45.5909], [90.6801, 45.6026], [90.6942, 45.6096], [90.7216, 45.6222], [90.7342, 45.6276], [90.7496, 45.6337], [90.7607, 45.6376], [90.7766, 45.6436], [90.7823, 45.6475], [90.7872, 45.6504], [90.7975, 45.6551], [90.8061, 45.6595], [90.8111, 45.6616], [90.819, 45.6628], [90.8265, 45.6651], [90.8382, 45.669], [90.8455, 45.6703], [90.8562, 45.6737], [90.8723, 45.6778], [90.881, 45.6796], [90.8876, 45.6809], [90.8945, 45.6825], [90.9025, 45.6849], [90.9104, 45.6874], [90.9134, 45.6883], [90.919, 45.6905]]}}, {"type": "Feature", "properties": {"name": "Baruum-Hurray Fault (western segment)"}, "geometry": {"type": "LineString", "coordinates": [[90.5606, 45.736], [90.5661, 45.7358], [90.5726, 45.7352], [90.5807, 45.7348], [90.588, 45.735], [90.595, 45.7348], [90.6026, 45.7341], [90.6144, 45.7333], [90.6273, 45.7318], [90.6372, 45.7304], [90.6481, 45.7294], [90.6559, 45.7289], [90.667, 45.7288], [90.6748, 45.7293], [90.6852, 45.7296], [90.6942, 45.7294], [90.7013, 45.729], [90.7092, 45.7289], [90.7248, 45.7281], [90.7362, 45.7277], [90.747, 45.7271], [90.7696, 45.7246], [90.78, 45.7236], [90.7913, 45.7229], [90.8026, 45.7223], [90.8104, 45.7216], [90.8216, 45.7206], [90.8308, 45.7202], [90.8404, 45.7201], [90.8476, 45.7202], [90.8546, 45.7198], [90.8601, 45.7195], [90.8655, 45.7191], [90.8731, 45.7187], [90.879, 45.7186], [90.8899, 45.7172], [90.9014, 45.7165], [90.9128, 45.7158], [90.9208, 45.7157], [90.9272, 45.7153], [90.938, 45.7148], [90.9481, 45.7141], [90.9551, 45.7137], [90.9639, 45.7139], [90.9782, 45.7148], [90.9958, 45.7164], [91.0105, 45.718], [91.0216, 45.719], [91.033, 45.7204], [91.0357, 45.721], [91.0401, 45.7216], [91.0427, 45.722], [91.0454, 45.7225], [91.0519, 45.7232], [91.0556, 45.7239], [91.0632, 45.7246], [91.0703, 45.7258], [91.0717, 45.7263], [91.0769, 45.7274], [91.0784, 45.7279], [91.0832, 45.7291], [91.0884, 45.7299], [91.0952, 45.7309], [91.104, 45.7321], [91.1063, 45.7322], [91.1133, 45.7332], [91.1178, 45.7339], [91.1242, 45.7352], [91.1299, 45.7364], [91.1317, 45.7366], [91.1343, 45.7369], [91.1392, 45.7382], [91.143, 45.7394], [91.1476, 45.7404], [91.1531, 45.7416], [91.1584, 45.7427], [91.1681, 45.7452], [91.186, 45.7491], [91.194, 45.751], [91.2084, 45.7539], [91.228, 45.7593], [91.2442, 45.7633], [91.2709, 45.7695], [91.2826, 45.7731], [91.3012, 45.7799], [91.3215, 45.7897], [91.331, 45.7932], [91.3417, 45.7964], [91.3514, 45.8001], [91.3613, 45.8023], [91.3684, 45.8041], [91.3753, 45.8061], [91.3809, 45.8072], [91.3847, 45.8077], [91.3907, 45.8085], [91.3956, 45.8091], [91.4012, 45.8099], [91.4068, 45.8108], [91.4091, 45.8111], [91.4211, 45.8119], [91.4278, 45.8122], [91.4372, 45.8119], [91.4402, 45.8114], [91.4475, 45.8108], [91.4525, 45.8119], [91.4566, 45.8121], [91.4622, 45.8127], [91.4655, 45.8128], [91.4722, 45.8146], [91.4818, 45.816], [91.4871, 45.8162], [91.4937, 45.8165], [91.4993, 45.8169], [91.5044, 45.8175], [91.5085, 45.8179], [91.5131, 45.8182], [91.5133, 45.8182], [91.5192, 45.8186], [91.5234, 45.819], [91.5267, 45.8187], [91.5312, 45.8183], [91.5349, 45.8184], [91.5397, 45.8186], [91.5433, 45.8187], [91.5474, 45.8192], [91.5473, 45.8192], [91.5516, 45.8211], [91.5557, 45.8221], [91.5593, 45.8219], [91.5646, 45.8225], [91.5678, 45.8229], [91.5722, 45.8238], [91.5746, 45.8243], [91.5756, 45.8245], [91.5779, 45.8252], [91.5795, 45.8257], [91.5835, 45.8263], [91.5859, 45.8267], [91.5879, 45.8271], [91.5909, 45.8277], [91.5986, 45.829], [91.6069, 45.8307], [91.6165, 45.8334], [91.6227, 45.8352], [91.6292, 45.837], [91.6373, 45.8395], [91.6469, 45.8422], [91.6561, 45.8449], [91.6651, 45.8477], [91.6739, 45.8496], [91.679, 45.8507], [91.6848, 45.8516], [91.6887, 45.8526]]}}, {"type": "Feature", "properties": {"name": "Baruum-Huuray Fault (eastern segment)"}, "geometry": {"type": "LineString", "coordinates": [[91.6286, 45.8538], [91.6325, 45.8555], [91.6385, 45.8577], [91.6481, 45.8598], [91.6575, 45.8616], [91.668, 45.8635], [91.679, 45.8656], [91.6878, 45.8667], [91.7015, 45.8697], [91.7213, 45.8759], [91.7323, 45.8796], [91.7485, 45.8849], [91.7692, 45.8886], [91.7884, 45.8918], [91.806, 45.897], [91.826, 45.9025], [91.8481, 45.9075], [91.8608, 45.9104], [91.873, 45.913], [91.8833, 45.9148], [91.8952, 45.917], [91.9086, 45.9187], [91.9209, 45.9222], [91.93, 45.9249], [91.9375, 45.9274], [91.9451, 45.9288], [91.9582, 45.931], [91.972, 45.933], [91.9887, 45.9352], [92.0037, 45.937], [92.0168, 45.9388], [92.033, 45.9417], [92.0538, 45.9457], [92.0736, 45.9497], [92.0997, 45.9548], [92.1143, 45.9576], [92.1259, 45.9594], [92.1372, 45.961], [92.1485, 45.9602], [92.1632, 45.9606], [92.1741, 45.9618], [92.1943, 45.9662], [92.209, 45.9688], [92.2316, 45.9728], [92.2572, 45.9776], [92.2783, 45.981], [92.2939, 45.9843], [92.316, 45.9893], [92.3427, 45.9949], [92.368, 45.999], [92.3986, 46.0062], [92.444, 46.0144], [92.5114, 46.0311], [92.554, 46.04], [92.5983, 46.0475], [92.6385, 46.0484]]}}, {"type": "Feature", "properties": {"name": "Bulgan Gol fault (western segment)"}, "geometry": {"type": "LineString", "coordinates": [[90.687, 46.1363], [90.6896, 46.136], [90.6926, 46.136], [90.6946, 46.136], [90.6966, 46.1356], [90.6988, 46.1354], [90.702, 46.1354], [90.7045, 46.1353], [90.7084, 46.1349], [90.7102, 46.1349], [90.7121, 46.1346], [90.7148, 46.1345], [90.7178, 46.1341], [90.7213, 46.1338], [90.7256, 46.1336], [90.7292, 46.1334], [90.7381, 46.1337], [90.7462, 46.1336], [90.7539, 46.1334], [90.7612, 46.1333], [90.7676, 46.1333], [90.778, 46.1331], [90.7881, 46.1326], [90.7964, 46.1324], [90.8102, 46.1319], [90.8319, 46.131], [90.8452, 46.1307], [90.8556, 46.1299], [90.8761, 46.1287], [90.8879, 46.1277], [90.9002, 46.1266], [90.9155, 46.1256], [90.9285, 46.1244], [90.9411, 46.1237], [90.9499, 46.123], [90.9564, 46.1228], [90.9628, 46.1224], [90.9721, 46.1208], [90.9813, 46.1185], [90.9923, 46.1177], [91.0078, 46.1161], [91.0227, 46.1154], [91.0375, 46.1143], [91.05, 46.113], [91.0593, 46.1119], [91.0679, 46.112], [91.0761, 46.1118], [91.083, 46.1117], [91.09, 46.1113], [91.0977, 46.1109], [91.1048, 46.1104], [91.1092, 46.11], [91.1156, 46.1103], [91.1218, 46.1103], [91.1334, 46.1095], [91.1367, 46.109], [91.14, 46.1086], [91.1435, 46.1084], [91.1437, 46.1084], [91.1466, 46.1081], [91.1494, 46.1077], [91.1536, 46.1074], [91.1568, 46.1072], [91.1582, 46.1072], [91.1597, 46.1071], [91.1622, 46.1069], [91.1652, 46.1066], [91.1677, 46.1066], [91.1708, 46.1069], [91.1725, 46.107], [91.1748, 46.1068], [91.1774, 46.1067], [91.1802, 46.1066], [91.1824, 46.1065], [91.1855, 46.1063], [91.1881, 46.1065], [91.1909, 46.1065], [91.1942, 46.1064], [91.1975, 46.1066], [91.1997, 46.1067], [91.2027, 46.1068], [91.2041, 46.107], [91.2059, 46.1073], [91.2079, 46.1074], [91.2102, 46.1075], [91.2143, 46.1077], [91.2184, 46.1077], [91.2247, 46.1086], [91.2303, 46.109], [91.2391, 46.1097], [91.2443, 46.1099], [91.2493, 46.1102], [91.2528, 46.1105], [91.2564, 46.1106], [91.262, 46.111], [91.2714, 46.1114], [91.2781, 46.1118], [91.2854, 46.112], [91.2925, 46.1126], [91.2956, 46.1128], [91.2997, 46.1132], [91.3036, 46.1139], [91.3068, 46.1144], [91.3102, 46.1148], [91.3143, 46.1155], [91.3177, 46.1162], [91.3199, 46.1166], [91.3233, 46.1166], [91.326, 46.1173], [91.3282, 46.1174], [91.3396, 46.1186], [91.3433, 46.1189], [91.3503, 46.1191], [91.3573, 46.1194], [91.362, 46.1196]]}}, {"type": "Feature", "properties": {"name": "Tonhil Fault (north segment)"}, "geometry": {"type": "LineString", "coordinates": [[93.6999, 46.6183], [93.7066, 46.6147], [93.7133, 46.6091], [93.7185, 46.6048], [93.7263, 46.5996], [93.7341, 46.594], [93.7424, 46.587], [93.7466, 46.5775], [93.7507, 46.568], [93.7543, 46.5601], [93.7551, 46.5543], [93.7631, 46.5448], [93.7686, 46.5379], [93.7711, 46.5338], [93.7769, 46.5289], [93.7814, 46.5239], [93.7908, 46.5134], [93.7952, 46.5062], [93.7999, 46.4972], [93.8073, 46.4872], [93.8217, 46.4726], [93.8281, 46.467], [93.8387, 46.4587], [93.8437, 46.4492], [93.8481, 46.4395], [93.8514, 46.4329], [93.8567, 46.4241], [93.8614, 46.4169], [93.8672, 46.4096], [93.8722, 46.4019], [93.8786, 46.3926], [93.8849, 46.3823], [93.8903, 46.3711], [93.8933, 46.3663], [93.8986, 46.3559], [93.9055, 46.3442], [93.9138, 46.3279], [93.9211, 46.3145], [93.9261, 46.3035], [93.939, 46.2719], [93.9409, 46.2647], [93.9435, 46.2561], [93.9475, 46.2469], [93.9489, 46.2424], [93.9497, 46.2361], [93.9527, 46.2277], [93.9557, 46.2163], [93.9606, 46.2021], [93.9658, 46.1864], [93.971, 46.1715], [93.9728, 46.1612], [93.9761, 46.1508], [93.9793, 46.1404], [93.9855, 46.1228], [93.9882, 46.115], [93.9907, 46.1083], [93.9929, 46.1028], [93.9942, 46.101], [93.9952, 46.0985], [93.9962, 46.0952], [93.9967, 46.0924], [93.9974, 46.0895], [93.9981, 46.0866], [93.9989, 46.0841], [93.9996, 46.0814], [94.0008, 46.0792], [94.0009, 46.0772], [94.0035, 46.072], [94.0052, 46.0674], [94.0061, 46.0645], [94.0098, 46.059], [94.0107, 46.0559], [94.0117, 46.0532], [94.0126, 46.0509], [94.0133, 46.0484], [94.0144, 46.0456], [94.0153, 46.0417], [94.0163, 46.0374], [94.0167, 46.0343], [94.0171, 46.0319], [94.0179, 46.0275], [94.0184, 46.0248], [94.0198, 46.0206], [94.0209, 46.0169], [94.0215, 46.0147], [94.0216, 46.0136], [94.0214, 46.012], [94.0217, 46.0096], [94.0225, 46.0078], [94.0235, 46.0058]]}}, {"type": "Feature", "properties": {"name": "Tonhil Fault, south section"}, "geometry": {"type": "LineString", "coordinates": [[94.0161, 46.0013], [94.0158, 45.994], [94.0158, 45.9906], [94.0153, 45.9816], [94.0143, 45.9764], [94.0153, 45.9703], [94.0158, 45.9662], [94.0157, 45.9588], [94.0164, 45.9475], [94.0176, 45.9399], [94.0188, 45.9285], [94.017, 45.9216], [94.0126, 45.9093], [94.011, 45.9005], [94.0084, 45.8926], [94.0078, 45.8867], [94.0062, 45.8769], [94.0063, 45.8701], [94.0056, 45.8645], [94.0054, 45.86], [94.0068, 45.8547], [94.0089, 45.8476], [94.0094, 45.8422], [94.0106, 45.8353], [94.0116, 45.8277], [94.0128, 45.8214], [94.0219, 45.8044], [94.0255, 45.7932], [94.0345, 45.7702], [94.0436, 45.7598], [94.0484, 45.7525], [94.0522, 45.7472], [94.0564, 45.7395], [94.0635, 45.7263], [94.066, 45.7174], [94.0672, 45.7108], [94.0707, 45.7052], [94.0745, 45.6974], [94.0763, 45.6929], [94.077, 45.6873], [94.0782, 45.6799], [94.0807, 45.6729], [94.0801, 45.6678], [94.0768, 45.6617], [94.0738, 45.6558], [94.0735, 45.6523], [94.0737, 45.6442], [94.075, 45.64], [94.0759, 45.6354], [94.0757, 45.6323], [94.0765, 45.6268], [94.0767, 45.6243]]}}, {"type": "Feature", "properties": {}, "geometry": {"type": "LineString", "coordinates": [[93.384, 45.7584], [93.3888, 45.757], [93.392, 45.7569], [93.3959, 45.7556], [93.4024, 45.7549], [93.4084, 45.7514], [93.4128, 45.7455], [93.4161, 45.7431], [93.4177, 45.7397], [93.4193, 45.7374], [93.4218, 45.7336], [93.4255, 45.7301], [93.4276, 45.727], [93.4289, 45.7235], [93.4305, 45.7201], [93.4326, 45.7166], [93.4346, 45.7135], [93.436, 45.7109], [93.4382, 45.7072], [93.44, 45.7036], [93.4412, 45.7006], [93.4425, 45.6986], [93.4443, 45.697], [93.4461, 45.6953], [93.4485, 45.6932], [93.4503, 45.6902], [93.4526, 45.6858], [93.4546, 45.6812], [93.4553, 45.6787], [93.4554, 45.6749], [93.4554, 45.6723], [93.456, 45.6692], [93.4556, 45.6652], [93.4565, 45.6616], [93.46, 45.6554], [93.4635, 45.6501], [93.4663, 45.646], [93.4687, 45.6438], [93.4741, 45.6393], [93.4789, 45.6359], [93.4851, 45.6337], [93.4925, 45.6317], [93.4981, 45.6324]]}}, {"type": "Feature", "properties": {}, "geometry": {"type": "LineString", "coordinates": [[93.6194, 45.6788], [93.6265, 45.6775], [93.6308, 45.677], [93.635, 45.6743], [93.6411, 45.672], [93.6461, 45.6702], [93.6514, 45.6688], [93.6597, 45.6676], [93.6694, 45.6667], [93.6733, 45.6663], [93.6805, 45.6653], [93.6862, 45.6646], [93.6958, 45.6631], [93.7009, 45.6612], [93.7077, 45.6601], [93.7127, 45.6594], [93.7212, 45.6585], [93.7275, 45.6582], [93.735, 45.6571], [93.7459, 45.6562], [93.7507, 45.6552], [93.7589, 45.6544], [93.7697, 45.6534], [93.7764, 45.6525], [93.7824, 45.6515], [93.793, 45.6499], [93.8032, 45.6485], [93.8126, 45.6462], [93.822, 45.6434], [93.8316, 45.6404], [93.8404, 45.6386], [93.8458, 45.6367], [93.8511, 45.6347], [93.8577, 45.632], [93.8669, 45.6299], [93.8761, 45.6268], [93.8839, 45.6248], [93.891, 45.6219], [93.9001, 45.6187], [93.9181, 45.614], [93.9252, 45.6115], [93.9356, 45.6088], [93.9501, 45.6062], [93.9584, 45.604], [93.9676, 45.6007], [93.9738, 45.5966], [93.9786, 45.5922], [93.985, 45.5853], [93.9896, 45.5809], [93.9953, 45.5754], [94.0008, 45.5722], [94.0058, 45.5679], [94.0113, 45.5634], [94.0157, 45.555], [94.017, 45.5487], [94.0185, 45.5419], [94.0194, 45.5367], [94.0239, 45.5296], [94.0301, 45.5259], [94.039, 45.5233], [94.043, 45.5223], [94.0427, 45.5175], [94.0433, 45.5143], [94.0437, 45.5105], [94.0442, 45.5086], [94.0455, 45.5074], [94.0528, 45.503], [94.058, 45.4998], [94.0618, 45.4969], [94.0677, 45.4956], [94.0715, 45.494], [94.0777, 45.4911], [94.081, 45.4893], [94.0861, 45.4881], [94.0919, 45.4871], [94.0966, 45.4847], [94.1006, 45.4831], [94.1063, 45.4808], [94.1105, 45.4808], [94.1143, 45.4794], [94.1207, 45.4779], [94.1292, 45.4781], [94.14, 45.4765], [94.1486, 45.4765], [94.1574, 45.4761], [94.1666, 45.475], [94.1729, 45.4758], [94.1795, 45.4758], [94.1903, 45.4756], [94.1952, 45.4738], [94.1996, 45.4717]]}}, {"type": "Feature", "properties": {}, "geometry": {"type": "LineString", "coordinates": [[93.761, 45.5846], [93.7618, 45.5772], [93.7622, 45.5736], [93.7655, 45.5704], [93.7652, 45.5677], [93.7671, 45.5646], [93.7688, 45.5616], [93.7693, 45.5582], [93.77, 45.5539], [93.7718, 45.5495], [93.7749, 45.5469], [93.7782, 45.5444], [93.7809, 45.5428], [93.7847, 45.5402], [93.7884, 45.5373], [93.7923, 45.5351], [93.7961, 45.5319], [93.8002, 45.5295], [93.8039, 45.5274], [93.8088, 45.5246], [93.8139, 45.5217], [93.8177, 45.5191], [93.8215, 45.5173], [93.8278, 45.5142], [93.8336, 45.5115], [93.8386, 45.5088], [93.844, 45.5051], [93.8488, 45.5023], [93.8536, 45.4995], [93.8561, 45.4975], [93.8605, 45.4935], [93.8638, 45.49], [93.8674, 45.4877], [93.8708, 45.4851], [93.8746, 45.4822], [93.8792, 45.4782], [93.8829, 45.4759], [93.89, 45.4707], [93.8921, 45.4654]]}}, {"type": "Feature", "properties": {}, "geometry": {"type": "LineString", "coordinates": [[93.9689, 45.3795], [93.9718, 45.3733], [93.9769, 45.3656], [93.9804, 45.3595], [93.9842, 45.3529], [93.9864, 45.35], [93.988, 45.3416], [93.9894, 45.3343], [93.9921, 45.3278], [93.9941, 45.3218], [93.9964, 45.3156], [93.9986, 45.3075], [94.0055, 45.2917], [94.0052, 45.2847], [94.0037, 45.2759], [94.0034, 45.2675], [94.0056, 45.259], [94.0074, 45.2548], [94.0071, 45.2472], [94.0094, 45.2406], [94.0116, 45.2355], [94.0134, 45.2313], [94.015, 45.2257], [94.0228, 45.2167], [94.0298, 45.2066], [94.0365, 45.2011], [94.0463, 45.1934], [94.0517, 45.1861], [94.0493, 45.1798], [94.0483, 45.1764], [94.0481, 45.1717], [94.0501, 45.1652], [94.0515, 45.1587], [94.0471, 45.1547], [94.0406, 45.1486], [94.0374, 45.1447], [94.0357, 45.1439]]}}, {"type": "Feature", "properties": {}, "geometry": {"type": "LineString", "coordinates": [[94.2558, 45.4748], [94.2573, 45.4703], [94.2572, 45.4653], [94.2579, 45.4629], [94.2583, 45.4612], [94.2592, 45.4572], [94.2603, 45.4534], [94.2617, 45.4505], [94.2641, 45.4466], [94.2665, 45.4439], [94.2689, 45.4403], [94.2696, 45.4368], [94.2699, 45.4303], [94.2701, 45.4258], [94.2702, 45.4226], [94.2702, 45.4199], [94.2707, 45.4151], [94.2718, 45.4095], [94.2742, 45.4048], [94.278, 45.3986], [94.2821, 45.3937], [94.286, 45.3893], [94.288, 45.3855], [94.2939, 45.3759], [94.2978, 45.3697], [94.3024, 45.3651], [94.3071, 45.3621], [94.3095, 45.3594], [94.313, 45.355], [94.3195, 45.3491], [94.323, 45.3464], [94.3266, 45.3424], [94.3314, 45.3379], [94.3353, 45.334], [94.3418, 45.3281], [94.3457, 45.3222], [94.3488, 45.318], [94.3531, 45.313], [94.3596, 45.3064], [94.3737, 45.2938], [94.3842, 45.2863], [94.3905, 45.2804], [94.3966, 45.2738], [94.3998, 45.2691], [94.402, 45.2645], [94.4061, 45.2598], [94.4092, 45.2557], [94.4122, 45.2514], [94.4167, 45.2461], [94.4215, 45.2404], [94.4254, 45.2357], [94.433, 45.2262], [94.4409, 45.2195], [94.4444, 45.2168]]}}, {"type": "Feature", "properties": {}, "geometry": {"type": "LineString", "coordinates": [[94.3545, 45.286], [94.3569, 45.2818], [94.3588, 45.2779], [94.3597, 45.2767], [94.3606, 45.2741], [94.3617, 45.2706], [94.3626, 45.2691], [94.3637, 45.2665], [94.3639, 45.2637], [94.3639, 45.2616], [94.3646, 45.2584], [94.3652, 45.2557], [94.3657, 45.2521], [94.3666, 45.2501], [94.3671, 45.248], [94.3669, 45.2453], [94.3665, 45.2415], [94.3655, 45.2385], [94.3651, 45.236], [94.3655, 45.2333], [94.3679, 45.2288], [94.3697, 45.2242], [94.3705, 45.2218], [94.3702, 45.2187], [94.3698, 45.215], [94.3694, 45.213], [94.3718, 45.2086], [94.3735, 45.205], [94.3729, 45.2005], [94.3745, 45.1938], [94.3769, 45.1903], [94.378, 45.1864], [94.3816, 45.1821], [94.3903, 45.1742], [94.4006, 45.1637], [94.4119, 45.1532], [94.4184, 45.1387], [94.4219, 45.1336], [94.4258, 45.1269], [94.4267, 45.123], [94.4289, 45.1155], [94.4315, 45.104], [94.4376, 45.0937], [94.4411, 45.0832], [94.4557, 45.0732], [94.4609, 45.0699], [94.4669, 45.0626], [94.4706, 45.0568], [94.4736, 45.0514], [94.4784, 45.0472], [94.4796, 45.0463], [94.4839, 45.0427], [94.4848, 45.0418], [94.4867, 45.0401], [94.4898, 45.0368], [94.4926, 45.0327], [94.4964, 45.0281], [94.5005, 45.0251], [94.5059, 45.0205], [94.5106, 45.0166], [94.5147, 45.0117], [94.5201, 45.007], [94.5263, 45.0019], [94.5318, 44.9983], [94.5376, 44.9934], [94.5445, 44.9898], [94.5518, 44.9867], [94.5573, 44.9829], [94.5783, 44.972], [94.5937, 44.9666], [94.6073, 44.9612], [94.6231, 44.9567], [94.6399, 44.9548], [94.6576, 44.9542]]}}, {"type": "Feature", "properties": {}, "geometry": {"type": "LineString", "coordinates": [[90.2869, 45.8259], [90.2922, 45.8219], [90.2959, 45.8192], [90.2998, 45.8162], [90.3069, 45.8102], [90.3153, 45.8062], [90.3226, 45.8004], [90.3294, 45.797], [90.3346, 45.7939], [90.3403, 45.7877], [90.3445, 45.784], [90.3495, 45.7798], [90.3542, 45.7753], [90.3588, 45.7718], [90.3666, 45.7663], [90.3747, 45.7624], [90.38, 45.7597], [90.3847, 45.7551], [90.3889, 45.751], [90.3936, 45.7462], [90.3982, 45.7423], [90.4045, 45.7365], [90.4098, 45.7323], [90.4134, 45.7282], [90.4186, 45.722], [90.425, 45.7173], [90.4323, 45.7119], [90.4386, 45.7058], [90.4475, 45.6998], [90.4548, 45.6945], [90.4589, 45.6911], [90.4675, 45.6857]]}}, {"type": "Feature", "properties": {}, "geometry": {"type": "LineString", "coordinates": [[90.3418, 45.9353], [90.3443, 45.9316], [90.3478, 45.9273], [90.3539, 45.9248], [90.3604, 45.9221], [90.365, 45.9186], [90.3709, 45.9146], [90.3779, 45.9111], [90.387, 45.9057], [90.3913, 45.9028], [90.3943, 45.8987], [90.3977, 45.8932], [90.4013, 45.8888], [90.4059, 45.8829], [90.4098, 45.8773], [90.4125, 45.8723], [90.4165, 45.8679], [90.4227, 45.8641], [90.4315, 45.8595], [90.4372, 45.8548], [90.4416, 45.8493], [90.4462, 45.845], [90.4525, 45.8393], [90.4579, 45.8365], [90.464, 45.8297], [90.4673, 45.8267], [90.4711, 45.8221], [90.4762, 45.8145], [90.4788, 45.8094], [90.4818, 45.8041], [90.4849, 45.7969], [90.4906, 45.7894], [90.4954, 45.7838], [90.5013, 45.7773], [90.5064, 45.7723], [90.5115, 45.7681], [90.5142, 45.7658], [90.5193, 45.762], [90.5267, 45.7575], [90.5317, 45.7522], [90.5346, 45.7482], [90.5367, 45.7459], [90.5484, 45.7419]]}}, {"type": "Feature", "properties": {}, "geometry": {"type": "LineString", "coordinates": [[90.6262, 45.1288], [90.6288, 45.1235], [90.6309, 45.1211], [90.6342, 45.1185], [90.6394, 45.1155], [90.6465, 45.1121], [90.6515, 45.1102], [90.6577, 45.1075], [90.6635, 45.1047], [90.6699, 45.1019], [90.6742, 45.1006], [90.6786, 45.0997], [90.6834, 45.098], [90.6885, 45.0958], [90.6933, 45.0934], [90.6982, 45.0908], [90.702, 45.089], [90.7068, 45.0867], [90.7121, 45.0845], [90.7182, 45.0831], [90.7238, 45.0819], [90.7279, 45.0817], [90.7319, 45.0799], [90.7403, 45.0787], [90.7481, 45.0768], [90.7536, 45.0743], [90.7583, 45.0719], [90.7621, 45.0689], [90.7669, 45.0652], [90.774, 45.0612], [90.7778, 45.0585], [90.7823, 45.055], [90.7851, 45.0518], [90.7908, 45.0493], [90.7978, 45.0477], [90.8047, 45.0466], [90.8114, 45.045], [90.8172, 45.042], [90.8236, 45.0384], [90.8287, 45.0365], [90.8372, 45.0332], [90.8411, 45.0321], [90.8539, 45.0298], [90.8575, 45.0293], [90.8621, 45.0292], [90.867, 45.0289], [90.8728, 45.0279], [90.879, 45.0261], [90.889, 45.0251], [90.894, 45.0253], [90.9006, 45.0256], [90.9099, 45.026], [90.924, 45.0248], [90.9371, 45.0272], [90.9594, 45.0294], [90.9829, 45.0292], [90.9982, 45.0299], [91.007, 45.0297], [91.0185, 45.0308]]}}, {"type": "Feature", "properties": {}, "geometry": {"type": "LineString", "coordinates": [[90.5302, 45.3944], [90.5298, 45.3904], [90.5296, 45.3872], [90.5292, 45.3845], [90.5282, 45.3804], [90.5278, 45.3766], [90.5273, 45.3723], [90.5274, 45.3704], [90.5272, 45.3672], [90.527, 45.3643], [90.5262, 45.3605], [90.5263, 45.3563], [90.5258, 45.3521], [90.522, 45.3453], [90.5209, 45.3426], [90.5185, 45.3373], [90.5167, 45.3318], [90.5151, 45.3275], [90.5124, 45.3206], [90.51, 45.316], [90.5074, 45.3133], [90.5051, 45.3093], [90.5039, 45.3029], [90.5029, 45.3018], [90.5022, 45.2988], [90.5011, 45.2964], [90.4996, 45.2941], [90.4969, 45.2898], [90.4963, 45.2858], [90.4946, 45.283], [90.4937, 45.281], [90.4919, 45.2792], [90.4898, 45.276], [90.4876, 45.2732], [90.4848, 45.2704], [90.4828, 45.2688], [90.4787, 45.2664]]}}, {"type": "Feature", "properties": {}, "geometry": {"type": "LineString", "coordinates": [[90.5695, 45.407], [90.573, 45.4002], [90.582, 45.3857], [90.5858, 45.3805], [90.5897, 45.3745], [90.5934, 45.3685], [90.5951, 45.366], [90.5979, 45.3626], [90.6001, 45.3583], [90.6043, 45.3514], [90.6079, 45.3454], [90.6108, 45.3418], [90.6148, 45.3362], [90.6184, 45.3311], [90.6193, 45.3248], [90.6228, 45.3207], [90.6269, 45.3112], [90.6306, 45.3052], [90.6354, 45.2976], [90.6389, 45.2884], [90.6443, 45.2782], [90.6509, 45.2703], [90.6561, 45.2662], [90.6667, 45.2592], [90.6702, 45.2569], [90.674, 45.2539], [90.6808, 45.2484], [90.684, 45.2458], [90.6882, 45.244], [90.6917, 45.2408], [90.696, 45.237], [90.6974, 45.2348], [90.7, 45.2318], [90.7034, 45.2288], [90.7075, 45.2253], [90.7117, 45.2212], [90.7181, 45.2146], [90.7282, 45.2001], [90.7354, 45.1949], [90.7421, 45.1906], [90.7496, 45.1866], [90.7533, 45.1828], [90.7655, 45.1739], [90.7726, 45.1702], [90.7893, 45.1638], [90.8012, 45.1594], [90.8146, 45.1505], [90.8274, 45.1394], [90.8372, 45.1334], [90.8554, 45.1231], [90.8665, 45.118], [90.8835, 45.1068], [90.8946, 45.1002], [90.9065, 45.0952], [90.9175, 45.0904], [90.9281, 45.0853], [90.9434, 45.0743], [90.9593, 45.0651], [90.9757, 45.0627]]}}, {"type": "Feature", "properties": {}, "geometry": {"type": "LineString", "coordinates": [[91.7882, 44.5024], [91.7912, 44.4968], [91.7935, 44.4905], [91.7963, 44.4852], [91.8006, 44.4794], [91.8034, 44.474], [91.8144, 44.4543], [91.8269, 44.4322], [91.8361, 44.4179], [91.8418, 44.4069], [91.8434, 44.4], [91.8496, 44.3862], [91.856, 44.3758], [91.8652, 44.3621], [91.8751, 44.3558], [91.8852, 44.3478], [91.8888, 44.3429], [91.8919, 44.34], [91.8978, 44.3353], [91.9006, 44.3317], [91.9039, 44.3273], [91.9088, 44.3232], [91.9141, 44.318], [91.9199, 44.3122], [91.9252, 44.3068], [91.9303, 44.3013], [91.9357, 44.2954], [91.9401, 44.2908], [91.9383, 44.2899], [91.9419, 44.2851], [91.9446, 44.2806], [91.9492, 44.2749], [91.9559, 44.2685], [91.9621, 44.2608], [91.9673, 44.2554], [91.9722, 44.2508], [91.9749, 44.2484], [91.9855, 44.2389], [91.9931, 44.2329], [92.0042, 44.2227], [92.0144, 44.216], [92.0201, 44.2117], [92.0239, 44.2071], [92.0302, 44.2018], [92.0358, 44.1947], [92.0413, 44.1891], [92.0481, 44.1833], [92.0542, 44.1793], [92.0626, 44.1749], [92.0703, 44.1697], [92.0798, 44.1626], [92.0908, 44.1571], [92.0983, 44.1508], [92.1051, 44.1451], [92.1125, 44.1392], [92.1225, 44.1313], [92.1284, 44.1235], [92.142, 44.1102], [92.1528, 44.0997], [92.1616, 44.0904], [92.1686, 44.081], [92.1697, 44.0753]]}}, {"type": "Feature", "properties": {}, "geometry": {"type": "LineString", "coordinates": [[90.9925, 45.0637], [91.0218, 45.0604], [91.033, 45.0583], [91.053, 45.0529], [91.0609, 45.0508], [91.0782, 45.0471], [91.0895, 45.0438], [91.1027, 45.037], [91.1144, 45.0283], [91.1296, 45.0173], [91.1357, 45.01], [91.1368, 45.0036], [91.1368, 44.9959], [91.1406, 44.99], [91.1456, 44.9856], [91.1552, 44.9821], [91.1618, 44.9796], [91.169, 44.9758], [91.174, 44.9717], [91.1804, 44.9675], [91.1869, 44.9631], [91.1916, 44.9595], [91.1949, 44.957], [91.2007, 44.9536], [91.2092, 44.9511], [91.2165, 44.9467], [91.2231, 44.9422], [91.2271, 44.9376], [91.2288, 44.9337], [91.233, 44.9308], [91.2401, 44.927], [91.2441, 44.9232], [91.2458, 44.9202], [91.2519, 44.9151], [91.2554, 44.9128], [91.2583, 44.9107], [91.2626, 44.9068], [91.2679, 44.9039], [91.273, 44.901], [91.282, 44.8965], [91.2871, 44.8932], [91.2946, 44.889], [91.3018, 44.8851], [91.3107, 44.8798], [91.3215, 44.873], [91.3294, 44.8666], [91.331, 44.8644], [91.3375, 44.8593], [91.346, 44.8521], [91.3525, 44.849], [91.3582, 44.8435], [91.3648, 44.8392], [91.3739, 44.8374], [91.3834, 44.8349], [91.3921, 44.8306], [91.4052, 44.8253], [91.4114, 44.8214]]}}, {"type": "Feature", "properties": {}, "geometry": {"type": "LineString", "coordinates": [[91.432, 44.72], [91.4412, 44.7157], [91.4536, 44.7127], [91.4621, 44.7116], [91.4657, 44.7097], [91.4676, 44.7087], [91.4707, 44.7078], [91.4741, 44.7073], [91.4775, 44.7069], [91.4827, 44.7067], [91.4866, 44.7066], [91.4908, 44.7054], [91.494, 44.7048], [91.4971, 44.7038], [91.5016, 44.7034], [91.5085, 44.7036], [91.5109, 44.7035], [91.5153, 44.7023], [91.5191, 44.7012], [91.5245, 44.7003], [91.5282, 44.6986], [91.5354, 44.6969], [91.5382, 44.6965], [91.5411, 44.6955], [91.5456, 44.6932], [91.5493, 44.6916], [91.5541, 44.6903], [91.5571, 44.689], [91.5617, 44.687], [91.5679, 44.6849], [91.574, 44.6834], [91.58, 44.6806], [91.5855, 44.6793], [91.5882, 44.6783], [91.5948, 44.6763], [91.5989, 44.6748], [91.604, 44.6728], [91.6077, 44.6711], [91.615, 44.6685], [91.6205, 44.6669], [91.6261, 44.6648], [91.631, 44.6622], [91.636, 44.66], [91.6426, 44.6573], [91.6461, 44.6553], [91.65, 44.6527], [91.6522, 44.6509]]}}, {"type": "Feature", "properties": {}, "geometry": {"type": "LineString", "coordinates": [[92.5586, 44.9243], [92.5604, 44.9248], [92.5643, 44.9259], [92.5658, 44.9262], [92.5693, 44.9272], [92.5726, 44.9279], [92.5742, 44.9284], [92.5771, 44.9291], [92.5789, 44.9294], [92.5919, 44.9323], [92.5956, 44.9331], [92.6021, 44.934], [92.613, 44.936], [92.6232, 44.9377], [92.6324, 44.9399], [92.6491, 44.9436], [92.6525, 44.9444], [92.6567, 44.9454], [92.6733, 44.9482], [92.6868, 44.9508], [92.7048, 44.9547], [92.717, 44.9565], [92.73, 44.9605], [92.7404, 44.962], [92.7534, 44.9641], [92.7654, 44.9647], [92.7785, 44.9657], [92.7859, 44.9663], [92.7912, 44.9668], [92.8014, 44.9681], [92.8108, 44.9682], [92.8208, 44.9695], [92.8255, 44.97], [92.8315, 44.9704], [92.8344, 44.9707], [92.8387, 44.9709], [92.8413, 44.9709], [92.8433, 44.9706], [92.8483, 44.9707], [92.8547, 44.9712], [92.8604, 44.9717], [92.8677, 44.9717], [92.8737, 44.9722], [92.8795, 44.9725], [92.8829, 44.9729], [92.8858, 44.973], [92.8884, 44.9732], [92.8921, 44.9732], [92.8953, 44.9735], [92.8986, 44.9737], [92.9028, 44.9741], [92.9061, 44.9744], [92.9091, 44.9744], [92.9139, 44.9745], [92.919, 44.9748], [92.9234, 44.9748], [92.9324, 44.9749], [92.9389, 44.9748], [92.9461, 44.9743], [92.9528, 44.9741], [92.9596, 44.9742], [92.9643, 44.9738], [92.9682, 44.9733], [92.972, 44.9732], [92.9773, 44.9727], [92.9808, 44.9726], [92.9866, 44.9724], [92.9894, 44.9724], [92.9994, 44.9726], [93.014, 44.9711], [93.0174, 44.9706], [93.022, 44.9701], [93.0256, 44.9695], [93.0295, 44.9687], [93.0337, 44.9677], [93.0392, 44.967], [93.0436, 44.9667], [93.0464, 44.9665], [93.0464, 44.9664], [93.0508, 44.9661], [93.0607, 44.9643]]}}, {"type": "Feature", "properties": {"name": "Tahiynshar Fault"}, "geometry": {"type": "LineString", "coordinates": [[93.8183, 45.0384], [93.8352, 45.0424], [93.8556, 45.0472], [93.8722, 45.0513], [93.8846, 45.0542], [93.8942, 45.0559], [93.9097, 45.0597], [93.9305, 45.0647], [93.956, 45.0698], [93.9732, 45.0742], [93.9986, 45.0812], [94.0301, 45.084], [94.0524, 45.0876]]}}, {"type": "Feature", "properties": {}, "geometry": {"type": "LineString", "coordinates": [[93.7726, 44.9065], [93.7796, 44.9061], [93.7837, 44.9056], [93.7884, 44.9052], [93.7951, 44.9043], [93.8031, 44.9037], [93.8091, 44.9027], [93.818, 44.9012], [93.8294, 44.9005], [93.8388, 44.8993], [93.8478, 44.8978], [93.8577, 44.8955], [93.8645, 44.8939], [93.8757, 44.8916], [93.8833, 44.8902], [93.8882, 44.8895], [93.8976, 44.8874], [93.9054, 44.8868], [93.9145, 44.8856], [93.9215, 44.8861], [93.9278, 44.8851], [93.9399, 44.8847], [93.9474, 44.8838], [93.9608, 44.8827], [93.9655, 44.8822], [93.9736, 44.8811], [93.9773, 44.8802], [93.9824, 44.8798], [93.989, 44.8786], [93.9956, 44.8782], [94.0021, 44.8769], [94.0116, 44.8758], [94.0191, 44.8746], [94.0246, 44.8741], [94.0291, 44.874], [94.033, 44.8741], [94.0355, 44.8743], [94.0406, 44.8749], [94.0439, 44.8752], [94.0471, 44.8756], [94.0494, 44.8759], [94.0544, 44.8761], [94.0563, 44.8762], [94.0589, 44.8766], [94.0614, 44.8769], [94.0641, 44.8774], [94.0661, 44.8778], [94.0695, 44.878], [94.073, 44.8783], [94.0772, 44.8785], [94.0813, 44.8787], [94.0842, 44.879], [94.0877, 44.8793], [94.091, 44.8798], [94.0971, 44.8805], [94.1034, 44.8818], [94.1121, 44.8831], [94.1178, 44.8842], [94.1249, 44.8847], [94.1315, 44.885], [94.1388, 44.8855], [94.151, 44.8863], [94.183, 44.8905], [94.1913, 44.8913], [94.1983, 44.8913], [94.2036, 44.8922], [94.2096, 44.893], [94.2158, 44.8939], [94.223, 44.8947], [94.2312, 44.8953], [94.2365, 44.8946], [94.2508, 44.8957], [94.2586, 44.8962], [94.267, 44.8969], [94.2744, 44.897], [94.2906, 44.8961], [94.2938, 44.8959], [94.3, 44.8958], [94.3062, 44.8977], [94.3137, 44.8991], [94.3243, 44.8996], [94.3273, 44.8984], [94.3455, 44.9018], [94.3563, 44.9031], [94.3637, 44.9041], [94.3885, 44.9062], [94.3985, 44.9069], [94.4085, 44.908], [94.4253, 44.9095], [94.4382, 44.9108], [94.4543, 44.9125], [94.4718, 44.9132], [94.487, 44.9149], [94.5183, 44.9189], [94.5553, 44.9286], [94.5854, 44.9378], [94.6147, 44.9437], [94.6317, 44.9483]]}}, {"type": "Feature", "properties": {"name": "Sutay Uul Fault"}, "geometry": {"type": "LineString", "coordinates": [[93.4837, 46.6462], [93.49, 46.6425], [93.4932, 46.6417], [93.4998, 46.6391], [93.5036, 46.638], [93.5081, 46.6357], [93.5084, 46.6354], [93.5129, 46.6315], [93.5188, 46.6299], [93.5224, 46.63], [93.5314, 46.6254], [93.539, 46.621], [93.5474, 46.6185], [93.5551, 46.6165], [93.5605, 46.6148], [93.5669, 46.6114], [93.5718, 46.6059], [93.5799, 46.6023], [93.5912, 46.5943], [93.6004, 46.5896], [93.6146, 46.5839], [93.6207, 46.5817], [93.6269, 46.5733], [93.6378, 46.5649], [93.6467, 46.5572], [93.6567, 46.5513], [93.6659, 46.5472], [93.6745, 46.5426], [93.6824, 46.5385], [93.6915, 46.5338], [93.7029, 46.5285], [93.7153, 46.522], [93.7305, 46.5141], [93.7352, 46.5097], [93.7419, 46.5055], [93.75, 46.5018], [93.7612, 46.4965], [93.7718, 46.4897], [93.7787, 46.4838], [93.7881, 46.4777], [93.7957, 46.4711], [93.8049, 46.4639], [93.816, 46.4564], [93.826, 46.4496], [93.8352, 46.4455]]}}, {"type": "Feature", "properties": {}, "geometry": {"type": "LineString", "coordinates": [[93.0614, 44.9646], [93.0787, 44.9631], [93.0973, 44.9593], [93.1171, 44.9548], [93.1293, 44.9522], [93.1468, 44.949], [93.1544, 44.9478], [93.1682, 44.947], [93.1855, 44.945], [93.2025, 44.9438], [93.2135, 44.9431], [93.2236, 44.9438], [93.2486, 44.9437], [93.2642, 44.9423], [93.2732, 44.9397], [93.2818, 44.9376], [93.2877, 44.9356], [93.2983, 44.9336], [93.3112, 44.9307], [93.3193, 44.9277], [93.3332, 44.9226], [93.3422, 44.9182], [93.3528, 44.9128], [93.3618, 44.9105], [93.3716, 44.9075], [93.3836, 44.9034], [93.4008, 44.8986], [93.4186, 44.8942], [93.4334, 44.8919], [93.4534, 44.8886], [93.4711, 44.8883], [93.483, 44.8877], [93.4951, 44.8872], [93.5092, 44.8841], [93.5263, 44.8804], [93.5424, 44.8771], [93.5613, 44.873], [93.5789, 44.8686], [93.5953, 44.8624], [93.6069, 44.8575], [93.6192, 44.8553], [93.6395, 44.8572], [93.6559, 44.8588], [93.685, 44.8545], [93.7141, 44.8532], [93.7374, 44.8526]]}}, {"type": "Feature", "properties": {"name": "Ich Obo Fault"}, "geometry": {"type": "LineString", "coordinates": [[94.7451, 44.9457], [94.756, 44.943], [94.771, 44.9366], [94.7805, 44.9317], [94.791, 44.9277], [94.8026, 44.9221], [94.8114, 44.9171], [94.822, 44.9118], [94.8276, 44.9075], [94.8351, 44.9028], [94.8407, 44.8997], [94.8507, 44.8934], [94.858, 44.8884], [94.8657, 44.8841], [94.8757, 44.8788], [94.8863, 44.8739], [94.8977, 44.8703], [94.9069, 44.8662], [94.9169, 44.8612], [94.9227, 44.8578], [94.9312, 44.8531], [94.9375, 44.8499], [94.9435, 44.8459], [94.951, 44.8426], [94.9556, 44.8385], [94.9612, 44.8354], [94.9673, 44.8321], [94.9738, 44.8278], [94.9808, 44.8239], [94.9886, 44.8197], [94.9944, 44.8156], [95.0028, 44.8103], [95.0125, 44.806], [95.0169, 44.8029], [95.027, 44.797], [95.0379, 44.7908], [95.0522, 44.7825], [95.0657, 44.7755], [95.0763, 44.7689], [95.0863, 44.7639], [95.0957, 44.7592], [95.1058, 44.7542], [95.1157, 44.7491], [95.1242, 44.7458], [95.1334, 44.7426], [95.143, 44.7369], [95.1515, 44.7314], [95.1607, 44.7254], [95.172, 44.7199], [95.1834, 44.7148], [95.1977, 44.7093], [95.21, 44.7023], [95.2288, 44.6926], [95.2476, 44.6825], [95.262, 44.678], [95.2784, 44.6704], [95.2905, 44.6645], [95.3063, 44.6569], [95.3261, 44.6479], [95.3415, 44.6417], [95.3506, 44.6368], [95.3665, 44.6302], [95.3754, 44.6243], [95.387, 44.6177], [95.4016, 44.612], [95.4093, 44.608], [95.4192, 44.6044], [95.4322, 44.6004], [95.4464, 44.5962], [95.4599, 44.5923], [95.4765, 44.5893]]}}, {"type": "Feature", "properties": {}, "geometry": {"type": "LineString", "coordinates": [[94.6957, 45.013], [94.7067, 45.0195], [94.72, 45.0264], [94.735, 45.0358], [94.7452, 45.0452], [94.7583, 45.0564], [94.771, 45.0668], [94.7832, 45.0751], [94.7922, 45.0826], [94.8011, 45.0901], [94.8131, 45.0982], [94.8208, 45.1053], [94.8254, 45.1088], [94.842, 45.1205], [94.8647, 45.1356], [94.8877, 45.1488], [94.9001, 45.1561], [94.9183, 45.1651], [94.9351, 45.1788], [94.9469, 45.1898], [94.9625, 45.2016], [94.9838, 45.2158], [95.0206, 45.2248], [95.0461, 45.2368], [95.0802, 45.2508], [95.1027, 45.2609], [95.1365, 45.2684], [95.1745, 45.276], [95.2106, 45.2822], [95.2532, 45.2894], [95.2825, 45.2937], [95.3221, 45.2962], [95.3532, 45.2991], [95.406, 45.3043], [95.4202, 45.3057], [95.4303, 45.3069], [95.4366, 45.307], [95.4521, 45.3083], [95.4911, 45.3068], [95.5329, 45.302], [95.5693, 45.2994], [95.6298, 45.2999], [95.6482, 45.3003], [95.6656, 45.301], [95.6825, 45.301], [95.6941, 45.2998], [95.7067, 45.3001], [95.7279, 45.2999], [95.7554, 45.2977], [95.796, 45.2969], [95.8283, 45.2953], [95.8544, 45.2937], [95.8908, 45.292], [95.9296, 45.2905], [95.9518, 45.2892], [95.9711, 45.2871], [96.0425, 45.2728], [96.0839, 45.2658], [96.1037, 45.2629], [96.1398, 45.2601]]}}, {"type": "Feature", "properties": {"name": "North Shargyn Thrust"}, "geometry": {"type": "LineString", "coordinates": [[94.0158, 46.8486], [94.0194, 46.845], [94.0243, 46.8401], [94.0302, 46.8351], [94.0409, 46.8316], [94.0456, 46.8261], [94.0477, 46.8209], [94.0488, 46.817], [94.0513, 46.8085], [94.0541, 46.7945], [94.0548, 46.7859], [94.065, 46.7769], [94.0751, 46.7713], [94.0818, 46.7619], [94.0886, 46.7555], [94.097, 46.7503], [94.1042, 46.7475], [94.11, 46.7465], [94.1142, 46.7429], [94.1146, 46.7426], [94.1204, 46.7375], [94.1241, 46.7362], [94.1278, 46.7336], [94.1353, 46.7289], [94.1438, 46.7231], [94.16, 46.7146], [94.1692, 46.7102], [94.1866, 46.7016], [94.2027, 46.6961], [94.2274, 46.6866], [94.2373, 46.6766], [94.2559, 46.6702], [94.2683, 46.6663], [94.2727, 46.6648], [94.2761, 46.6624], [94.2803, 46.6597], [94.2842, 46.6571], [94.2907, 46.6512], [94.2908, 46.6511], [94.2957, 46.6471], [94.3001, 46.6435], [94.3012, 46.6413], [94.3053, 46.6357], [94.3103, 46.6326], [94.3137, 46.6315], [94.3161, 46.6311], [94.3186, 46.6299], [94.3235, 46.6255], [94.3256, 46.6223], [94.3256, 46.622], [94.3275, 46.6186], [94.3313, 46.6149], [94.3344, 46.6136], [94.3365, 46.6122], [94.3376, 46.6095], [94.3386, 46.6073], [94.3419, 46.6054], [94.3441, 46.6043], [94.3466, 46.6024], [94.3479, 46.6013], [94.3483, 46.5999], [94.3522, 46.5989], [94.3542, 46.5969], [94.3569, 46.5937], [94.3583, 46.5928], [94.3605, 46.5939], [94.3682, 46.596], [94.3719, 46.5969], [94.3751, 46.596], [94.3779, 46.5944], [94.3804, 46.5939], [94.3839, 46.5946], [94.3858, 46.5951], [94.386, 46.5951], [94.3888, 46.5953], [94.3912, 46.5952], [94.3914, 46.5952], [94.393, 46.5947], [94.3956, 46.5936], [94.3983, 46.5935], [94.404, 46.5907], [94.4069, 46.59], [94.4131, 46.59], [94.4152, 46.59], [94.4171, 46.5896], [94.421, 46.5899], [94.424, 46.5895], [94.4278, 46.5891], [94.4308, 46.589], [94.4327, 46.589], [94.4367, 46.5893], [94.4398, 46.5894], [94.4428, 46.5893], [94.4445, 46.5894], [94.4453, 46.5892], [94.4472, 46.589], [94.4482, 46.589], [94.4485, 46.5891], [94.4487, 46.5891], [94.4498, 46.5893], [94.4512, 46.5893], [94.4531, 46.5897], [94.4548, 46.5898], [94.4564, 46.59], [94.4595, 46.59], [94.4618, 46.5897], [94.4646, 46.5895], [94.4687, 46.5889], [94.4709, 46.5876], [94.4748, 46.5872], [94.4785, 46.5867], [94.4824, 46.586], [94.4864, 46.5874], [94.4898, 46.5876], [94.4946, 46.5872], [94.5002, 46.5889], [94.5138, 46.5888], [94.5207, 46.5855], [94.5272, 46.5834], [94.5339, 46.5813], [94.5387, 46.5749], [94.5453, 46.571], [94.5504, 46.5689], [94.5564, 46.5672], [94.5611, 46.565], [94.5647, 46.563], [94.5691, 46.5587], [94.5769, 46.5528], [94.5874, 46.542], [94.5896, 46.5354], [94.5974, 46.5309], [94.6019, 46.5294], [94.6065, 46.5267], [94.6111, 46.5235], [94.6155, 46.5189], [94.6195, 46.5177], [94.6311, 46.5186], [94.6472, 46.5158], [94.6571, 46.5139], [94.6665, 46.5117], [94.6775, 46.5087], [94.6951, 46.5051], [94.7043, 46.4994], [94.7199, 46.4972], [94.737, 46.4968], [94.7481, 46.4977], [94.7608, 46.498], [94.771, 46.4972], [94.7814, 46.499], [94.799, 46.4992], [94.8157, 46.4981], [94.8385, 46.5009], [94.8494, 46.4991], [94.8559, 46.4964], [94.8728, 46.4911]]}}, {"type": "Feature", "properties": {"name": "Shargyn Fault"}, "geometry": {"type": "LineString", "coordinates": [[94.4392, 46.3227], [94.4414, 46.3229], [94.4436, 46.3231], [94.4462, 46.3235], [94.4486, 46.3244], [94.4512, 46.3251], [94.4564, 46.3269], [94.4591, 46.3273], [94.4617, 46.3281], [94.4647, 46.3287], [94.4691, 46.3293], [94.4718, 46.3296], [94.4757, 46.3306], [94.4767, 46.3306], [94.4797, 46.331], [94.489, 46.3327], [94.4959, 46.3347], [94.5011, 46.3348], [94.5044, 46.3358], [94.5097, 46.3368], [94.5152, 46.3379], [94.525, 46.3391], [94.5388, 46.3424], [94.5418, 46.3434], [94.5468, 46.3449], [94.5563, 46.3479], [94.5664, 46.351], [94.5853, 46.3583], [94.6042, 46.3629], [94.6221, 46.3686], [94.645, 46.3727], [94.6594, 46.3765], [94.6732, 46.3798], [94.6864, 46.3836], [94.7055, 46.3894], [94.7181, 46.393], [94.7718, 46.4001], [94.8138, 46.4084], [94.8494, 46.414], [94.8681, 46.4173], [94.8804, 46.4204], [94.9422, 46.4325], [94.992, 46.4408], [95.0134, 46.4444], [95.0397, 46.4494], [95.0526, 46.4534], [95.0633, 46.4549], [95.0704, 46.4553], [95.0756, 46.4554], [95.0797, 46.4575], [95.0967, 46.4632], [95.1165, 46.4721], [95.128, 46.4744], [95.1434, 46.4766], [95.1491, 46.4783], [95.1552, 46.4793], [95.1621, 46.481], [95.1687, 46.4821], [95.1826, 46.4869], [95.1888, 46.4883], [95.1954, 46.4894], [95.2055, 46.492], [95.2243, 46.4944], [95.2389, 46.4978], [95.2486, 46.5009], [95.2602, 46.5021], [95.2695, 46.504], [95.2866, 46.5078], [95.3016, 46.5097], [95.3132, 46.5115], [95.3307, 46.5124], [95.3397, 46.515], [95.3543, 46.5171], [95.3725, 46.5189], [95.3887, 46.5216], [95.4052, 46.5232], [95.4255, 46.5251], [95.4433, 46.5269], [95.467, 46.5291], [95.4909, 46.5311], [95.5046, 46.5318], [95.5268, 46.5321], [95.5503, 46.532], [95.5665, 46.5323], [95.5857, 46.5315], [95.6067, 46.5292], [95.6272, 46.5286], [95.6466, 46.5274], [95.6681, 46.5266], [95.695, 46.5242], [95.704, 46.5238], [95.7282, 46.5211], [95.7423, 46.5194], [95.7576, 46.5175], [95.7741, 46.5153], [95.7865, 46.5137], [95.7991, 46.5117], [95.8091, 46.5101], [95.8125, 46.5095], [95.8201, 46.508], [95.8294, 46.5065], [95.8385, 46.5046], [95.8426, 46.5038], [95.8534, 46.5019], [95.8558, 46.5014], [95.8593, 46.5008], [95.8632, 46.5004], [95.8663, 46.4997], [95.8695, 46.499], [95.8727, 46.4984], [95.8754, 46.4978], [95.8772, 46.4967], [95.8791, 46.4959], [95.8816, 46.4959], [95.8841, 46.4954], [95.8862, 46.495], [95.8884, 46.4947], [95.8938, 46.4923], [95.8987, 46.4904], [95.9014, 46.4898], [95.9055, 46.4871], [95.9096, 46.4839], [95.9179, 46.4799], [95.9259, 46.4776]]}}, {"type": "Feature", "properties": {"name": "Buuralyn Nuruu Thrust North"}, "geometry": {"type": "LineString", "coordinates": [[95.5743, 46.4912], [95.5905, 46.4926], [95.6017, 46.4919], [95.613, 46.492], [95.6269, 46.488], [95.6371, 46.4858], [95.6407, 46.4849], [95.6514, 46.4835], [95.6579, 46.4822], [95.6632, 46.4814], [95.6703, 46.4794], [95.6748, 46.4772], [95.6809, 46.4754], [95.6868, 46.4719], [95.6936, 46.468], [95.698, 46.4679], [95.7036, 46.4686], [95.7111, 46.4688], [95.7185, 46.468], [95.7258, 46.4671], [95.7318, 46.4661], [95.7365, 46.4645], [95.7412, 46.4639], [95.7447, 46.4608], [95.7495, 46.4563], [95.7573, 46.4531], [95.7642, 46.4527], [95.769, 46.4507], [95.7748, 46.4493], [95.7807, 46.4479], [95.7843, 46.4471], [95.7876, 46.446], [95.7908, 46.4446], [95.7946, 46.4439], [95.7989, 46.4433], [95.8069, 46.4414], [95.8143, 46.4389], [95.8214, 46.4376]]}}, {"type": "Feature", "properties": {"name": "Buuralyn Nuruu Thrust East"}, "geometry": {"type": "LineString", "coordinates": [[95.8162, 46.4244], [95.8213, 46.423], [95.8253, 46.4212], [95.8294, 46.4185], [95.8342, 46.4149], [95.8387, 46.4121], [95.8445, 46.4063], [95.8469, 46.4031], [95.8502, 46.4003], [95.8506, 46.3967], [95.8528, 46.3877], [95.8574, 46.3779], [95.8608, 46.3732], [95.8665, 46.3666], [95.871, 46.3634], [95.8877, 46.3448], [95.8917, 46.3357], [95.8974, 46.3252], [95.9078, 46.3134], [95.9189, 46.3005], [95.9307, 46.2885], [95.9313, 46.2794], [95.9374, 46.2693], [95.9472, 46.2603], [95.954, 46.2557], [95.9664, 46.2513], [95.977, 46.242], [95.9844, 46.2328], [96.0069, 46.2234], [96.0165, 46.2148], [96.0285, 46.2113], [96.0396, 46.2044], [96.0426, 46.1931], [96.0436, 46.1798], [96.0462, 46.166], [96.0389, 46.154]]}}, {"type": "Feature", "properties": {"name": "Buuralyn Nuruu Thrust SE"}, "geometry": {"type": "LineString", "coordinates": [[95.9902, 46.1576], [95.9904, 46.1533], [95.9914, 46.1509], [95.9913, 46.1476], [95.9922, 46.1445], [95.9934, 46.1409], [95.9949, 46.1386], [95.9956, 46.1363], [95.9958, 46.1327], [95.9957, 46.1294], [95.9976, 46.1242], [96.0017, 46.1199], [96.0062, 46.1161], [96.0128, 46.1117], [96.0164, 46.1099], [96.0213, 46.1057], [96.0243, 46.1033], [96.0266, 46.0992], [96.0294, 46.0967], [96.0313, 46.0943], [96.0323, 46.0915], [96.0346, 46.0899], [96.0353, 46.0875], [96.0367, 46.0853], [96.0381, 46.0796], [96.0373, 46.0751], [96.0363, 46.0719], [96.0387, 46.0688], [96.0448, 46.0658], [96.0482, 46.0637], [96.0529, 46.0607], [96.0575, 46.0581], [96.0614, 46.0562], [96.0658, 46.0546], [96.0687, 46.0531], [96.0736, 46.0501], [96.0777, 46.0473], [96.0818, 46.0438], [96.0846, 46.0414], [96.0878, 46.0398], [96.0922, 46.0368], [96.0951, 46.0353], [96.0982, 46.0338], [96.1036, 46.0311], [96.1098, 46.0275], [96.1166, 46.0249], [96.12, 46.0224], [96.1215, 46.0193], [96.1218, 46.0173], [96.1261, 46.0119], [96.1324, 46.0082], [96.1399, 46.0065], [96.1504, 46.0062], [96.1556, 46.0054], [96.1612, 46.0042], [96.1641, 46.0024], [96.1657, 45.9997], [96.1677, 45.9952], [96.1705, 45.9913], [96.1724, 45.9872], [96.1735, 45.9833], [96.1752, 45.9795], [96.1757, 45.9765], [96.1771, 45.9727], [96.178, 45.9709], [96.179, 45.9683], [96.1811, 45.9656], [96.1828, 45.9613], [96.1836, 45.9565], [96.1841, 45.9535], [96.1854, 45.9501], [96.1859, 45.9469], [96.1873, 45.9429], [96.1884, 45.9394], [96.1894, 45.9364], [96.1899, 45.9344]]}}, {"type": "Feature", "properties": {}, "geometry": {"type": "LineString", "coordinates": [[92.0968, 44.9526], [92.1003, 44.9543], [92.1039, 44.9559], [92.1081, 44.9576], [92.114, 44.9592], [92.1154, 44.9595], [92.1189, 44.9604], [92.1256, 44.9609], [92.1324, 44.9623], [92.1366, 44.9629], [92.1387, 44.964], [92.1428, 44.9645], [92.1461, 44.9648], [92.1509, 44.9651], [92.1536, 44.966], [92.1564, 44.9661], [92.159, 44.9659], [92.1636, 44.9651], [92.168, 44.9647], [92.1713, 44.9649], [92.1777, 44.9651], [92.1834, 44.964], [92.188, 44.9628], [92.1951, 44.9615], [92.1979, 44.9614], [92.2003, 44.9617], [92.2057, 44.9615], [92.2131, 44.9613], [92.2262, 44.9621], [92.2302, 44.9611], [92.2324, 44.9595], [92.2331, 44.9586], [92.2447, 44.9572], [92.2488, 44.9564], [92.256, 44.9544], [92.2586, 44.9549], [92.2654, 44.9532], [92.2694, 44.953], [92.2735, 44.9517], [92.2829, 44.9501], [92.2898, 44.9501], [92.2967, 44.949], [92.299, 44.949], [92.3057, 44.9468], [92.3132, 44.9476], [92.3162, 44.9476], [92.3188, 44.9473], [92.3273, 44.9444], [92.3344, 44.9431], [92.3431, 44.9423], [92.3476, 44.9411], [92.3571, 44.9403], [92.3639, 44.9403], [92.3711, 44.94], [92.3773, 44.9392], [92.3904, 44.9384], [92.3994, 44.9388], [92.4104, 44.9371], [92.4196, 44.9352], [92.4285, 44.9357], [92.438, 44.9352], [92.4479, 44.9352], [92.4535, 44.9346], [92.4576, 44.9334], [92.466, 44.9326], [92.472, 44.9312], [92.4834, 44.9302], [92.4963, 44.9296], [92.5556, 44.9237]]}}, {"type": "Feature", "properties": {}, "geometry": {"type": "LineString", "coordinates": [[91.4824, 45.0987], [91.484, 45.0969], [91.4858, 45.0948], [91.487, 45.0936], [91.488, 45.0908], [91.49, 45.0877], [91.4918, 45.0859], [91.4938, 45.0842], [91.4964, 45.0821], [91.4994, 45.0805], [91.5023, 45.0793], [91.5054, 45.078], [91.5091, 45.0761], [91.5121, 45.0745], [91.5156, 45.0733], [91.5211, 45.0708], [91.5252, 45.0686], [91.5293, 45.0671], [91.532, 45.0651], [91.5345, 45.063], [91.537, 45.0611], [91.5389, 45.0594], [91.5408, 45.0574], [91.5442, 45.0556], [91.5486, 45.0538], [91.552, 45.053], [91.5569, 45.0499], [91.5594, 45.0481], [91.5633, 45.0468], [91.5657, 45.0456], [91.5691, 45.0444], [91.5715, 45.0435], [91.5738, 45.0419], [91.5754, 45.0409], [91.5785, 45.0401], [91.5812, 45.0393], [91.5836, 45.0392], [91.5871, 45.0395], [91.5895, 45.0396], [91.5917, 45.0395], [91.5941, 45.0394], [91.5967, 45.0397], [91.5988, 45.04], [91.5999, 45.0404], [91.6013, 45.0409], [91.6038, 45.0407], [91.6066, 45.0398], [91.6092, 45.0389], [91.6128, 45.0383], [91.6158, 45.0381], [91.6194, 45.0375], [91.6241, 45.0356], [91.6267, 45.0341], [91.6295, 45.0334], [91.6326, 45.0328], [91.6355, 45.0327], [91.6383, 45.032], [91.6409, 45.031], [91.6441, 45.0303], [91.6468, 45.0307], [91.651, 45.0296], [91.6582, 45.0275], [91.6631, 45.0264], [91.6656, 45.0259], [91.6687, 45.0248], [91.672, 45.0241], [91.678, 45.0234], [91.6817, 45.0207], [91.6872, 45.0175], [91.6916, 45.0172], [91.694, 45.017], [91.6988, 45.0151], [91.7028, 45.0131], [91.7081, 45.0088], [91.7155, 45.007], [91.7251, 45.0068], [91.7306, 45.0066], [91.7371, 45.0065], [91.7394, 45.0066], [91.7415, 45.0056], [91.7431, 45.0038], [91.7454, 45.0025], [91.7482, 45.0019], [91.7517, 45.0007], [91.7554, 44.9988], [91.7579, 44.9979], [91.7622, 44.9971], [91.7715, 44.9966], [91.7838, 44.9958], [91.7942, 44.9943], [91.8018, 44.9942], [91.8078, 44.9917], [91.8134, 44.9906], [91.818, 44.9892], [91.8208, 44.9886], [91.8296, 44.9876], [91.8344, 44.9867], [91.8384, 44.9855], [91.8412, 44.9853], [91.8458, 44.985], [91.8502, 44.9847], [91.8531, 44.9849], [91.8564, 44.9853], [91.8589, 44.9858], [91.8699, 44.9871], [91.8807, 44.9894], [91.8946, 44.9918], [91.9044, 44.9943], [91.9174, 44.9974], [91.9331, 44.997], [91.9562, 44.9962], [91.9703, 44.9934], [91.9966, 44.985], [92.008, 44.9787], [92.0164, 44.9733], [92.0241, 44.9722], [92.0386, 44.9701], [92.0532, 44.9661], [92.0638, 44.9631]]}}, {"type": "Feature", "properties": {}, "geometry": {"type": "LineString", "coordinates": [[95.6236, 44.6224], [95.6311, 44.6234], [95.641, 44.625], [95.6487, 44.6267], [95.6613, 44.629], [95.6719, 44.6307], [95.6819, 44.6328], [95.6924, 44.635], [95.7004, 44.6381], [95.7093, 44.6401], [95.7163, 44.6421], [95.7217, 44.6438], [95.725, 44.6448], [95.7275, 44.6461], [95.731, 44.6471], [95.7344, 44.6475], [95.7394, 44.6487], [95.743, 44.6497], [95.7464, 44.6506], [95.7496, 44.6513], [95.7525, 44.6518], [95.7558, 44.6526], [95.7607, 44.6534], [95.7651, 44.6545], [95.7714, 44.6552], [95.7809, 44.6571], [95.7862, 44.6584], [95.7909, 44.6597], [95.8033, 44.6625], [95.8158, 44.6658], [95.831, 44.6689], [95.8507, 44.6705], [95.8889, 44.6746], [95.9058, 44.6779], [95.9059, 44.6779], [95.9218, 44.6804], [95.9432, 44.6845], [95.9647, 44.6876], [95.983, 44.6913], [96.0019, 44.6942], [96.0146, 44.6962], [96.0234, 44.6975], [96.034, 44.6989], [96.0476, 44.7007], [96.0608, 44.7016], [96.0801, 44.7024], [96.1004, 44.7029], [96.1182, 44.7022], [96.1353, 44.7014], [96.141, 44.7022], [96.146, 44.7018], [96.1523, 44.7013], [96.163, 44.7005], [96.1872, 44.6981], [96.2123, 44.6969], [96.2367, 44.6949], [96.2631, 44.6914], [96.2812, 44.6896], [96.298, 44.6885], [96.3089, 44.6888], [96.3194, 44.6892], [96.3294, 44.6896], [96.3457, 44.6911], [96.3591, 44.6943], [96.3709, 44.6963], [96.3801, 44.6965], [96.3866, 44.6956], [96.3911, 44.6957], [96.4059, 44.6958], [96.4163, 44.6959], [96.4192, 44.6958], [96.4213, 44.6957], [96.4227, 44.6955], [96.425, 44.6952], [96.4275, 44.6949], [96.4302, 44.6943], [96.433, 44.6937]]}}, {"type": "Feature", "properties": {}, "geometry": {"type": "LineString", "coordinates": [[95.4448, 44.5744], [95.4489, 44.5759], [95.4518, 44.5773], [95.4538, 44.578], [95.4552, 44.5789], [95.4563, 44.5796], [95.4585, 44.5811], [95.4625, 44.5826], [95.4653, 44.584], [95.4682, 44.5864], [95.4736, 44.5882], [95.4776, 44.5893], [95.4839, 44.5927], [95.4879, 44.5942], [95.4912, 44.5949], [95.4965, 44.5954], [95.5011, 44.5964], [95.5077, 44.5972], [95.5134, 44.5976], [95.5194, 44.5978], [95.5234, 44.5984], [95.5275, 44.5995], [95.5298, 44.6003], [95.5323, 44.6013], [95.5367, 44.6023], [95.5387, 44.6029], [95.5436, 44.6037], [95.548, 44.6045], [95.5525, 44.6051], [95.5556, 44.6053], [95.56, 44.6056], [95.5644, 44.6055], [95.5699, 44.6054], [95.5749, 44.6051], [95.5812, 44.6045], [95.5854, 44.6046], [95.5881, 44.6047], [95.5929, 44.6052], [95.5992, 44.6068], [95.6051, 44.6084], [95.6095, 44.6091], [95.6154, 44.6101], [95.6218, 44.6112], [95.6249, 44.6121], [95.6281, 44.6132], [95.6315, 44.6143], [95.6342, 44.6153], [95.6379, 44.6159], [95.6423, 44.6161], [95.6464, 44.6166], [95.6504, 44.6172], [95.656, 44.6185], [95.6589, 44.6201], [95.6623, 44.6221], [95.6647, 44.6238], [95.6672, 44.6255], [95.6692, 44.6271]]}}, {"type": "Feature", "properties": {}, "geometry": {"type": "LineString", "coordinates": [[96.2839, 45.2557], [96.2898, 45.2543], [96.2903, 45.2543], [96.291, 45.2543], [96.2912, 45.2542], [96.2967, 45.2537], [96.3014, 45.252], [96.3091, 45.2502], [96.3183, 45.2497], [96.3314, 45.2493], [96.3417, 45.2498], [96.3493, 45.2488], [96.3574, 45.2497], [96.3694, 45.2532], [96.3772, 45.2549], [96.39, 45.2568], [96.3951, 45.2597], [96.4003, 45.262], [96.405, 45.2648], [96.4114, 45.2668], [96.4203, 45.2695], [96.4301, 45.2686], [96.4398, 45.2662], [96.4431, 45.2658], [96.4533, 45.2661], [96.458, 45.2649], [96.464, 45.2639], [96.4685, 45.2636], [96.4731, 45.2629], [96.4762, 45.2636], [96.4784, 45.2634], [96.4805, 45.263], [96.4831, 45.2617], [96.4854, 45.2605], [96.4881, 45.2591], [96.4906, 45.2583], [96.4932, 45.2577], [96.4938, 45.2571], [96.4947, 45.2566], [96.4966, 45.2563], [96.4973, 45.2563], [96.5004, 45.2561], [96.502, 45.2558], [96.503, 45.2556], [96.5036, 45.2555], [96.5043, 45.2553], [96.505, 45.2552], [96.5059, 45.2551], [96.5067, 45.2551], [96.5077, 45.255], [96.5092, 45.255], [96.5119, 45.2546], [96.5139, 45.2532], [96.5151, 45.2521], [96.5163, 45.2513], [96.5194, 45.2492], [96.5221, 45.2477], [96.5243, 45.246], [96.5271, 45.2444], [96.5436, 45.2429], [96.5588, 45.243], [96.5691, 45.2406], [96.5805, 45.2365], [96.5897, 45.2312], [96.5991, 45.2274], [96.6045, 45.225], [96.6121, 45.2218], [96.6144, 45.2207], [96.6169, 45.2177], [96.6199, 45.2179], [96.6234, 45.2168], [96.6269, 45.2155], [96.6286, 45.2131], [96.6287, 45.2077], [96.6314, 45.2028], [96.6363, 45.2005], [96.6404, 45.1983], [96.6448, 45.1963], [96.6474, 45.1945], [96.6535, 45.1906], [96.66, 45.1872], [96.6642, 45.1845], [96.6724, 45.1811], [96.6788, 45.1759], [96.6862, 45.1738], [96.6933, 45.1724], [96.6989, 45.1702], [96.7058, 45.1674], [96.7086, 45.1665], [96.7146, 45.1645], [96.7186, 45.1606], [96.7257, 45.1566], [96.7399, 45.1487], [96.7452, 45.1456], [96.754, 45.1414], [96.7672, 45.1372], [96.7789, 45.1357], [96.7882, 45.1333], [96.7943, 45.1331], [96.7992, 45.1306], [96.8044, 45.1282], [96.8174, 45.1255], [96.8294, 45.1258], [96.8356, 45.1224], [96.8538, 45.1143], [96.8618, 45.1117], [96.8766, 45.1068], [96.8854, 45.1045], [96.898, 45.0996], [96.9036, 45.0971], [96.9127, 45.0933], [96.9227, 45.0882], [96.9334, 45.0839], [96.9481, 45.0793], [96.96, 45.0751], [96.9968, 45.07], [97.0109, 45.0671], [97.0205, 45.0652], [97.0342, 45.0634], [97.0492, 45.0599], [97.0642, 45.0562], [97.0651, 45.056], [97.0772, 45.0521], [97.0913, 45.0437], [97.1, 45.0372], [97.1071, 45.0347], [97.1179, 45.0316], [97.1339, 45.0245], [97.1462, 45.0222], [97.1578, 45.019], [97.1824, 45.0108], [97.2075, 45.0021], [97.2149, 45.0015], [97.2227, 45.0011], [97.2298, 44.9983], [97.2408, 44.9966], [97.247, 44.9954], [97.2519, 44.9942], [97.2582, 44.994], [97.262, 44.9927], [97.2653, 44.9904], [97.272, 44.9892], [97.2773, 44.9863], [97.2816, 44.9849], [97.2859, 44.9833], [97.2907, 44.9807], [97.2963, 44.979], [97.3008, 44.9774], [97.3035, 44.9749], [97.3074, 44.9727], [97.3105, 44.9716], [97.3248, 44.9667], [97.3294, 44.9648], [97.3322, 44.9613], [97.3339, 44.9589], [97.3398, 44.9567], [97.3467, 44.9547], [97.3524, 44.9498], [97.3827, 44.9297], [97.4189, 44.9108], [97.429, 44.9082], [97.4433, 44.9051], [97.4556, 44.8968], [97.4764, 44.8868], [97.4932, 44.8802], [97.5003, 44.8768], [97.5107, 44.876], [97.5186, 44.8749], [97.5242, 44.8728], [97.5332, 44.8694], [97.5432, 44.8658], [97.5513, 44.8615], [97.5624, 44.8588], [97.5716, 44.8564], [97.5815, 44.8562], [97.5977, 44.8547], [97.6092, 44.8497], [97.6262, 44.8415], [97.6373, 44.8317], [97.6449, 44.8254], [97.6608, 44.8173], [97.6779, 44.8116], [97.6877, 44.812], [97.7064, 44.8092], [97.7187, 44.808], [97.7302, 44.8049], [97.7414, 44.8015], [97.7563, 44.795], [97.7635, 44.7937], [97.7675, 44.7913], [97.7724, 44.7896], [97.7766, 44.7883], [97.7806, 44.7858], [97.7864, 44.7839], [97.7912, 44.7832], [97.7958, 44.7823], [97.8001, 44.7798], [97.8005, 44.7795], [97.8062, 44.7759], [97.8086, 44.7743], [97.8128, 44.7732], [97.8163, 44.7726], [97.8203, 44.7708], [97.8249, 44.7693], [97.8282, 44.7686], [97.8298, 44.7678], [97.8322, 44.7672], [97.8339, 44.7665], [97.8353, 44.7654], [97.8377, 44.7648], [97.8401, 44.7639], [97.8424, 44.7632], [97.849, 44.7611], [97.855, 44.7596], [97.8601, 44.7583], [97.8646, 44.7566], [97.8694, 44.7557], [97.8832, 44.7517], [97.8917, 44.7496], [97.8976, 44.746], [97.9063, 44.7443], [97.9148, 44.7426], [97.9245, 44.7404], [97.9321, 44.7366], [97.9402, 44.7353], [97.9494, 44.7357], [97.9573, 44.7349], [97.9641, 44.7335], [97.9718, 44.7304], [97.9783, 44.7282], [97.9837, 44.7251], [97.9876, 44.7225], [97.9937, 44.7196], [98.0019, 44.7168], [98.0027, 44.7167], [98.0028, 44.7166], [98.0108, 44.7151], [98.0167, 44.7146], [98.0228, 44.7127], [98.0281, 44.7111], [98.0372, 44.708], [98.0456, 44.7034], [98.0527, 44.7015], [98.063, 44.7004], [98.0817, 44.6989], [98.0953, 44.7035], [98.1089, 44.7066], [98.1098, 44.7066], [98.1217, 44.7058], [98.1324, 44.7082], [98.1478, 44.7071], [98.1626, 44.7061], [98.1964, 44.7068], [98.2228, 44.7078], [98.2556, 44.7067], [98.2822, 44.7023], [98.3048, 44.6948], [98.327, 44.6892], [98.354, 44.6811], [98.3728, 44.6784], [98.394, 44.673], [98.422, 44.6658], [98.4427, 44.6587], [98.4534, 44.6561], [98.4635, 44.6538], [98.4729, 44.6515], [98.4815, 44.6508], [98.4925, 44.6495], [98.4956, 44.6465], [98.5013, 44.6433], [98.5015, 44.6433], [98.507, 44.6412], [98.5096, 44.6403], [98.5129, 44.6387], [98.5174, 44.6365], [98.521, 44.6352], [98.5265, 44.6345], [98.5339, 44.635], [98.5452, 44.6309], [98.5516, 44.6272], [98.561, 44.6239], [98.5615, 44.6238], [98.5671, 44.622], [98.5712, 44.6219], [98.5788, 44.6245], [98.587, 44.6247], [98.596, 44.6222], [98.6037, 44.6191], [98.6042, 44.6191], [98.6048, 44.6188], [98.6098, 44.6159], [98.6104, 44.6155], [98.6188, 44.6141], [98.6264, 44.6158], [98.641, 44.6145], [98.6634, 44.6099], [98.6785, 44.6045], [98.6917, 44.6015], [98.7042, 44.6007], [98.7289, 44.5986], [98.7585, 44.595], [98.7909, 44.5941], [98.8158, 44.5936], [98.8231, 44.5911], [98.8325, 44.5898], [98.8422, 44.5858], [98.8529, 44.5845], [98.8629, 44.5836], [98.8762, 44.5829], [98.8959, 44.581], [98.9146, 44.5782], [98.9322, 44.5769], [98.9417, 44.5779], [98.9628, 44.5768]]}}, {"type": "Feature", "properties": {"name": "Bugat Fault"}, "geometry": {"type": "LineString", "coordinates": [[94.2824, 45.5258], [94.3023, 45.5306], [94.3221, 45.5359], [94.3511, 45.5472], [94.378, 45.561], [94.386, 45.5636], [94.3972, 45.5668], [94.4186, 45.5723], [94.4348, 45.5751], [94.4488, 45.5775], [94.4547, 45.579], [94.4745, 45.5825], [94.4897, 45.5853], [94.502, 45.5874], [94.5186, 45.5917], [94.5414, 45.5969], [94.5659, 45.5998], [94.6078, 45.6069], [94.6484, 45.6133], [94.7037, 45.6255], [94.7265, 45.6304], [94.7503, 45.6351], [94.7914, 45.6435], [94.8067, 45.6478], [94.8162, 45.6511], [94.8274, 45.6544], [94.8355, 45.6567], [94.8448, 45.6596], [94.8523, 45.6617], [94.8631, 45.665], [94.8825, 45.6706], [94.8974, 45.6732], [94.911, 45.6756], [94.9214, 45.6788], [94.9322, 45.6841], [94.9395, 45.6884], [94.9453, 45.6914], [94.9518, 45.6944], [94.956, 45.6951], [94.9605, 45.6973], [94.9688, 45.7013], [94.9747, 45.7042], [94.9792, 45.7074], [94.9876, 45.7122], [94.9966, 45.7188], [95.0046, 45.725], [95.0221, 45.7306], [95.0434, 45.7331], [95.0629, 45.7332], [95.0856, 45.7331]]}}, {"type": "Feature", "properties": {"name": "Togrog Gol Thrust"}, "geometry": {"type": "LineString", "coordinates": [[94.613, 45.9935], [94.6175, 45.9892], [94.6209, 45.9872], [94.6232, 45.9843], [94.6269, 45.9827], [94.6296, 45.9807], [94.6321, 45.9774], [94.6348, 45.9752], [94.64, 45.9737], [94.6469, 45.9725], [94.6538, 45.971], [94.66, 45.9708], [94.6652, 45.9718], [94.6671, 45.9725], [94.6723, 45.9736], [94.6824, 45.9752], [94.6891, 45.9752], [94.6925, 45.9747], [94.696, 45.9731], [94.6997, 45.9702], [94.7034, 45.9673], [94.7091, 45.9628], [94.7141, 45.9598], [94.7185, 45.9567], [94.7269, 45.9553], [94.7316, 45.9558], [94.738, 45.9583], [94.7407, 45.959], [94.7466, 45.9603], [94.7538, 45.9617], [94.7579, 45.9636], [94.7661, 45.9633], [94.7703, 45.9649], [94.7809, 45.9659], [94.7846, 45.9661], [94.788, 45.9642], [94.7915, 45.9634], [94.7947, 45.9625], [94.7979, 45.9623], [94.8001, 45.9618], [94.807, 45.9603], [94.8139, 45.9605], [94.8196, 45.96], [94.8248, 45.9586], [94.8297, 45.9579], [94.8359, 45.9567], [94.8406, 45.9559], [94.845, 45.956], [94.8519, 45.9564], [94.8581, 45.9548], [94.8613, 45.954], [94.8672, 45.9539], [94.8731, 45.9531], [94.8755, 45.9526], [94.881, 45.9525], [94.8865, 45.9506], [94.8926, 45.9475], [94.8963, 45.944], [94.8999, 45.9419], [94.9034, 45.9386], [94.9061, 45.9324], [94.9137, 45.9276], [94.9204, 45.9224], [94.9251, 45.9169], [94.9315, 45.9133], [94.9435, 45.9056], [94.9579, 45.8932], [94.9851, 45.8869], [94.9916, 45.8902], [94.9979, 45.8933], [95.0028, 45.8941], [95.0063, 45.8957], [95.0112, 45.8965], [95.0153, 45.8952], [95.0195, 45.8946], [95.0237, 45.8941], [95.0263, 45.8925], [95.0299, 45.8905], [95.0326, 45.8891], [95.0354, 45.8871], [95.0406, 45.8815], [95.0417, 45.8783], [95.0481, 45.8765], [95.0545, 45.8758], [95.0617, 45.8738], [95.07, 45.8723], [95.0726, 45.8714], [95.0786, 45.8698], [95.0818, 45.8674], [95.0878, 45.8673], [95.0937, 45.8647], [95.0995, 45.8632], [95.1057, 45.8602], [95.1145, 45.8605], [95.1248, 45.8584], [95.1315, 45.8551], [95.1381, 45.8545], [95.1639, 45.8469], [95.1753, 45.8442], [95.2029, 45.8327]]}}, {"type": "Feature", "properties": {}, "geometry": {"type": "LineString", "coordinates": [[95.2892, 45.9244], [95.2946, 45.9275], [95.3003, 45.9276], [95.3087, 45.9287], [95.3146, 45.9298], [95.3196, 45.9328], [95.3272, 45.9355], [95.3332, 45.9381], [95.3376, 45.9406], [95.3413, 45.9437], [95.3428, 45.9446], [95.3475, 45.9471], [95.3527, 45.9504], [95.3559, 45.9519], [95.359, 45.953], [95.3622, 45.9542], [95.3648, 45.955], [95.3694, 45.9555], [95.377, 45.9566], [95.381, 45.9575], [95.3858, 45.9591], [95.3902, 45.9609], [95.3932, 45.9622], [95.3963, 45.9631], [95.4009, 45.9644], [95.4067, 45.965], [95.4126, 45.9658], [95.4164, 45.9664], [95.4215, 45.9665], [95.4277, 45.9673], [95.4344, 45.9675], [95.4386, 45.967], [95.4362, 45.9655], [95.4373, 45.9644], [95.4395, 45.9633], [95.4424, 45.9626], [95.4443, 45.962], [95.4481, 45.9609], [95.4509, 45.9594], [95.4545, 45.9592], [95.4581, 45.9588], [95.464, 45.9579], [95.4665, 45.9572], [95.4711, 45.9558], [95.4763, 45.9547], [95.4785, 45.9544], [95.4819, 45.9534], [95.4857, 45.9523], [95.4878, 45.9519], [95.4915, 45.9515], [95.4958, 45.9501], [95.5021, 45.9475], [95.5059, 45.9472], [95.5081, 45.9464], [95.511, 45.9454], [95.5165, 45.9444], [95.5209, 45.9431], [95.5262, 45.9414], [95.5304, 45.9411], [95.5327, 45.941], [95.5353, 45.9402], [95.5442, 45.9391], [95.5468, 45.9381], [95.5496, 45.9375], [95.5535, 45.9361], [95.5582, 45.9341], [95.5611, 45.9324], [95.5642, 45.9313], [95.5715, 45.9295], [95.579, 45.9278], [95.5813, 45.9274], [95.5841, 45.9264], [95.5867, 45.9252], [95.5932, 45.9225], [95.5968, 45.9213], [95.5986, 45.9207], [95.6029, 45.9201], [95.606, 45.9202], [95.6102, 45.9207], [95.617, 45.9204], [95.6213, 45.9198], [95.6268, 45.9191], [95.6326, 45.9182], [95.6364, 45.9174], [95.6426, 45.9172], [95.6477, 45.9175], [95.6538, 45.9178], [95.659, 45.9193], [95.6646, 45.9197], [95.6708, 45.9195], [95.6794, 45.9166], [95.6868, 45.9159], [95.6927, 45.9161], [95.6993, 45.9153], [95.7109, 45.9133], [95.7137, 45.9142], [95.719, 45.9152], [95.7268, 45.9158], [95.7295, 45.916], [95.7352, 45.9164], [95.7404, 45.9156], [95.7451, 45.9146], [95.7491, 45.9141], [95.7512, 45.9128], [95.7552, 45.9107], [95.7587, 45.9104], [95.7635, 45.9104], [95.7691, 45.9101], [95.7727, 45.9096], [95.7793, 45.9094], [95.7844, 45.9101], [95.7874, 45.9116], [95.7902, 45.9135], [95.7933, 45.9136], [95.7969, 45.913], [95.8026, 45.9132], [95.8071, 45.914], [95.8128, 45.9141], [95.8192, 45.9155], [95.8217, 45.9165], [95.8247, 45.9166], [95.8292, 45.9179], [95.8331, 45.9186], [95.8377, 45.9202], [95.8391, 45.9216], [95.8419, 45.9233], [95.8441, 45.9244], [95.848, 45.9254], [95.8517, 45.9263], [95.8542, 45.9253], [95.8576, 45.9226], [95.8634, 45.9205], [95.8698, 45.9203], [95.8734, 45.9211], [95.8813, 45.9211], [95.8932, 45.9193], [95.8968, 45.9188], [95.9006, 45.9161], [95.9036, 45.9155], [95.906, 45.916], [95.9095, 45.9154], [95.9138, 45.9143], [95.9196, 45.9135], [95.9245, 45.913], [95.9286, 45.9134], [95.9328, 45.9121], [95.9379, 45.9103], [95.9429, 45.9061], [95.9462, 45.9027], [95.9465, 45.8972]]}}, {"type": "Feature", "properties": {}, "geometry": {"type": "LineString", "coordinates": [[95.8672, 45.9615], [95.8713, 45.962], [95.8747, 45.9621], [95.8791, 45.9628], [95.8823, 45.9633], [95.8862, 45.9637], [95.8901, 45.9638], [95.8957, 45.9631], [95.9008, 45.9626], [95.9061, 45.9618], [95.9116, 45.9617], [95.9135, 45.9621], [95.9183, 45.9626], [95.9245, 45.9618], [95.9284, 45.9609], [95.9342, 45.9583], [95.9362, 45.9554], [95.9393, 45.9527], [95.9444, 45.9508], [95.9469, 45.9504], [95.9532, 45.95], [95.9599, 45.9498], [95.9642, 45.9484], [95.9708, 45.9463], [95.974, 45.9441], [95.9781, 45.9421], [95.983, 45.9381], [95.9907, 45.9373], [95.9939, 45.9362], [95.9995, 45.9329], [96.0044, 45.9281], [96.0096, 45.9257], [96.0147, 45.9276], [96.0163, 45.9303], [96.0229, 45.9316], [96.0255, 45.9319], [96.0309, 45.9314], [96.0443, 45.9272], [96.0477, 45.9247], [96.0556, 45.9224], [96.0642, 45.9222], [96.0723, 45.9212], [96.0799, 45.9201], [96.0857, 45.9188], [96.0937, 45.9174], [96.0996, 45.9159], [96.1067, 45.9136], [96.1119, 45.9115], [96.1188, 45.9099], [96.1232, 45.9081], [96.1289, 45.9059], [96.1348, 45.9043], [96.1407, 45.9044], [96.1479, 45.9045], [96.1559, 45.9043], [96.1634, 45.9045], [96.1724, 45.9053], [96.1837, 45.9028], [96.1918, 45.9023], [96.2034, 45.901], [96.2134, 45.8982], [96.2181, 45.8967], [96.2232, 45.8953], [96.2328, 45.8935], [96.2406, 45.8908], [96.2452, 45.8875], [96.2587, 45.8852], [96.272, 45.8833], [96.2803, 45.8812], [96.2896, 45.878], [96.2945, 45.8745], [96.2983, 45.8713], [96.3052, 45.8685], [96.3145, 45.8653], [96.3212, 45.8608], [96.3334, 45.8555], [96.3393, 45.8523], [96.3475, 45.8471], [96.3632, 45.841], [96.3744, 45.8361], [96.3865, 45.8301], [96.3987, 45.8227], [96.4093, 45.8161], [96.4225, 45.8104], [96.4347, 45.8051], [96.4513, 45.8005], [96.4664, 45.7962]]}}, {"type": "Feature", "properties": {}, "geometry": {"type": "LineString", "coordinates": [[95.0256, 46.7819], [95.0431, 46.7809], [95.0501, 46.7799], [95.0626, 46.7795], [95.0731, 46.7788], [95.0836, 46.7785], [95.1001, 46.7785], [95.1101, 46.7754], [95.1156, 46.7719], [95.1189, 46.7688], [95.122, 46.7666], [95.127, 46.7644], [95.1317, 46.7628], [95.1353, 46.762], [95.142, 46.7609], [95.1491, 46.7603], [95.1528, 46.7597], [95.1576, 46.7587], [95.1627, 46.758], [95.1676, 46.7576], [95.1724, 46.7575], [95.1749, 46.7574], [95.1789, 46.757], [95.1834, 46.7578], [95.1882, 46.7571], [95.1941, 46.7557], [95.1989, 46.7549], [95.2032, 46.7539], [95.2113, 46.7525], [95.2174, 46.7522], [95.2229, 46.752], [95.2283, 46.7508], [95.236, 46.7484], [95.2453, 46.7475], [95.2491, 46.7477], [95.2569, 46.7466], [95.2609, 46.7457], [95.2648, 46.7451], [95.2677, 46.7441], [95.2723, 46.7421], [95.277, 46.7402], [95.2796, 46.7384], [95.2812, 46.7373], [95.2857, 46.735], [95.2906, 46.7328], [95.2966, 46.7307], [95.304, 46.7298], [95.3097, 46.7296], [95.3173, 46.7295], [95.3242, 46.7284], [95.3303, 46.7262], [95.3374, 46.7233], [95.3429, 46.7203], [95.3506, 46.7184], [95.3622, 46.7179], [95.3693, 46.7176], [95.3738, 46.7184], [95.3811, 46.7202], [95.3907, 46.7224], [95.3964, 46.7257], [95.4055, 46.73], [95.4174, 46.7326], [95.426, 46.7363], [95.4328, 46.7377], [95.4438, 46.7349], [95.453, 46.7321], [95.4585, 46.7312], [95.467, 46.7305], [95.4715, 46.7303], [95.4872, 46.7284], [95.4939, 46.7271], [95.4994, 46.7262], [95.5084, 46.7255], [95.5149, 46.7258], [95.5224, 46.7258], [95.5271, 46.7246], [95.5338, 46.7216], [95.5443, 46.7194], [95.5593, 46.7179], [95.5778, 46.7177], [95.591, 46.7193], [95.5965, 46.721], [95.6041, 46.7249], [95.6173, 46.7302], [95.6241, 46.7339], [95.6352, 46.7376], [95.6422, 46.7402]]}}, {"type": "Feature", "properties": {}, "geometry": {"type": "LineString", "coordinates": [[96.0191, 46.4501], [96.0292, 46.4491], [96.0409, 46.4474], [96.0476, 46.4467], [96.0566, 46.4457], [96.0629, 46.4446], [96.0696, 46.4437], [96.0729, 46.4434], [96.0811, 46.4427], [96.0904, 46.4415], [96.0994, 46.4416], [96.1138, 46.44], [96.1329, 46.4381], [96.1429, 46.4367], [96.1561, 46.435], [96.1629, 46.4342], [96.1803, 46.4334], [96.1936, 46.4329], [96.2039, 46.432], [96.2155, 46.4305], [96.2238, 46.4297], [96.2299, 46.4293], [96.2326, 46.4288], [96.235, 46.4283], [96.2399, 46.4273], [96.2453, 46.4264], [96.2486, 46.4258], [96.2516, 46.4252], [96.2551, 46.4246], [96.258, 46.4241], [96.2621, 46.4232], [96.2646, 46.4229], [96.269, 46.4218], [96.2729, 46.4207], [96.2757, 46.4201], [96.2803, 46.4188], [96.2892, 46.4172], [96.3006, 46.416], [96.3141, 46.4133], [96.3324, 46.4105], [96.345, 46.4081], [96.3515, 46.407], [96.3623, 46.4051]]}}, {"type": "Feature", "properties": {}, "geometry": {"type": "LineString", "coordinates": [[96.0981, 46.4089], [96.105, 46.4059], [96.1146, 46.4021], [96.1232, 46.3987], [96.1279, 46.3965], [96.1304, 46.3952], [96.1353, 46.3917], [96.1547, 46.3776], [96.174, 46.3628], [96.2012, 46.3459], [96.2185, 46.3348], [96.2384, 46.3211], [96.2655, 46.3042], [96.2901, 46.2896], [96.3108, 46.2817], [96.3389, 46.267], [96.3548, 46.2602]]}}, {"type": "Feature", "properties": {"name": "Hasagt Haryan FAult"}, "geometry": {"type": "LineString", "coordinates": [[95.7234, 46.6339], [95.7377, 46.6334], [95.7502, 46.6333], [95.7682, 46.6331], [95.7784, 46.6334], [95.788, 46.6318], [95.8005, 46.6295], [95.8115, 46.6268], [95.8252, 46.6233], [95.8425, 46.6182], [95.8518, 46.6153], [95.8659, 46.6103], [95.8748, 46.6066], [95.8859, 46.6018], [95.8978, 46.5949], [95.9028, 46.5882], [95.9088, 46.583], [95.915, 46.5816], [95.9206, 46.5798], [95.925, 46.5783], [95.9328, 46.576], [95.9396, 46.5723], [95.9474, 46.5683], [95.9517, 46.5653], [95.958, 46.5607], [95.9717, 46.5554], [95.9756, 46.5538], [95.982, 46.5506], [95.9907, 46.5445], [95.9935, 46.5394], [96.0051, 46.5331], [96.0156, 46.5272], [96.0269, 46.5221], [96.0398, 46.5167], [96.05, 46.5104], [96.0591, 46.5064], [96.0711, 46.4995], [96.0854, 46.495], [96.0898, 46.4943], [96.0952, 46.495], [96.1065, 46.49], [96.1208, 46.4883], [96.133, 46.488], [96.1457, 46.4869], [96.158, 46.4866], [96.178, 46.4835], [96.1981, 46.48], [96.2295, 46.48], [96.2495, 46.4795], [96.2905, 46.4669], [96.339, 46.4417], [96.3573, 46.4307], [96.3656, 46.4271], [96.3736, 46.423], [96.3809, 46.4186], [96.3889, 46.4135], [96.397, 46.4087], [96.4082, 46.4043], [96.4241, 46.3969], [96.4375, 46.392], [96.446, 46.3903]]}}, {"type": "Feature", "properties": {}, "geometry": {"type": "LineString", "coordinates": [[95.2365, 45.395], [95.2812, 45.4058], [95.329, 45.4128], [95.3683, 45.412], [95.3953, 45.4081], [95.4262, 45.3958], [95.457, 45.3727], [95.5025, 45.3526], [95.5488, 45.3395], [95.5889, 45.3341], [95.6344, 45.331], [95.6344, 45.331]]}}, {"type": "Feature", "properties": {}, "geometry": {"type": "LineString", "coordinates": [[95.4539, 45.4208], [95.4613, 45.4226], [95.4683, 45.4219], [95.4759, 45.4215], [95.4808, 45.4222], [95.485, 45.4224], [95.49, 45.4231], [95.4957, 45.4226], [95.501, 45.4223], [95.5043, 45.424], [95.5071, 45.4248], [95.5102, 45.4254], [95.514, 45.4256], [95.5215, 45.426], [95.5244, 45.4262], [95.5305, 45.4264], [95.5349, 45.4265], [95.5388, 45.427], [95.5431, 45.4269], [95.5491, 45.4273], [95.5563, 45.4257], [95.559, 45.4241], [95.562, 45.4238], [95.5662, 45.423], [95.5691, 45.4229], [95.575, 45.4221], [95.5776, 45.4217], [95.5826, 45.4215], [95.5868, 45.4215], [95.5913, 45.4211], [95.5944, 45.4202], [95.5962, 45.4198], [95.6014, 45.4196], [95.607, 45.419], [95.6128, 45.4183], [95.6166, 45.4185], [95.6201, 45.4176], [95.6244, 45.4165], [95.6311, 45.4149], [95.6383, 45.4138], [95.6453, 45.4134], [95.6511, 45.413], [95.6552, 45.4124], [95.6618, 45.4102], [95.6669, 45.4074], [95.6715, 45.405], [95.676, 45.4036], [95.6798, 45.4022], [95.6903, 45.4019], [95.6999, 45.4017], [95.7068, 45.4008], [95.7109, 45.4002], [95.717, 45.3997], [95.7217, 45.3984], [95.7254, 45.3989], [95.7306, 45.398], [95.7362, 45.3975], [95.7405, 45.396], [95.7453, 45.3953], [95.7481, 45.3963], [95.7557, 45.3961], [95.7594, 45.3957], [95.763, 45.3952], [95.7681, 45.3941], [95.776, 45.3938], [95.7862, 45.3925], [95.7903, 45.3919], [95.7977, 45.3914], [95.8093, 45.388], [95.8135, 45.3871], [95.8206, 45.3864], [95.8269, 45.3852], [95.8354, 45.3842], [95.8457, 45.3864], [95.8538, 45.3869], [95.8665, 45.3857], [95.8713, 45.3809], [95.8739, 45.3785], [95.8805, 45.3762], [95.888, 45.3728], [95.8938, 45.3676], [95.9011, 45.3617], [95.9083, 45.3558], [95.9131, 45.3482], [95.9164, 45.3423], [95.9246, 45.3395], [95.9378, 45.3356], [95.9411, 45.3329], [95.9445, 45.328], [95.9483, 45.3235], [95.9507, 45.3218], [95.9644, 45.3213], [95.9746, 45.3199], [95.9843, 45.3167], [95.9921, 45.3139], [96.0013, 45.3114], [96.0086, 45.3079], [96.0139, 45.3061], [96.0256, 45.3039], [96.0329, 45.3015], [96.0386, 45.2969], [96.044, 45.2966], [96.0498, 45.2958]]}}, {"type": "Feature", "properties": {"name": "Chandman Fault"}, "geometry": {"type": "LineString", "coordinates": [[97.4558, 45.3858], [97.4755, 45.3843], [97.4885, 45.3861], [97.5026, 45.3893], [97.5212, 45.3918], [97.5469, 45.3923], [97.5616, 45.3922], [97.589, 45.3902], [97.6149, 45.3916], [97.642, 45.391], [97.6596, 45.3862], [97.6836, 45.3827], [97.7023, 45.3779], [97.7132, 45.3741], [97.725, 45.3681], [97.7431, 45.3645], [97.764, 45.3613], [97.7943, 45.3552], [97.8397, 45.3499], [97.8595, 45.3474], [97.8875, 45.342], [97.9151, 45.3359], [97.9406, 45.3339], [97.9711, 45.3322], [97.9896, 45.3329], [98.0055, 45.3312], [98.0276, 45.3295], [98.0398, 45.3286], [98.0482, 45.3278], [98.0643, 45.3254], [98.0757, 45.3238], [98.0872, 45.3217], [98.1046, 45.3185], [98.1198, 45.3163], [98.1314, 45.3143], [98.1466, 45.3109], [98.157, 45.3083], [98.1697, 45.3048], [98.1841, 45.3025], [98.2003, 45.3003], [98.2113, 45.2984], [98.2291, 45.2962], [98.2426, 45.2947], [98.2712, 45.2914], [98.2934, 45.2903], [98.3088, 45.2889], [98.3255, 45.288], [98.3417, 45.2873], [98.3524, 45.2863], [98.3609, 45.285], [98.3669, 45.2839], [98.3731, 45.2824], [98.3786, 45.2812], [98.3821, 45.2805], [98.387, 45.2797], [98.3921, 45.2791], [98.3977, 45.2782], [98.4057, 45.2772], [98.411, 45.2766], [98.4364, 45.2765], [98.4525, 45.2778], [98.4629, 45.2784], [98.4809, 45.2758], [98.4988, 45.2736], [98.5086, 45.2728]]}}, {"type": "Feature", "properties": {"name": "Myangayn Fault"}, "geometry": {"type": "LineString", "coordinates": [[96.9936, 45.5927], [97.0108, 45.587], [97.026, 45.5781], [97.0422, 45.5724], [97.0548, 45.5693], [97.0761, 45.5656], [97.0981, 45.5628], [97.12, 45.559], [97.1488, 45.554], [97.1701, 45.5531], [97.1922, 45.5496], [97.2062, 45.5478], [97.2187, 45.5464], [97.2388, 45.5438], [97.2535, 45.5416], [97.2672, 45.5399], [97.2788, 45.5393], [97.2901, 45.5396], [97.3022, 45.5407], [97.3133, 45.5426], [97.3284, 45.5429], [97.3451, 45.5424], [97.3789, 45.5403], [97.3897, 45.5406], [97.4068, 45.539], [97.4433, 45.5378], [97.4659, 45.5368], [97.4904, 45.5361], [97.5092, 45.5354], [97.5376, 45.5353], [97.5818, 45.5346], [97.6815, 45.5314], [97.7849, 45.5269], [97.7904, 45.5265], [97.7972, 45.526], [97.806, 45.5251], [97.8129, 45.5244], [97.8261, 45.5241], [97.8361, 45.5235], [97.8474, 45.5229], [97.8642, 45.5217], [97.889, 45.5235], [97.9074, 45.5241], [97.921, 45.5244], [97.9386, 45.5265], [97.9526, 45.5281], [97.9603, 45.5283], [97.9861, 45.5248], [98.0007, 45.5194], [98.092, 45.5056], [98.1242, 45.5006], [98.1563, 45.4949], [98.1666, 45.4922], [98.1898, 45.4885], [98.212, 45.4861], [98.2308, 45.4828], [98.248, 45.4794], [98.2835, 45.4717], [98.3016, 45.4708], [98.3141, 45.4674]]}}, {"type": "Feature", "properties": {}, "geometry": {"type": "LineString", "coordinates": [[96.5569, 45.3043], [96.5628, 45.3062], [96.5665, 45.3077], [96.5697, 45.3087], [96.5796, 45.3108], [96.582, 45.3118], [96.587, 45.3146], [96.5895, 45.317], [96.5981, 45.3193], [96.5993, 45.3198], [96.6045, 45.3213], [96.6111, 45.3227], [96.6194, 45.3238], [96.6285, 45.3248], [96.6375, 45.325], [96.6481, 45.3262], [96.6593, 45.3278], [96.6669, 45.3287], [96.6746, 45.3312], [96.6807, 45.3327], [96.6844, 45.3335], [96.694, 45.3356], [96.7028, 45.3382], [96.7095, 45.3402], [96.7193, 45.3419], [96.7308, 45.3437], [96.7418, 45.3456], [96.7475, 45.3472], [96.7556, 45.3485], [96.7639, 45.349], [96.7723, 45.3505], [96.7777, 45.3521], [96.7843, 45.3525], [96.7958, 45.3548], [96.802, 45.3554], [96.8125, 45.3569], [96.8204, 45.3599], [96.8272, 45.3653], [96.8339, 45.37], [96.8398, 45.3719], [96.8486, 45.3721], [96.8618, 45.3729], [96.8711, 45.3733], [96.8853, 45.3731], [96.8961, 45.3743], [96.9064, 45.3751], [96.9152, 45.3767], [96.9294, 45.3786]]}}, {"type": "Feature", "properties": {}, "geometry": {"type": "LineString", "coordinates": [[98.5175, 45.2721], [98.5315, 45.2707], [98.5509, 45.2687], [98.5614, 45.2684], [98.5755, 45.2673], [98.59, 45.2655], [98.6082, 45.264], [98.6219, 45.2635], [98.6322, 45.2612], [98.6435, 45.2572], [98.6591, 45.2538], [98.6738, 45.2504], [98.6858, 45.2465], [98.6948, 45.2436], [98.7057, 45.241], [98.7122, 45.2396], [98.7232, 45.2369], [98.7332, 45.2331], [98.7459, 45.2296], [98.763, 45.226], [98.7835, 45.2212], [98.7967, 45.2186], [98.812, 45.2167], [98.8353, 45.2151], [98.8512, 45.2129], [98.8629, 45.2124], [98.8771, 45.2095], [98.8924, 45.2082], [98.8998, 45.206], [98.9088, 45.203], [98.9185, 45.2008], [98.9269, 45.1993], [98.9333, 45.1963], [98.9404, 45.1937], [98.9494, 45.1894], [98.9614, 45.1858], [98.9843, 45.1828], [99.0021, 45.1784], [99.0193, 45.1744], [99.0372, 45.1717], [99.0526, 45.1691], [99.0641, 45.166], [99.0771, 45.1638], [99.086, 45.1623], [99.0972, 45.1616], [99.109, 45.1593], [99.1206, 45.1581], [99.1338, 45.1586]]}}, {"type": "Feature", "properties": {}, "geometry": {"type": "LineString", "coordinates": [[95.2067, 45.7286], [95.2116, 45.729], [95.2201, 45.7286], [95.2251, 45.7284], [95.2277, 45.7284], [95.2371, 45.727], [95.2428, 45.7272], [95.248, 45.7277], [95.2597, 45.7251], [95.2646, 45.7249], [95.2709, 45.7243], [95.2735, 45.7241], [95.2783, 45.7234], [95.2864, 45.7222], [95.2877, 45.7219], [95.2915, 45.7211], [95.2958, 45.7205], [95.3008, 45.7197], [95.3083, 45.7185], [95.3165, 45.7177], [95.3229, 45.7165], [95.3287, 45.7145], [95.3352, 45.7146], [95.3375, 45.7141], [95.3407, 45.7139], [95.3425, 45.7134], [95.3462, 45.713], [95.3487, 45.7122], [95.3522, 45.7115], [95.3563, 45.7107], [95.3612, 45.7107], [95.3618, 45.7107], [95.3645, 45.7105], [95.3674, 45.7104], [95.3707, 45.7095], [95.3736, 45.7084], [95.3766, 45.7077], [95.3788, 45.7076], [95.3824, 45.7062], [95.3852, 45.7056], [95.3895, 45.7058], [95.3931, 45.7061], [95.3994, 45.7052], [95.4047, 45.7044], [95.4086, 45.7033], [95.4107, 45.7027], [95.4146, 45.7019], [95.4188, 45.7009], [95.4211, 45.7003], [95.4226, 45.6998], [95.4274, 45.6992], [95.431, 45.6984], [95.4343, 45.6979], [95.4443, 45.6964], [95.4575, 45.6932], [95.4657, 45.6906], [95.4715, 45.6894], [95.4827, 45.6863], [95.4898, 45.6851], [95.4979, 45.6832], [95.5137, 45.6813], [95.5237, 45.6806], [95.5322, 45.6801], [95.545, 45.6786], [95.5573, 45.6798], [95.5702, 45.6824], [95.5831, 45.6854], [95.5907, 45.6878], [95.6012, 45.6914], [95.6147, 45.6949], [95.6262, 45.6967], [95.6359, 45.6975], [95.6526, 45.6992], [95.6629, 45.7011], [95.6764, 45.7031], [95.6851, 45.705]]}}, {"type": "Feature", "properties": {}, "geometry": {"type": "LineString", "coordinates": [[95.6854, 45.705], [95.6939, 45.7072], [95.703, 45.7096], [95.7149, 45.7133], [95.7272, 45.7171], [95.7382, 45.7182], [95.7564, 45.7219], [95.7655, 45.7248], [95.7774, 45.7279], [95.7885, 45.7307], [95.7979, 45.7328], [95.8055, 45.7365], [95.8159, 45.7426], [95.8257, 45.7458], [95.8388, 45.7507], [95.8532, 45.756], [95.8676, 45.7603], [95.8844, 45.765], [95.902, 45.7693], [95.923, 45.7734], [95.9463, 45.7779], [95.9649, 45.7802]]}}, {"type": "Feature", "properties": {}, "geometry": {"type": "LineString", "coordinates": [[95.9648, 45.7803], [95.9705, 45.7815], [95.9818, 45.7829], [95.9921, 45.7841], [96.0092, 45.7854], [96.0316, 45.7871], [96.0756, 45.7893], [96.1188, 45.7908], [96.1609, 45.7918], [96.1814, 45.7918], [96.1927, 45.7911], [96.2008, 45.7908], [96.2095, 45.7905], [96.2198, 45.7899], [96.2315, 45.7889], [96.2381, 45.7882], [96.2515, 45.7863], [96.2669, 45.785], [96.2852, 45.7824], [96.3183, 45.7766], [96.3427, 45.775], [96.3856, 45.7704], [96.3958, 45.7694], [96.4021, 45.7679], [96.412, 45.7634], [96.4212, 45.7606], [96.4322, 45.7586], [96.4454, 45.7561], [96.4548, 45.755], [96.4667, 45.7526], [96.4743, 45.7513], [96.4818, 45.7498], [96.4928, 45.7481], [96.5049, 45.7439], [96.5245, 45.7402], [96.5381, 45.7376], [96.5625, 45.7321], [96.5767, 45.7248], [96.5994, 45.7188], [96.6287, 45.7122], [96.6431, 45.7059], [96.6536, 45.7056], [96.6738, 45.6942]]}}, {"type": "Feature", "properties": {"name": "Bogd Fault (west segment)"}, "geometry": {"type": "LineString", "coordinates": [[99.0586, 45.169], [99.0657, 45.1692], [99.0741, 45.1699], [99.0789, 45.17], [99.0862, 45.1703], [99.092, 45.1706], [99.1013, 45.1708], [99.1085, 45.1714], [99.1145, 45.172], [99.1158, 45.1725], [99.1189, 45.1738], [99.122, 45.1754], [99.1241, 45.1771], [99.1267, 45.1778], [99.1347, 45.1784], [99.1427, 45.1785], [99.1478, 45.1794], [99.1591, 45.1795], [99.1657, 45.1793], [99.1718, 45.1789], [99.1764, 45.1786], [99.1798, 45.178], [99.1819, 45.1778], [99.1856, 45.1776], [99.1871, 45.1775], [99.1895, 45.1774], [99.1932, 45.1773], [99.1952, 45.1772], [99.1968, 45.177], [99.2008, 45.1769], [99.2029, 45.1767], [99.2056, 45.1764], [99.2099, 45.1757], [99.2134, 45.1752], [99.2166, 45.1749], [99.2238, 45.1741], [99.2316, 45.1737], [99.2374, 45.1731], [99.2465, 45.1727], [99.2589, 45.1716], [99.2655, 45.1714], [99.2687, 45.1712], [99.2764, 45.1705], [99.2946, 45.168], [99.3092, 45.1662], [99.3293, 45.1672], [99.344, 45.1672], [99.3644, 45.1661], [99.3836, 45.1649], [99.4065, 45.1625], [99.437, 45.1608], [99.4473, 45.1597], [99.4668, 45.156], [99.4893, 45.1537], [99.5031, 45.1524], [99.5159, 45.1507], [99.5309, 45.1489], [99.5487, 45.1472], [99.5708, 45.1454], [99.5996, 45.143], [99.624, 45.1437], [99.6358, 45.1434], [99.6438, 45.142], [99.6554, 45.1398], [99.666, 45.1375], [99.6785, 45.1358], [99.6885, 45.1349], [99.6968, 45.134], [99.7107, 45.1342], [99.7213, 45.1339], [99.7372, 45.1343], [99.744, 45.1338], [99.7626, 45.1326], [99.7709, 45.1324], [99.7755, 45.1338], [99.7853, 45.1355], [99.7966, 45.1364], [99.8038, 45.1354], [99.8147, 45.1338], [99.8241, 45.1333], [99.8398, 45.1319], [99.8514, 45.1285], [99.8776, 45.1243], [99.8962, 45.1209], [99.9022, 45.1207], [99.9129, 45.1182], [99.9262, 45.1147], [99.9397, 45.1106], [99.9588, 45.1055], [99.968, 45.1038], [99.9803, 45.1042], [99.989, 45.1045], [99.9999, 45.1063], [100.0301, 45.1027], [100.0387, 45.103], [100.0528, 45.103], [100.0571, 45.1035], [100.066, 45.1022], [100.0763, 45.1015], [100.0841, 45.1], [100.0924, 45.1002], [100.1064, 45.0996], [100.1158, 45.0974], [100.1286, 45.0936], [100.1358, 45.0917], [100.1428, 45.0912], [100.1496, 45.0897], [100.1551, 45.0884], [100.1587, 45.0887], [100.1722, 45.0883], [100.1805, 45.0864], [100.1995, 45.0831], [100.2127, 45.0802], [100.2296, 45.0731], [100.2489, 45.0687], [100.2628, 45.0668], [100.2777, 45.0634], [100.2867, 45.0614], [100.3033, 45.0557], [100.3153, 45.0525], [100.327, 45.0474]]}}, {"type": "Feature", "properties": {"name": "North Il Bogd Thrust"}, "geometry": {"type": "LineString", "coordinates": [[100.328, 45.0474], [100.3325, 45.0488], [100.3391, 45.05], [100.3439, 45.05], [100.3468, 45.0514], [100.3519, 45.0518], [100.3564, 45.0518], [100.3602, 45.0529], [100.3647, 45.0541], [100.3681, 45.0541], [100.3722, 45.0527], [100.3758, 45.0484], [100.3807, 45.0487], [100.3852, 45.0514], [100.3897, 45.0532], [100.3928, 45.0544], [100.3965, 45.0547], [100.3995, 45.0527], [100.4009, 45.0516], [100.4161, 45.059], [100.4392, 45.0667], [100.4455, 45.0661], [100.4558, 45.065], [100.4691, 45.0638], [100.477, 45.0624], [100.4797, 45.0584], [100.4863, 45.0546], [100.4948, 45.0505], [100.5019, 45.0481], [100.5086, 45.0491], [100.5107, 45.0487], [100.5133, 45.0464], [100.5156, 45.046], [100.5195, 45.0443], [100.5222, 45.0437], [100.5242, 45.0418], [100.5278, 45.0405], [100.5303, 45.0387], [100.532, 45.0381], [100.5357, 45.0385], [100.5407, 45.0376], [100.5458, 45.0367], [100.5486, 45.0353], [100.5532, 45.0325], [100.5538, 45.0278], [100.5539, 45.022], [100.5561, 45.0191], [100.5602, 45.014], [100.5645, 45.012], [100.5702, 45.0087], [100.5773, 45.0079], [100.5788, 45.0073], [100.5815, 45.0063], [100.5846, 45.005], [100.5868, 45.0039], [100.5881, 45.0028], [100.5905, 45.0023], [100.591, 45.0009], [100.5931, 45.0003], [100.5931, 45.0003], [100.5952, 44.9993], [100.5968, 44.9975], [100.5971, 44.9945]]}}, {"type": "Feature", "properties": {"name": "Bogd Fault (central segment)"}, "geometry": {"type": "LineString", "coordinates": [[100.5556, 45.0064], [100.5589, 45.0048], [100.5612, 45.0033], [100.5643, 45.0016], [100.5705, 44.9977], [100.5761, 44.9961], [100.5822, 44.9945], [100.5927, 44.9926], [100.5977, 44.9925], [100.6015, 44.9926], [100.6051, 44.9923], [100.6083, 44.9923], [100.6108, 44.9923], [100.6119, 44.9922], [100.6123, 44.9921], [100.6133, 44.9922], [100.6146, 44.9921], [100.6154, 44.992], [100.6171, 44.9919], [100.6186, 44.9916], [100.6196, 44.9914], [100.6208, 44.9913], [100.6215, 44.9912], [100.6224, 44.9912], [100.6236, 44.9913], [100.6246, 44.9913], [100.6259, 44.9911], [100.6275, 44.9908], [100.63, 44.9905], [100.6317, 44.99], [100.6321, 44.99], [100.6327, 44.9898], [100.6331, 44.9897], [100.6336, 44.9897], [100.6345, 44.9895], [100.6357, 44.9893], [100.6364, 44.9893], [100.6371, 44.9891], [100.6372, 44.9891], [100.6379, 44.9889], [100.6385, 44.9888], [100.6396, 44.9887], [100.6404, 44.9885], [100.6411, 44.9884], [100.642, 44.9883], [100.6427, 44.9882], [100.6441, 44.9879], [100.6458, 44.9875], [100.6472, 44.9872], [100.6488, 44.9869], [100.6539, 44.9858], [100.6575, 44.9844], [100.6624, 44.9835], [100.6657, 44.983], [100.6691, 44.9827], [100.6719, 44.9823], [100.6742, 44.982], [100.6769, 44.9814], [100.6803, 44.9811], [100.6828, 44.9809], [100.6853, 44.9808], [100.6884, 44.9803], [100.6951, 44.979], [100.6976, 44.9785], [100.6996, 44.9783], [100.7031, 44.9781], [100.7061, 44.978], [100.7086, 44.9774], [100.7112, 44.977], [100.7135, 44.9768], [100.7158, 44.9759], [100.7184, 44.976], [100.7218, 44.9766], [100.7248, 44.9769], [100.7271, 44.9774], [100.7297, 44.9781], [100.7335, 44.9792], [100.7377, 44.9787], [100.7514, 44.9772], [100.7591, 44.9761], [100.7665, 44.9751], [100.7809, 44.9741], [100.7917, 44.9732], [100.8067, 44.9724], [100.8252, 44.9675], [100.839, 44.9623], [100.851, 44.9564], [100.882, 44.9547], [100.8863, 44.954], [100.8878, 44.9538], [100.8909, 44.9532], [100.8933, 44.9525], [100.8953, 44.952], [100.8991, 44.951], [100.9022, 44.9501], [100.9073, 44.9487], [100.9106, 44.9479], [100.916, 44.9466], [100.9183, 44.9462], [100.9221, 44.9456], [100.9265, 44.9451], [100.9291, 44.9448], [100.9339, 44.9444], [100.9382, 44.9445], [100.944, 44.9436], [100.9518, 44.9434], [100.9567, 44.9432], [100.9663, 44.9424], [100.9718, 44.9418], [100.9773, 44.9413], [100.9866, 44.9414], [100.9927, 44.9408], [100.9973, 44.9406], [100.9994, 44.9403], [101.0007, 44.9401], [101.002, 44.9401], [101.0032, 44.94], [101.0048, 44.9399], [101.0058, 44.9399], [101.0072, 44.9398], [101.0083, 44.9397], [101.0103, 44.9397], [101.0107, 44.9397], [101.0111, 44.9398], [101.0116, 44.9398], [101.0142, 44.9395], [101.0152, 44.9394], [101.018, 44.9393], [101.0206, 44.9392], [101.0234, 44.9392], [101.0262, 44.9392], [101.0284, 44.9393], [101.031, 44.9396], [101.0332, 44.9397], [101.0368, 44.9395], [101.0388, 44.9395], [101.0401, 44.9393], [101.0409, 44.9392], [101.0418, 44.939], [101.0431, 44.9388], [101.0453, 44.9387], [101.0461, 44.9386], [101.0491, 44.9381], [101.05, 44.938], [101.0517, 44.9377], [101.0537, 44.9375], [101.0549, 44.9373], [101.0573, 44.9369], [101.0586, 44.9366], [101.0593, 44.9365], [101.0609, 44.9362], [101.0625, 44.936], [101.0638, 44.9358], [101.0656, 44.9356], [101.068, 44.9354], [101.0694, 44.9352], [101.0714, 44.935], [101.0736, 44.9348], [101.0751, 44.9347], [101.0771, 44.9346], [101.0794, 44.9344], [101.0805, 44.9341], [101.0821, 44.9339], [101.084, 44.9337], [101.0861, 44.9336], [101.0876, 44.9335], [101.0892, 44.9334], [101.0909, 44.9334], [101.0923, 44.9333], [101.0945, 44.9331], [101.0983, 44.9326], [101.1013, 44.9323], [101.104, 44.9318], [101.1065, 44.9313], [101.1083, 44.9309], [101.111, 44.9302], [101.1151, 44.9305], [101.1181, 44.9306], [101.1201, 44.9306], [101.123, 44.9304], [101.1246, 44.9303], [101.1265, 44.93], [101.1284, 44.9298], [101.1321, 44.9294], [101.1419, 44.9284], [101.1461, 44.9284], [101.1542, 44.9288], [101.1626, 44.929], [101.1684, 44.9287], [101.1706, 44.9286], [101.173, 44.9288], [101.1768, 44.9287], [101.1807, 44.9295], [101.1832, 44.9299], [101.1855, 44.9301], [101.1943, 44.9315], [101.2046, 44.9339], [101.2123, 44.9353]]}}, {"type": "Feature", "properties": {"name": "Bogd Fault (eastern segment)"}, "geometry": {"type": "LineString", "coordinates": [[101.1568, 44.936], [101.1618, 44.936], [101.1643, 44.9361], [101.1665, 44.9362], [101.1689, 44.9365], [101.172, 44.9368], [101.1768, 44.9381], [101.1803, 44.9397], [101.1834, 44.9407], [101.1853, 44.9407], [101.1904, 44.9414], [101.1952, 44.9421], [101.2016, 44.943], [101.2089, 44.9445], [101.2119, 44.9446], [101.2142, 44.945], [101.217, 44.9455], [101.222, 44.9451], [101.2308, 44.9463], [101.2355, 44.946], [101.2369, 44.946], [101.2384, 44.9459], [101.2397, 44.946], [101.2413, 44.946], [101.2431, 44.946], [101.2444, 44.9461], [101.2465, 44.9463], [101.2485, 44.9465], [101.251, 44.9465], [101.2525, 44.9465], [101.2537, 44.9466], [101.2548, 44.9463], [101.2554, 44.9461], [101.2567, 44.9461], [101.2578, 44.9458], [101.2589, 44.9457], [101.2598, 44.9459], [101.261, 44.9458], [101.2618, 44.9456], [101.263, 44.9458], [101.2641, 44.9462], [101.2661, 44.9472], [101.2684, 44.9479], [101.2704, 44.9487], [101.2781, 44.9492], [101.2846, 44.9491], [101.2887, 44.9488], [101.2924, 44.9483], [101.2952, 44.9483], [101.2975, 44.9485], [101.3024, 44.9496], [101.3042, 44.9503], [101.3057, 44.9511], [101.3073, 44.9513], [101.3089, 44.9513], [101.3103, 44.9512], [101.3113, 44.951], [101.3136, 44.951], [101.3152, 44.9509], [101.3171, 44.951], [101.3186, 44.9511], [101.3228, 44.9492], [101.3271, 44.9502], [101.3328, 44.9505], [101.3371, 44.9491], [101.3416, 44.9478], [101.3481, 44.9461], [101.3515, 44.9455], [101.3515, 44.9454], [101.3568, 44.9448], [101.3631, 44.9444], [101.3705, 44.944], [101.3756, 44.9441], [101.3804, 44.9442], [101.3832, 44.9448], [101.3881, 44.9471], [101.3911, 44.9502], [101.4015, 44.952], [101.4124, 44.9517], [101.4165, 44.9511], [101.4254, 44.9491], [101.4354, 44.9489], [101.4509, 44.9497], [101.4644, 44.9521], [101.4765, 44.9532], [101.4845, 44.9542], [101.4951, 44.9535], [101.5041, 44.9548], [101.509, 44.955], [101.5172, 44.9528], [101.5199, 44.9505], [101.5265, 44.9508], [101.5421, 44.9528], [101.563, 44.9482], [101.5772, 44.9457], [101.593, 44.9447], [101.6036, 44.9393], [101.6163, 44.9329], [101.6305, 44.9257], [101.6373, 44.9214], [101.6511, 44.9177], [101.6623, 44.9145], [101.6645, 44.9137], [101.67, 44.9132], [101.6766, 44.9112], [101.6793, 44.9095], [101.6827, 44.9075], [101.6892, 44.9059], [101.6902, 44.9054], [101.699, 44.9022], [101.7038, 44.8982], [101.7135, 44.8907], [101.7233, 44.8899], [101.738, 44.8926], [101.7662, 44.8914], [101.7886, 44.8859], [101.7977, 44.883], [101.8175, 44.8763], [101.8283, 44.8709], [101.8495, 44.8661], [101.8562, 44.8575], [101.8605, 44.8533], [101.864, 44.8495], [101.878, 44.8477], [101.888, 44.8438], [101.8937, 44.8344], [101.9029, 44.828], [101.9094, 44.8247], [101.9171, 44.8208], [101.9262, 44.818], [101.937, 44.8134], [101.9497, 44.8128], [101.9636, 44.8163], [101.9729, 44.8153], [101.9841, 44.8164], [101.9902, 44.8168], [101.9954, 44.8171], [102.0068, 44.8171], [102.0127, 44.8144], [102.0128, 44.8144], [102.0181, 44.8136], [102.0228, 44.8123], [102.0289, 44.8085], [102.0351, 44.8069], [102.0415, 44.8047], [102.0471, 44.802], [102.0518, 44.8001], [102.0567, 44.7982], [102.0581, 44.7976], [102.0597, 44.7969]]}}, {"type": "Feature", "properties": {"name": "Gurvan Bulag Thrust"}, "geometry": {"type": "LineString", "coordinates": [[100.0302, 45.0275], [100.0462, 45.0217], [100.0545, 45.0122], [100.0576, 45.0077], [100.0635, 44.9972], [100.0788, 44.985], [100.0947, 44.9755], [100.1118, 44.9691], [100.1278, 44.9612], [100.1388, 44.9528], [100.1522, 44.9425], [100.1532, 44.9266], [100.1589, 44.924], [100.1666, 44.9201], [100.1669, 44.9198], [100.1751, 44.9166], [100.1833, 44.9027], [100.2007, 44.8864], [100.2013, 44.8857], [100.2017, 44.8852], [100.2152, 44.8696], [100.2295, 44.8653], [100.2398, 44.8637], [100.2419, 44.8592], [100.2439, 44.8558], [100.2485, 44.8549], [100.2521, 44.8546], [100.2555, 44.8543], [100.2616, 44.8521], [100.2669, 44.8509], [100.2703, 44.8488], [100.2753, 44.8483], [100.2816, 44.8457], [100.2883, 44.845], [100.2973, 44.8417], [100.3088, 44.8398], [100.3187, 44.8389], [100.3288, 44.837], [100.3402, 44.8342], [100.3516, 44.8362], [100.3748, 44.8314], [100.3877, 44.8303], [100.4017, 44.8232], [100.4169, 44.8206], [100.4235, 44.8216], [100.4275, 44.8254], [100.4335, 44.8253], [100.4338, 44.8252], [100.444, 44.8271], [100.4492, 44.831], [100.4494, 44.8314]]}}, {"type": "Feature", "properties": {}, "geometry": {"type": "LineString", "coordinates": [[94.7967, 42.991], [94.8089, 42.99], [94.8153, 42.9896], [94.8228, 42.9892], [94.8328, 42.9892], [94.8428, 42.9883], [94.8589, 42.9886], [94.8737, 42.9886], [94.891, 42.987], [94.9148, 42.9878], [94.9264, 42.989], [94.9482, 42.9882], [94.964, 42.989], [94.9824, 42.991], [95.0152, 42.9958], [95.0778, 43.0084], [95.1201, 43.019], [95.1462, 43.0254], [95.2063, 43.0402], [95.3011, 43.0626], [95.344, 43.0735], [95.43, 43.0868], [95.4729, 43.0963], [95.5601, 43.1156], [95.589, 43.1255], [95.6986, 43.1717], [95.7532, 43.1953], [95.8073, 43.2228], [95.8562, 43.2409], [95.9204, 43.2646], [95.9459, 43.2747], [95.9994, 43.2943], [96.0384, 43.308], [96.0615, 43.3125], [96.1055, 43.3221], [96.1479, 43.3331], [96.22, 43.3401], [96.3031, 43.3459], [96.353, 43.3524], [96.3817, 43.3576], [96.409, 43.3621], [96.4315, 43.3652], [96.4664, 43.3641], [96.5188, 43.3587], [96.5629, 43.3594], [96.5851, 43.3632], [96.5948, 43.3642], [96.6155, 43.3632], [96.6509, 43.3606], [96.6951, 43.3604], [96.726, 43.3617], [96.8083, 43.3575], [96.8631, 43.3513], [97.0062, 43.3539], [97.0755, 43.3576], [97.1811, 43.3617], [97.2633, 43.3722], [97.3292, 43.3802], [97.4148, 43.3827], [97.4734, 43.3855], [97.525, 43.3876], [97.56, 43.3889], [97.6574, 43.3914], [97.704, 43.3929], [97.7831, 43.3966], [97.8437, 43.3992], [97.9093, 43.406], [97.939, 43.4107], [97.9807, 43.4158], [98.0172, 43.4183], [98.0506, 43.4213], [98.0946, 43.4247], [98.1421, 43.4268], [98.2446, 43.4292], [98.3279, 43.4306], [98.4471, 43.4333], [98.5336, 43.4374], [98.5631, 43.4391], [98.6046, 43.4421], [98.6506, 43.4454], [98.8496, 43.4586], [99.0408, 43.4692], [99.1118, 43.4774], [99.1743, 43.4822], [99.2955, 43.4889], [99.3934, 43.4943], [99.5109, 43.5049], [99.617, 43.5189], [99.7236, 43.5393], [100.0548, 43.5848], [100.2394, 43.5987], [100.4327, 43.6166], [100.5307, 43.6189], [100.6178, 43.6177], [100.6447, 43.6188], [100.6772, 43.621], [100.7004, 43.6245], [100.7138, 43.6256], [100.7307, 43.6277], [100.7537, 43.6275], [100.7764, 43.6272], [100.8087, 43.6262], [100.8217, 43.6255], [100.8356, 43.6245], [100.845, 43.6239], [100.8594, 43.6239], [100.8835, 43.6241], [100.9324, 43.622], [100.9561, 43.6212], [101.0439, 43.6258], [101.1882, 43.638], [101.3645, 43.6662], [101.4456, 43.6722], [101.5043, 43.6733], [101.5534, 43.6719], [101.5845, 43.6655], [101.648, 43.6567], [101.6934, 43.6544], [101.7363, 43.6544], [101.7532, 43.6546], [101.769, 43.656], [101.7873, 43.6592], [101.8109, 43.6607], [101.8204, 43.6593], [101.8299, 43.6593], [101.8504, 43.6622], [101.8704, 43.6628], [101.8897, 43.6679], [101.9193, 43.6681], [101.931, 43.667], [101.9516, 43.6648], [101.9526, 43.6647], [101.9697, 43.6644], [101.9943, 43.663], [102.029, 43.6638], [102.0952, 43.6626], [102.1793, 43.6602], [102.2713, 43.6503], [102.3018, 43.6471], [102.3239, 43.6441], [102.3511, 43.6383], [102.3694, 43.6336], [102.399, 43.6259], [102.4163, 43.6223], [102.4394, 43.6201], [102.4557, 43.6182], [102.4727, 43.6161], [102.4892, 43.6148], [102.5059, 43.6138], [102.5177, 43.6128], [102.5395, 43.6094], [102.5625, 43.6018]]}}, {"type": "Feature", "properties": {"name": "Egiin Davaa"}, "geometry": {"type": "LineString", "coordinates": [[100.1989, 47.2875], [100.1973, 47.2814], [100.198, 47.2737], [100.1924, 47.2688], [100.1864, 47.2645], [100.1787, 47.2622], [100.1746, 47.2578], [100.1687, 47.2522], [100.1645, 47.2471], [100.1577, 47.2461], [100.1498, 47.2444], [100.1428, 47.2436], [100.1359, 47.2421], [100.1298, 47.2423], [100.1254, 47.2411], [100.1194, 47.2393], [100.1157, 47.2369], [100.1105, 47.236], [100.1028, 47.2367], [100.0972, 47.2369], [100.0899, 47.2367], [100.082, 47.2352], [100.0758, 47.2343], [100.0697, 47.2346], [100.068, 47.2335], [100.0673, 47.2321], [100.0629, 47.2273], [100.0551, 47.2238], [100.0497, 47.2209], [100.0434, 47.2194], [100.0369, 47.2178], [100.0293, 47.2139], [100.0272, 47.2109], [100.0236, 47.2072], [100.0224, 47.2056], [100.0181, 47.2051], [100.0113, 47.2033], [100.008, 47.2025], [100.0016, 47.2028], [99.9933, 47.2026], [99.987, 47.2015], [99.9832, 47.2008], [99.9782, 47.1992], [99.9751, 47.1973], [99.9717, 47.195], [99.969, 47.1946], [99.9623, 47.1941], [99.9547, 47.1933], [99.9464, 47.1924], [99.9321, 47.1882], [99.9266, 47.1864], [99.919, 47.1852], [99.9144, 47.1851], [99.9058, 47.1845], [99.8999, 47.1845], [99.8886, 47.184], [99.8786, 47.1824], [99.8743, 47.1793], [99.8698, 47.1762], [99.8613, 47.1733], [99.8581, 47.171], [99.8503, 47.1664], [99.8466, 47.1616], [99.846, 47.1598], [99.8424, 47.1587], [99.8389, 47.1557], [99.8355, 47.1529], [99.8317, 47.1487], [99.8264, 47.1461], [99.8197, 47.1431], [99.8121, 47.1416], [99.8034, 47.1393], [99.7906, 47.1364], [99.7789, 47.1341], [99.7713, 47.1314], [99.7625, 47.1282], [99.7577, 47.1258], [99.7491, 47.1236], [99.7408, 47.1213], [99.7332, 47.1186], [99.7254, 47.1153], [99.7175, 47.1127], [99.708, 47.1091], [99.7019, 47.1062], [99.696, 47.1031], [99.6906, 47.0996], [99.6893, 47.0956], [99.6882, 47.0918], [99.6878, 47.0896], [99.6856, 47.0857], [99.684, 47.0799], [99.6842, 47.0781], [99.6832, 47.0766], [99.6828, 47.075], [99.6822, 47.073], [99.6821, 47.0696], [99.6777, 47.0658], [99.6733, 47.0635], [99.6684, 47.06], [99.6668, 47.0577], [99.6637, 47.054], [99.6609, 47.0505], [99.6603, 47.0467], [99.6594, 47.0433], [99.658, 47.0396], [99.6569, 47.0363], [99.657, 47.0339], [99.655, 47.0287], [99.6491, 47.026], [99.6432, 47.024], [99.6358, 47.0223], [99.6265, 47.0185], [99.6217, 47.0162], [99.6143, 47.015], [99.6042, 47.0151], [99.5963, 47.0147], [99.5882, 47.0141], [99.5847, 47.0129], [99.5821, 47.0124], [99.5773, 47.0125], [99.5734, 47.0121], [99.5709, 47.0113], [99.5672, 47.01], [99.5627, 47.0097], [99.5565, 47.0094], [99.5511, 47.0086], [99.5469, 47.0077], [99.5419, 47.0072], [99.5376, 47.0064], [99.5307, 47.0057], [99.526, 47.0046], [99.5206, 47.0039], [99.5117, 47.0025], [99.5024, 47.0019], [99.4982, 47.0006], [99.4933, 46.9994], [99.4878, 46.9992], [99.4849, 46.9975], [99.4816, 46.9961], [99.4793, 46.9942], [99.4759, 46.9926], [99.4731, 46.9916], [99.4708, 46.9905], [99.468, 46.9874], [99.4674, 46.9815], [99.4682, 46.9763], [99.4686, 46.9743], [99.4691, 46.9715], [99.4675, 46.9683], [99.4655, 46.9661], [99.4605, 46.9654], [99.4538, 46.9639], [99.442, 46.9601], [99.4397, 46.9579], [99.4349, 46.9561], [99.431, 46.9548], [99.4262, 46.9533], [99.4231, 46.952], [99.4202, 46.9508], [99.4167, 46.9503], [99.4141, 46.9495], [99.4099, 46.9486], [99.4072, 46.9477], [99.4017, 46.9464], [99.3994, 46.9452], [99.3971, 46.9448], [99.3949, 46.9445], [99.3929, 46.9443]]}}, {"type": "Feature", "properties": {"name": "Egiin Davaa East"}, "geometry": {"type": "LineString", "coordinates": [[99.9945, 47.2254], [99.9993, 47.2305], [100.0046, 47.2362], [100.0077, 47.2417], [100.0162, 47.2474], [100.0293, 47.2523], [100.0436, 47.2545], [100.0677, 47.2573], [100.0805, 47.2594], [100.0912, 47.2622], [100.1001, 47.2654], [100.1031, 47.2665], [100.1203, 47.2674], [100.1339, 47.2693], [100.1413, 47.2713], [100.1503, 47.279], [100.1542, 47.2861], [100.1578, 47.288], [100.169, 47.2906], [100.1772, 47.2956], [100.1898, 47.3097], [100.1986, 47.3188], [100.2007, 47.3236], [100.2041, 47.3295], [100.2115, 47.3367], [100.2147, 47.3398], [100.2175, 47.3439], [100.2228, 47.3494], [100.2283, 47.3541], [100.2384, 47.3588], [100.2482, 47.3629], [100.2541, 47.3661], [100.262, 47.3726], [100.2769, 47.3778], [100.2829, 47.379], [100.2988, 47.3816], [100.3065, 47.3846], [100.3138, 47.3872], [100.3209, 47.3887], [100.328, 47.3906], [100.3382, 47.396], [100.3473, 47.4014], [100.3604, 47.4096], [100.3689, 47.4137], [100.3806, 47.419], [100.4003, 47.4277], [100.4113, 47.4305], [100.4215, 47.4362], [100.4349, 47.4419], [100.4449, 47.4451], [100.4577, 47.4493], [100.4783, 47.4568], [100.4892, 47.4585], [100.4964, 47.4607], [100.5027, 47.4652], [100.5067, 47.4676], [100.5279, 47.4751], [100.54, 47.4785], [100.5461, 47.4852], [100.561, 47.4955], [100.5703, 47.5027], [100.5833, 47.5091], [100.5904, 47.5157], [100.5971, 47.518], [100.6109, 47.521], [100.6242, 47.5252], [100.6397, 47.5296], [100.6491, 47.5325], [100.6612, 47.5345], [100.6628, 47.5348]]}}, {"type": "Feature", "properties": {"name": "Mandal Fault"}, "geometry": {"type": "LineString", "coordinates": [[99.8873, 46.7988], [99.8931, 46.801], [99.8964, 46.8024], [99.9001, 46.806], [99.9076, 46.8079], [99.917, 46.8104], [99.924, 46.8129], [99.9304, 46.817], [99.9346, 46.8207], [99.9373, 46.8223], [99.943, 46.8227], [99.9495, 46.8252], [99.9584, 46.8266], [99.9686, 46.8278], [99.9727, 46.8301], [99.978, 46.8322], [99.9834, 46.8369], [99.9895, 46.8392], [99.995, 46.8426], [99.9993, 46.8462], [100.0056, 46.8507], [100.0116, 46.8548], [100.0181, 46.8575], [100.0221, 46.8611], [100.0272, 46.8629], [100.0412, 46.8742], [100.044, 46.8789], [100.0432, 46.8851], [100.049, 46.8854], [100.0551, 46.8848], [100.0636, 46.8872], [100.0668, 46.8904], [100.0687, 46.8936], [100.0681, 46.8989], [100.0722, 46.9006], [100.0831, 46.9008], [100.0895, 46.9031], [100.089, 46.9075], [100.0891, 46.9179], [100.0911, 46.9283], [100.0967, 46.9372], [100.1009, 46.9456], [100.1085, 46.9504], [100.1215, 46.9528], [100.1279, 46.9563], [100.1349, 46.9626], [100.147, 46.9672], [100.1646, 46.9705], [100.1692, 46.9742], [100.1711, 46.977], [100.1753, 46.98], [100.1804, 46.9858], [100.1818, 46.9925], [100.1831, 46.9988], [100.1876, 47.0041], [100.1942, 47.006], [100.2001, 47.0101], [100.2041, 47.0156], [100.2067, 47.0214], [100.2123, 47.0359], [100.2165, 47.0443], [100.2203, 47.0509], [100.2245, 47.0626], [100.228, 47.0683], [100.2329, 47.0749], [100.2373, 47.0792], [100.2399, 47.0906], [100.2453, 47.0977]]}}, {"type": "Feature", "properties": {"name": "Otgon Fault"}, "geometry": {"type": "LineString", "coordinates": [[97.4315, 47.2221], [97.4512, 47.2206], [97.462, 47.2212], [97.4783, 47.2209], [97.4925, 47.2215], [97.5074, 47.2174], [97.5215, 47.2158], [97.5324, 47.2148], [97.5392, 47.2133], [97.5458, 47.2121], [97.5509, 47.2117], [97.5562, 47.2115], [97.5587, 47.2111], [97.5624, 47.2094], [97.5672, 47.2078], [97.573, 47.2058], [97.5793, 47.2036], [97.5841, 47.2001], [97.5892, 47.195], [97.5918, 47.1919], [97.5977, 47.1873], [97.5991, 47.1833], [97.6007, 47.1772], [97.603, 47.1735], [97.606, 47.1669], [97.6078, 47.1631], [97.6093, 47.1537], [97.6148, 47.1458], [97.6214, 47.1398], [97.629, 47.1343], [97.6342, 47.1293], [97.638, 47.1237], [97.646, 47.1153], [97.6522, 47.1099], [97.6573, 47.1035], [97.6671, 47.0942], [97.6736, 47.0847], [97.6786, 47.0783], [97.6847, 47.071], [97.688, 47.0665], [97.6903, 47.0625], [97.6924, 47.0587], [97.6938, 47.0551], [97.6961, 47.05], [97.6972, 47.0467], [97.6989, 47.044], [97.7011, 47.039], [97.7044, 47.034], [97.7054, 47.0288], [97.7108, 47.022], [97.7135, 47.0184], [97.7173, 47.0102], [97.7217, 47.0026], [97.7244, 46.9979], [97.7269, 46.9915], [97.7306, 46.9832], [97.7341, 46.9752], [97.7392, 46.9658], [97.7465, 46.958], [97.7523, 46.9526], [97.7577, 46.9459], [97.7644, 46.9366], [97.7708, 46.9314], [97.7737, 46.9266], [97.7794, 46.9189], [97.7852, 46.9107], [97.7924, 46.9057], [97.799, 46.8994], [97.8056, 46.8918], [97.8145, 46.8897], [97.823, 46.8877], [97.8298, 46.8838], [97.8384, 46.879], [97.8462, 46.8728], [97.8566, 46.8669], [97.868, 46.8603], [97.8822, 46.8541]]}}, {"type": "Feature", "properties": {}, "geometry": {"type": "LineString", "coordinates": [[97.0285, 46.6439], [97.0534, 46.6485], [97.0792, 46.6563], [97.1056, 46.6693], [97.1297, 46.6783], [97.1487, 46.6844], [97.1683, 46.6898], [97.1901, 46.6942], [97.2045, 46.699], [97.2116, 46.7008], [97.2288, 46.7059], [97.243, 46.7082], [97.2622, 46.7102], [97.2785, 46.7132], [97.2937, 46.7158], [97.3086, 46.7202], [97.3158, 46.7222], [97.326, 46.7237], [97.3373, 46.7258], [97.3443, 46.727], [97.3541, 46.7286], [97.3614, 46.7302], [97.3708, 46.7318], [97.3808, 46.7352], [97.3907, 46.74], [97.4052, 46.7436], [97.416, 46.7449], [97.4281, 46.7468], [97.4434, 46.7512], [97.454, 46.7544], [97.4701, 46.7586], [97.4803, 46.7625], [97.4921, 46.7646], [97.5116, 46.7703], [97.5267, 46.7754], [97.5357, 46.78], [97.5468, 46.7855]]}}, {"type": "Feature", "properties": {"name": "Bayan Hongor Fault"}, "geometry": {"type": "LineString", "coordinates": [[99.8305, 46.7066], [99.8404, 46.7024], [99.8458, 46.6984], [99.8484, 46.6963], [99.8509, 46.6939], [99.8551, 46.6911], [99.8586, 46.6883], [99.8627, 46.6857], [99.8685, 46.6831], [99.8711, 46.6795], [99.8725, 46.6765], [99.8713, 46.6681], [99.8752, 46.664], [99.8814, 46.6595], [99.889, 46.6504], [99.8923, 46.6481], [99.9015, 46.6424], [99.9034, 46.6406], [99.9077, 46.6342], [99.9136, 46.6262], [99.9201, 46.6195], [99.9274, 46.6112], [99.9322, 46.6055], [99.9393, 46.5986], [99.9493, 46.5904], [99.9547, 46.5827], [99.9581, 46.5784], [99.9613, 46.5725], [99.9663, 46.5603], [99.9767, 46.5519], [99.9892, 46.547], [100.0112, 46.537], [100.0319, 46.5253], [100.0569, 46.5145], [100.0739, 46.506], [100.0872, 46.4946], [100.0962, 46.4803], [100.1001, 46.4746], [100.1037, 46.4699], [100.1091, 46.4636], [100.1135, 46.4583], [100.122, 46.4525], [100.1313, 46.448], [100.1403, 46.4431], [100.153, 46.4325], [100.1586, 46.425], [100.1653, 46.4173], [100.1764, 46.4019], [100.1863, 46.3911], [100.2031, 46.3831], [100.216, 46.381], [100.2405, 46.3707], [100.2584, 46.3648], [100.2734, 46.3575], [100.2939, 46.3451], [100.308, 46.3331], [100.3231, 46.3168], [100.3159, 46.3075], [100.314, 46.2872], [100.3331, 46.2635]]}}, {"type": "Feature", "properties": {"name": "Bayan Bulag Fault"}, "geometry": {"type": "LineString", "coordinates": [[97.1901, 46.8207], [97.2097, 46.821], [97.2298, 46.8234], [97.2524, 46.8228], [97.2727, 46.8207], [97.3138, 46.8188], [97.3364, 46.8172], [97.3545, 46.8176], [97.3693, 46.8175], [97.3787, 46.8173], [97.3873, 46.8174], [97.3938, 46.8167], [97.4034, 46.8156], [97.4101, 46.8137], [97.4186, 46.8118], [97.4256, 46.8106], [97.4327, 46.8099], [97.4436, 46.8068], [97.4515, 46.8027], [97.4597, 46.7991], [97.4683, 46.7951], [97.4757, 46.7928], [97.484, 46.7904], [97.4983, 46.7874], [97.502, 46.7875], [97.5104, 46.788], [97.518, 46.7887], [97.5375, 46.7909], [97.5546, 46.7931], [97.5674, 46.7928], [97.5756, 46.7915], [97.5879, 46.791], [97.6106, 46.7901], [97.6241, 46.7871], [97.6412, 46.7859], [97.6495, 46.7842], [97.6547, 46.7835], [97.6602, 46.7828], [97.6649, 46.7823], [97.67, 46.7818], [97.6783, 46.7807], [97.6889, 46.7795], [97.7016, 46.7775], [97.7139, 46.7751], [97.7257, 46.7716], [97.7409, 46.7687], [97.7579, 46.7678], [97.7765, 46.7667], [97.7905, 46.7672], [97.8089, 46.7679], [97.8311, 46.7684], [97.8506, 46.7689], [97.8801, 46.7729], [97.9182, 46.7804], [97.94, 46.7817], [97.9734, 46.7822], [97.9743, 46.7822], [98.0047, 46.7834], [98.0733, 46.7959], [98.1322, 46.8041], [98.1978, 46.8078], [98.2215, 46.8121], [98.237, 46.8174], [98.2587, 46.8204], [98.2878, 46.8192], [98.3142, 46.8212], [98.3471, 46.8243], [98.3739, 46.8286], [98.4083, 46.8335], [98.4364, 46.8359], [98.4612, 46.8339], [98.4892, 46.8274], [98.5026, 46.8265], [98.5268, 46.8244], [98.5467, 46.8219], [98.5615, 46.8176], [98.5797, 46.8126], [98.5974, 46.807], [98.6013, 46.8041], [98.6046, 46.7976], [98.6102, 46.7919], [98.6131, 46.7857]]}}, {"type": "Feature", "properties": {"name": "Khujirt Fault"}, "geometry": {"type": "LineString", "coordinates": [[102.7673, 46.9087], [102.7819, 46.9041], [102.7982, 46.9016], [102.8104, 46.898], [102.8183, 46.8957], [102.823, 46.8949], [102.8259, 46.895], [102.829, 46.8934], [102.8334, 46.8915], [102.8362, 46.8888], [102.8411, 46.8855], [102.8469, 46.881], [102.8546, 46.8763], [102.8623, 46.8733], [102.8627, 46.8732], [102.8736, 46.8692], [102.8837, 46.8667], [102.8922, 46.8636], [102.8923, 46.8636], [102.8976, 46.8625], [102.9078, 46.8611], [102.9181, 46.8578], [102.923, 46.8566], [102.9271, 46.8563], [102.9317, 46.8562], [102.9349, 46.8556], [102.9384, 46.8545], [102.9458, 46.8531], [102.9593, 46.8498], [102.9701, 46.8466], [102.9817, 46.8414], [102.9999, 46.8344], [103.0093, 46.8306]]}}, {"type": "Feature", "properties": {"name": "Ulziit Fault"}, "geometry": {"type": "LineString", "coordinates": [[102.9837, 46.8216], [102.9969, 46.8161], [103.0095, 46.8118], [103.0247, 46.8062], [103.0357, 46.8022], [103.0528, 46.7945], [103.0671, 46.7887], [103.0829, 46.7835], [103.1018, 46.7771], [103.1121, 46.7708], [103.1467, 46.7601], [103.1891, 46.7411], [103.2603, 46.7094], [103.3051, 46.6814], [103.3254, 46.6718], [103.3596, 46.667], [103.3952, 46.6589], [103.4184, 46.6502], [103.4278, 46.645], [103.4409, 46.6407], [103.4578, 46.6339], [103.4822, 46.6285], [103.5052, 46.6218], [103.5211, 46.6162], [103.5501, 46.6025], [103.5685, 46.5916], [103.59, 46.5789], [103.5994, 46.5745], [103.6074, 46.5705], [103.614, 46.5683], [103.6141, 46.5682], [103.6243, 46.5658]]}}, {"type": "Feature", "properties": {}, "geometry": {"type": "LineString", "coordinates": [[103.2145, 46.6104], [103.2259, 46.6126], [103.2443, 46.6133], [103.2539, 46.6157], [103.263, 46.616], [103.2744, 46.6169], [103.2866, 46.6193], [103.3012, 46.6196], [103.3245, 46.6199], [103.342, 46.6222], [103.3593, 46.6204], [103.3881, 46.6169], [103.4026, 46.6102], [103.4198, 46.6019], [103.4405, 46.5948], [103.4555, 46.5866], [103.4753, 46.5781], [103.4877, 46.5691], [103.5043, 46.5593], [103.5143, 46.551], [103.5224, 46.5431], [103.535, 46.5335], [103.548, 46.5279], [103.5695, 46.518], [103.5865, 46.5077], [103.6017, 46.4968], [103.6143, 46.488], [103.6309, 46.4809], [103.6446, 46.4699], [103.6529, 46.4596], [103.6652, 46.4528], [103.6901, 46.4454], [103.7095, 46.4394], [103.7332, 46.4306], [103.7602, 46.4252], [103.7851, 46.4206], [103.8033, 46.4223], [103.8325, 46.4204], [103.8586, 46.4191], [103.8921, 46.411], [103.9375, 46.3982], [103.9868, 46.3796], [104.0047, 46.3753], [104.0274, 46.3687], [104.0558, 46.3569], [104.0761, 46.346], [104.0957, 46.3401], [104.1017, 46.3368], [104.111, 46.3246], [104.1126, 46.3222], [104.1153, 46.3182], [104.1157, 46.3142], [104.1198, 46.3105], [104.1242, 46.3066], [104.1276, 46.3026], [104.1326, 46.2952], [104.1358, 46.2929], [104.1398, 46.2898], [104.1419, 46.2874], [104.145, 46.2845], [104.1476, 46.281], [104.1536, 46.2767], [104.1583, 46.2708], [104.1595, 46.2671], [104.1619, 46.2614], [104.1648, 46.2576]]}}, {"type": "Feature", "properties": {"name": "Tavanbulag Fault"}, "geometry": {"type": "LineString", "coordinates": [[101.6695, 47.4155], [101.6803, 47.4132], [101.6875, 47.4101], [101.6915, 47.4068], [101.6948, 47.4052], [101.7028, 47.4024], [101.712, 47.3975], [101.714, 47.3962], [101.7292, 47.3891], [101.7326, 47.3873], [101.737, 47.385], [101.7445, 47.3816], [101.7486, 47.3801], [101.7552, 47.376], [101.7657, 47.3708], [101.8151, 47.3571], [101.8251, 47.3524], [101.8381, 47.3438], [101.8477, 47.3382], [101.8733, 47.3259], [101.8907, 47.3207], [101.9116, 47.3148], [101.9222, 47.3121], [101.9311, 47.309], [101.9476, 47.3039], [101.9633, 47.3013]]}}, {"type": "Feature", "properties": {}, "geometry": {"type": "LineString", "coordinates": [[102.3826, 47.1283], [102.3698, 47.1334], [102.3598, 47.1365], [102.3453, 47.1403], [102.3322, 47.1443], [102.3198, 47.1468], [102.3098, 47.1491], [102.2937, 47.1523], [102.2818, 47.1547], [102.2607, 47.1588], [102.2541, 47.1627], [102.2468, 47.1643], [102.2405, 47.1654], [102.2334, 47.1671], [102.224, 47.1693], [102.1902, 47.1727], [102.1623, 47.181]]}}, {"type": "Feature", "properties": {"name": "West Khujirt Fault"}, "geometry": {"type": "LineString", "coordinates": [[102.757, 46.9234], [102.7475, 46.9311], [102.7387, 46.9358], [102.7268, 46.9421], [102.7214, 46.9451], [102.7166, 46.9474], [102.7083, 46.9513], [102.7023, 46.954], [102.6999, 46.9563], [102.6931, 46.9593], [102.683, 46.963], [102.6768, 46.9657], [102.6707, 46.9685], [102.6535, 46.9704], [102.6431, 46.9741], [102.6382, 46.976], [102.6293, 46.9794], [102.6214, 46.9825], [102.6034, 46.9895], [102.5833, 46.9957], [102.5721, 47.0003], [102.5587, 47.006], [102.5516, 47.0075], [102.5463, 47.0093], [102.5421, 47.0111], [102.5365, 47.0136], [102.5288, 47.0157], [102.5189, 47.0193], [102.5133, 47.0218], [102.5099, 47.0229], [102.506, 47.0245], [102.5031, 47.0257], [102.5003, 47.0274], [102.4967, 47.0291], [102.4945, 47.0302], [102.4855, 47.0338], [102.4788, 47.0366], [102.4738, 47.0373], [102.4686, 47.0379], [102.4657, 47.0388], [102.4642, 47.0398], [102.4627, 47.0405], [102.4613, 47.0412], [102.4598, 47.0422], [102.4586, 47.0429], [102.4568, 47.0445], [102.4539, 47.0459], [102.4506, 47.0483], [102.4484, 47.0506], [102.4437, 47.0549], [102.4427, 47.0568], [102.4405, 47.0603], [102.4379, 47.063], [102.4338, 47.0665], [102.4312, 47.07], [102.429, 47.0726], [102.4246, 47.0748], [102.4199, 47.0764], [102.4165, 47.079], [102.4135, 47.0823], [102.4077, 47.0856], [102.4046, 47.0895], [102.4014, 47.0921], [102.3965, 47.0965], [102.3927, 47.101], [102.3908, 47.1061], [102.3886, 47.1126], [102.3872, 47.1168], [102.3797, 47.1186], [102.3678, 47.1209], [102.356, 47.1232], [102.3522, 47.124], [102.3467, 47.1268], [102.3395, 47.1291], [102.3333, 47.1316], [102.324, 47.1342], [102.318, 47.1349], [102.3138, 47.1354], [102.3085, 47.1372], [102.3006, 47.1403], [102.2918, 47.1432], [102.2831, 47.1458]]}}, {"type": "Feature", "properties": {"name": "Bat Ultzii Fault"}, "geometry": {"type": "LineString", "coordinates": [[101.5789, 46.6666], [101.6323, 46.6571], [101.6527, 46.6554], [101.6831, 46.6534], [101.71, 46.6523], [101.7366, 46.6564], [101.7608, 46.6573], [101.776, 46.6551], [101.7899, 46.6618], [101.8021, 46.6704], [101.8128, 46.6755], [101.8224, 46.68], [101.8331, 46.6849], [101.842, 46.6964], [101.8501, 46.7043], [101.8622, 46.7133], [101.871, 46.7202], [101.8775, 46.723], [101.8839, 46.7274], [101.8886, 46.7308], [101.8928, 46.7311], [101.8979, 46.7345], [101.9035, 46.7388], [101.9081, 46.742], [101.9144, 46.7471], [101.9203, 46.7486], [101.9258, 46.7514], [101.9302, 46.7548], [101.9371, 46.7577], [101.9433, 46.7608], [101.947, 46.7624], [101.9587, 46.7639], [101.9736, 46.7682], [101.986, 46.7716], [102.0076, 46.7736], [102.015, 46.7756], [102.0258, 46.7755], [102.0316, 46.7747], [102.0423, 46.7768], [102.0424, 46.7768], [102.0518, 46.7788], [102.0616, 46.7811], [102.0745, 46.7852], [102.0889, 46.7897], [102.0997, 46.7917], [102.1109, 46.797], [102.1144, 46.8004], [102.1258, 46.8004], [102.142, 46.8043], [102.1619, 46.8078], [102.1788, 46.8071], [102.1859, 46.8078], [102.1942, 46.8083], [102.1945, 46.8083], [102.2016, 46.8094], [102.2126, 46.8108], [102.22, 46.8098], [102.2459, 46.812], [102.254, 46.8151], [102.264, 46.8223], [102.2712, 46.8269], [102.278, 46.8311], [102.2898, 46.8381], [102.3058, 46.8481], [102.3269, 46.8654], [102.3364, 46.871], [102.3412, 46.8792], [102.3447, 46.8837], [102.3611, 46.888], [102.3879, 46.8898], [102.4281, 46.89], [102.4423, 46.8943], [102.4583, 46.8971], [102.472, 46.9009], [102.4795, 46.9036], [102.4877, 46.9075], [102.4935, 46.9099], [102.5021, 46.913], [102.5081, 46.9139], [102.5127, 46.9154], [102.5128, 46.9154], [102.5249, 46.92], [102.5606, 46.9213]]}}, {"type": "Feature", "properties": {"name": "Teregtiin Fault"}, "geometry": {"type": "LineString", "coordinates": [[94.893, 49.3271], [94.8963, 49.323], [94.9009, 49.3173], [94.9059, 49.3111], [94.908, 49.3071], [94.9134, 49.3023], [94.9197, 49.2981], [94.9248, 49.2972], [94.9287, 49.295], [94.9332, 49.2932], [94.9365, 49.2928], [94.9415, 49.2904], [94.9445, 49.2881], [94.9471, 49.286], [94.951, 49.2843], [94.9528, 49.2833], [94.9574, 49.2807], [94.9621, 49.2774], [94.9646, 49.2757], [94.9664, 49.2747], [94.9686, 49.2729], [94.9722, 49.2708], [94.9746, 49.2696], [94.977, 49.2687], [94.9799, 49.2671], [94.9829, 49.266], [94.9877, 49.2641], [94.9915, 49.2627], [94.9934, 49.2615], [94.9957, 49.2604], [94.9977, 49.2593], [94.9992, 49.2583], [95.0007, 49.2573], [95.0023, 49.2561], [95.0035, 49.2555], [95.0063, 49.2541], [95.0081, 49.253], [95.0108, 49.2513], [95.0125, 49.2501], [95.0139, 49.249], [95.016, 49.2479], [95.0177, 49.2467], [95.0197, 49.2454], [95.0229, 49.2434], [95.0233, 49.2423], [95.0265, 49.2403], [95.0286, 49.2386], [95.0299, 49.2374], [95.0307, 49.2368], [95.0329, 49.2352], [95.0343, 49.2343], [95.0359, 49.2335], [95.038, 49.2318], [95.0398, 49.2304], [95.0414, 49.2294], [95.0443, 49.2269], [95.0565, 49.2186], [95.0678, 49.2082], [95.0767, 49.2018], [95.0909, 49.1915], [95.1043, 49.1804], [95.1233, 49.159], [95.1456, 49.1295], [95.1528, 49.1192], [95.1645, 49.112], [95.1646, 49.1119], [95.1758, 49.1003], [95.1837, 49.0916], [95.2002, 49.0722], [95.2048, 49.0668], [95.2129, 49.0567], [95.2201, 49.0475], [95.2344, 49.0283], [95.2446, 49.0114], [95.2482, 49.0063], [95.2506, 49.0015], [95.2546, 48.9952], [95.2586, 48.9867], [95.2666, 48.9728], [95.2715, 48.9608], [95.2778, 48.9513], [95.2862, 48.9391], [95.2901, 48.9302], [95.2976, 48.9154], [95.3033, 48.9068], [95.3088, 48.8982], [95.3121, 48.8921], [95.3165, 48.8857], [95.327, 48.8709], [95.333, 48.8622], [95.3357, 48.8588], [95.3396, 48.8532], [95.3426, 48.8489], [95.3457, 48.8429], [95.3489, 48.8381], [95.3529, 48.8335], [95.3666, 48.8114], [95.3816, 48.7887], [95.3923, 48.7693], [95.3956, 48.7587], [95.4039, 48.7449], [95.4106, 48.728]]}}, {"type": "Feature", "properties": {"name": "Tsetserleg Fault"}, "geometry": {"type": "LineString", "coordinates": [[96.3353, 49.2504], [96.3768, 49.2645], [96.3774, 49.2649], [96.43, 49.291], [96.4904, 49.3165], [96.546, 49.3265], [96.5752, 49.3291], [96.6274, 49.3456], [96.826, 49.3848], [96.8977, 49.4036], [96.9742, 49.4181], [97.0056, 49.4284], [97.0167, 49.4306], [97.0292, 49.4336], [97.0356, 49.4358], [97.0491, 49.4375], [97.0749, 49.444], [97.0921, 49.4503], [97.1093, 49.4537], [97.1345, 49.4524], [97.1568, 49.4576], [97.1641, 49.4605], [97.1734, 49.4637], [97.1782, 49.4652], [97.1831, 49.4666], [97.1867, 49.4683], [97.1889, 49.4695], [97.1912, 49.4705], [97.1947, 49.4715], [97.1979, 49.4725], [97.2017, 49.4731], [97.2092, 49.4747], [97.2163, 49.476], [97.2205, 49.478], [97.2253, 49.4798], [97.2411, 49.4839], [97.2509, 49.4888], [97.2574, 49.4922], [97.2707, 49.4947], [97.2861, 49.4987], [97.2938, 49.5013], [97.2993, 49.503], [97.3054, 49.5045], [97.3145, 49.5075], [97.3203, 49.5084], [97.3235, 49.5085], [97.3268, 49.5096], [97.3302, 49.511], [97.334, 49.5122], [97.3395, 49.5139], [97.3523, 49.5193], [97.3585, 49.5226], [97.3743, 49.5297], [97.3869, 49.5329], [97.407, 49.5384], [97.4277, 49.545], [97.4449, 49.5511], [97.4626, 49.5624], [97.4743, 49.5728], [97.4925, 49.5796], [97.511, 49.5841], [97.5399, 49.5925], [97.5475, 49.596], [97.5584, 49.5986], [97.5628, 49.6002], [97.567, 49.6006], [97.5706, 49.602], [97.5707, 49.602], [97.5755, 49.6036], [97.5814, 49.605], [97.5916, 49.6099], [97.603, 49.6137], [97.6144, 49.6183], [97.6239, 49.6227], [97.6324, 49.6267], [97.6417, 49.6304], [97.6491, 49.635], [97.6526, 49.6388], [97.6588, 49.6449], [97.669, 49.6511], [97.6739, 49.6549], [97.6791, 49.6564], [97.6851, 49.6581], [97.6965, 49.6621], [97.7089, 49.6687], [97.7149, 49.6721], [97.7206, 49.6754]]}}, {"type": "Feature", "properties": {}, "geometry": {"type": "LineString", "coordinates": [[95.8854, 51.8011], [95.9029, 51.7805], [95.9219, 51.7612], [95.932, 51.7513], [95.9497, 51.7362], [95.9645, 51.7182], [95.9895, 51.6945], [96.0056, 51.6751], [96.0164, 51.6644], [96.0245, 51.6575], [96.0353, 51.6467], [96.0462, 51.6407], [96.0615, 51.6249], [96.0711, 51.6154], [96.0777, 51.6086], [96.0794, 51.6024], [96.0824, 51.5951], [96.0856, 51.5861], [96.0878, 51.5823], [96.0899, 51.5786], [96.0902, 51.5744], [96.0937, 51.5687], [96.0961, 51.5635], [96.0988, 51.5587], [96.1004, 51.5545], [96.1044, 51.5496], [96.1088, 51.546], [96.1113, 51.5434], [96.1124, 51.5399], [96.1134, 51.5365], [96.1137, 51.5343], [96.1153, 51.529], [96.1183, 51.5245], [96.1186, 51.5215], [96.1195, 51.518], [96.1228, 51.5127], [96.1241, 51.5075], [96.1257, 51.5002], [96.1337, 51.4925], [96.1368, 51.485], [96.1401, 51.4795], [96.1428, 51.4762], [96.146, 51.4722], [96.1481, 51.4678], [96.1518, 51.4628], [96.1553, 51.4584], [96.1584, 51.4527], [96.1641, 51.4459], [96.1686, 51.4407], [96.1725, 51.4344], [96.1755, 51.4291], [96.1774, 51.4237], [96.1817, 51.4151], [96.1866, 51.4076], [96.1885, 51.4001], [96.1908, 51.3941], [96.1903, 51.371], [96.1894, 51.3616], [96.1878, 51.353], [96.1898, 51.3479], [96.191, 51.3419]]}}, {"type": "Feature", "properties": {}, "geometry": {"type": "LineString", "coordinates": [[96.1956, 51.3029], [96.2019, 51.281], [96.2147, 51.2702], [96.2206, 51.2603], [96.2237, 51.2483], [96.218, 51.2351], [96.2237, 51.2196], [96.2242, 51.2077], [96.2347, 51.19], [96.2426, 51.1788], [96.2448, 51.1711], [96.2465, 51.1593], [96.249, 51.1492], [96.2509, 51.1396], [96.2529, 51.1261], [96.2526, 51.1141], [96.251, 51.1017], [96.2507, 51.0876], [96.2462, 51.072], [96.2446, 51.0596], [96.2266, 51.0469], [96.2204, 51.0409], [96.2215, 51.0294], [96.2307, 51.016], [96.2311, 51.0032], [96.2333, 50.983], [96.2345, 50.9736], [96.2423, 50.9607], [96.2414, 50.9495], [96.2453, 50.9409], [96.2399, 50.93], [96.2342, 50.9177], [96.2228, 50.9075], [96.2219, 50.8989], [96.2318, 50.8858], [96.2384, 50.878], [96.2546, 50.8624], [96.2727, 50.8516], [96.2819, 50.8412], [96.2903, 50.8371], [96.3012, 50.8281], [96.3077, 50.8182], [96.3136, 50.8099], [96.3187, 50.8023], [96.3254, 50.7914]]}}, {"type": "Feature", "properties": {}, "geometry": {"type": "LineString", "coordinates": [[93.1959, 50.7707], [93.2115, 50.7699], [93.2295, 50.7673], [93.2395, 50.7625], [93.2515, 50.7567], [93.2616, 50.7555], [93.2688, 50.755], [93.2766, 50.7516], [93.2832, 50.7485], [93.2869, 50.7473], [93.293, 50.7463], [93.2982, 50.744], [93.3067, 50.7415], [93.3118, 50.7392], [93.3197, 50.7361], [93.3258, 50.7349], [93.335, 50.7316], [93.3432, 50.7291], [93.352, 50.7284], [93.3615, 50.7272], [93.3683, 50.726], [93.3844, 50.7296], [93.4025, 50.7348], [93.4181, 50.7418], [93.4245, 50.7455], [93.4369, 50.7459], [93.4488, 50.7458], [93.46, 50.744], [93.4714, 50.7443], [93.4785, 50.7457], [93.4896, 50.7458], [93.5042, 50.7466], [93.5129, 50.7482], [93.5247, 50.7484], [93.5324, 50.7499], [93.5469, 50.7512], [93.5533, 50.7527], [93.5604, 50.753], [93.5713, 50.7508], [93.5795, 50.7455], [93.5867, 50.7413], [93.5947, 50.7347], [93.6022, 50.7305], [93.608, 50.728], [93.6094, 50.7257], [93.6176, 50.7225], [93.6257, 50.7211], [93.6329, 50.7195], [93.6419, 50.7157], [93.6523, 50.7117], [93.6613, 50.7107], [93.6677, 50.71], [93.6754, 50.7066], [93.6812, 50.7035], [93.6875, 50.7007], [93.6968, 50.701], [93.7021, 50.7025], [93.7072, 50.7044], [93.7144, 50.7041], [93.7235, 50.7036], [93.7326, 50.7059], [93.7386, 50.7087], [93.7464, 50.7073], [93.7523, 50.7068], [93.7599, 50.708], [93.766, 50.7089], [93.7747, 50.7106], [93.78, 50.7129], [93.7913, 50.7138], [93.8035, 50.7124], [93.8175, 50.708], [93.8314, 50.7039], [93.8473, 50.6999], [93.8592, 50.6996], [93.8706, 50.7008], [93.8878, 50.7031], [93.9052, 50.7071], [93.9224, 50.7083], [93.926, 50.7139]]}}, {"type": "Feature", "properties": {}, "geometry": {"type": "LineString", "coordinates": [[93.9382, 50.7474], [93.9596, 50.7515], [93.9727, 50.7529], [93.9864, 50.7539], [93.9977, 50.7559], [94.001, 50.7569], [94.0064, 50.7595], [94.0123, 50.7582], [94.0242, 50.7584], [94.0324, 50.7588], [94.0403, 50.7624], [94.0441, 50.7646], [94.0516, 50.766], [94.0603, 50.7688], [94.0638, 50.7713], [94.0697, 50.7722], [94.0749, 50.7718], [94.0826, 50.7702], [94.0873, 50.7713], [94.0925, 50.774], [94.0985, 50.7763], [94.1032, 50.7776], [94.1107, 50.7783], [94.1178, 50.7765], [94.1258, 50.7745], [94.131, 50.7733], [94.1365, 50.771], [94.1434, 50.7705], [94.1501, 50.7727], [94.1552, 50.772], [94.1612, 50.7692], [94.1674, 50.7669], [94.1722, 50.764], [94.178, 50.7611], [94.1807, 50.7583], [94.1835, 50.7553], [94.1909, 50.7551], [94.1953, 50.7561], [94.2005, 50.757], [94.2066, 50.7583], [94.2105, 50.7583], [94.2139, 50.7582], [94.2181, 50.7555], [94.2212, 50.7506], [94.225, 50.7469], [94.2308, 50.7442], [94.2337, 50.743], [94.2361, 50.7407], [94.2425, 50.738], [94.2461, 50.7366], [94.2503, 50.7351], [94.2531, 50.7316], [94.259, 50.7282], [94.2636, 50.726], [94.2692, 50.7246], [94.2746, 50.7244], [94.282, 50.7253], [94.2878, 50.7263], [94.2965, 50.7291], [94.2997, 50.7312], [94.3059, 50.7324], [94.3117, 50.7326], [94.3159, 50.7338], [94.319, 50.7353], [94.3212, 50.7368], [94.3273, 50.7369], [94.3318, 50.7369], [94.3362, 50.7376], [94.3393, 50.7388], [94.3444, 50.7398], [94.3476, 50.7401], [94.3518, 50.7401], [94.356, 50.7397], [94.3599, 50.7398], [94.3637, 50.7402], [94.3723, 50.7416], [94.3875, 50.7427], [94.3983, 50.7456], [94.4152, 50.7459], [94.4277, 50.7435], [94.4375, 50.7408], [94.4551, 50.7398], [94.4689, 50.7399], [94.478, 50.7412], [94.4899, 50.7417], [94.497, 50.7421], [94.5074, 50.7402], [94.5217, 50.736], [94.5295, 50.7319], [94.5427, 50.7275], [94.5542, 50.7254], [94.5592, 50.7239], [94.565, 50.7194], [94.5752, 50.7173], [94.585, 50.7154], [94.5934, 50.7133], [94.6039, 50.7071], [94.6168, 50.7003], [94.6273, 50.6956], [94.6341, 50.69], [94.6422, 50.6851], [94.6534, 50.6781], [94.6622, 50.673], [94.671, 50.6638], [94.6788, 50.6591], [94.6974, 50.6495], [94.7129, 50.6448], [94.7268, 50.6399], [94.743, 50.6361], [94.7582, 50.6348], [94.7696, 50.6385], [94.7777, 50.6411], [94.7787, 50.6415], [94.7908, 50.6409], [94.8087, 50.6351], [94.8242, 50.6287], [94.8388, 50.6236], [94.8506, 50.6201], [94.863, 50.6206], [94.8775, 50.6227], [94.89, 50.6268], [94.9142, 50.6286], [94.9365, 50.6318]]}}, {"type": "Feature", "properties": {}, "geometry": {"type": "LineString", "coordinates": [[92.3836, 51.7599], [92.4068, 51.7584], [92.4237, 51.757], [92.4416, 51.7576], [92.4681, 51.7568], [92.4886, 51.7539], [92.5256, 51.7493], [92.5522, 51.7484], [92.5776, 51.7491], [92.6072, 51.7503], [92.6388, 51.7521], [92.6715, 51.752], [92.6948, 51.7607], [92.7268, 51.763], [92.7491, 51.7635], [92.7915, 51.7636], [92.8176, 51.7644], [92.8591, 51.7643], [92.8788, 51.7632], [92.8968, 51.7634], [92.9187, 51.7642], [92.9397, 51.7621], [92.9665, 51.7644], [92.9902, 51.7663], [93.0115, 51.7676], [93.0361, 51.7716], [93.0738, 51.7775], [93.1001, 51.7828], [93.1344, 51.7877], [93.1456, 51.7924], [93.1564, 51.7972], [93.1859, 51.8029], [93.2171, 51.8059], [93.2521, 51.8115], [93.271, 51.8141], [93.2871, 51.8153], [93.3184, 51.817], [93.3455, 51.8207], [93.3791, 51.8273], [93.3976, 51.8303], [93.414, 51.8341], [93.4281, 51.8379], [93.4397, 51.8404], [93.4623, 51.8471], [93.4773, 51.8524], [93.494, 51.8579], [93.5127, 51.867], [93.5282, 51.8713], [93.5412, 51.8718], [93.556, 51.8723], [93.5726, 51.873], [93.5839, 51.875], [93.6046, 51.8757], [93.6225, 51.8793], [93.6464, 51.8855], [93.6855, 51.8978], [93.7018, 51.9065], [93.7114, 51.9109], [93.74, 51.9257]]}}, {"type": "Feature", "properties": {}, "geometry": {"type": "LineString", "coordinates": [[99.5214, 51.73], [99.5333, 51.7207], [99.5445, 51.7149], [99.5485, 51.7086], [99.5548, 51.702], [99.5599, 51.6937], [99.5715, 51.6805], [99.5858, 51.6738], [99.5929, 51.6682], [99.6058, 51.659], [99.6108, 51.6531], [99.6153, 51.645], [99.6204, 51.6367], [99.6296, 51.6276], [99.6355, 51.6204], [99.6441, 51.6124], [99.6583, 51.6055], [99.6744, 51.5998], [99.6897, 51.5901], [99.6959, 51.5821], [99.7063, 51.5773], [99.7142, 51.5737], [99.7262, 51.5654], [99.7321, 51.5602], [99.7375, 51.5535], [99.7466, 51.5436], [99.7533, 51.5357], [99.7588, 51.5285], [99.7649, 51.5139], [99.7684, 51.5065], [99.7755, 51.4983], [99.7775, 51.4886], [99.7864, 51.479], [99.7927, 51.4694], [99.7997, 51.4623], [99.8072, 51.4509], [99.8139, 51.4412], [99.8171, 51.4317], [99.8201, 51.4232], [99.825, 51.4119], [99.83, 51.4028], [99.8377, 51.3896], [99.8436, 51.3834], [99.8454, 51.3771], [99.8478, 51.3689], [99.8493, 51.3588], [99.8539, 51.3496], [99.8569, 51.3444]]}}, {"type": "Feature", "properties": {}, "geometry": {"type": "LineString", "coordinates": [[99.8562, 50.9705], [99.8497, 50.9634], [99.8468, 50.9571], [99.8443, 50.952], [99.8405, 50.9468], [99.8328, 50.9404], [99.8255, 50.9349], [99.8126, 50.9317], [99.8037, 50.9305], [99.7878, 50.9272], [99.7788, 50.9254], [99.7645, 50.925], [99.757, 50.9238], [99.7492, 50.9202], [99.7427, 50.9183], [99.7334, 50.9159], [99.7293, 50.9145], [99.7235, 50.9141], [99.7178, 50.9141], [99.71, 50.9147], [99.7046, 50.9166], [99.6987, 50.9169], [99.6886, 50.9179], [99.6816, 50.9179], [99.6765, 50.92], [99.6687, 50.9217], [99.6582, 50.9222], [99.6504, 50.9214], [99.6419, 50.9214], [99.6357, 50.9211], [99.627, 50.922], [99.6189, 50.9221], [99.612, 50.9202], [99.6074, 50.9182], [99.6041, 50.9157], [99.5992, 50.9151], [99.5924, 50.9145], [99.5866, 50.9133], [99.5804, 50.9125], [99.5732, 50.9118], [99.5664, 50.9112], [99.5634, 50.9095], [99.5594, 50.9067], [99.5573, 50.9031], [99.5583, 50.9004], [99.5605, 50.8934], [99.5621, 50.8872], [99.557, 50.8813], [99.5562, 50.8776], [99.5543, 50.8738], [99.5503, 50.8699], [99.5489, 50.8658], [99.5485, 50.8613], [99.5488, 50.856], [99.5467, 50.8473], [99.542, 50.8418], [99.536, 50.8393], [99.526, 50.8371], [99.5189, 50.8313], [99.516, 50.8272], [99.5078, 50.8194], [99.5046, 50.8122], [99.5091, 50.8064], [99.5111, 50.8015], [99.5096, 50.7973], [99.5043, 50.7943], [99.4991, 50.7923], [99.4938, 50.7899], [99.4895, 50.7866], [99.4848, 50.7848], [99.4829, 50.7817], [99.4809, 50.7772], [99.4774, 50.7739], [99.4722, 50.7701], [99.4699, 50.768], [99.4671, 50.766], [99.465, 50.7641], [99.4635, 50.7592], [99.4632, 50.755], [99.4607, 50.7506], [99.4617, 50.7463], [99.4607, 50.7427], [99.4621, 50.7401], [99.4672, 50.735], [99.4719, 50.73], [99.4713, 50.7224], [99.466, 50.7175], [99.4567, 50.7102], [99.4516, 50.705], [99.4489, 50.7013], [99.4474, 50.6968], [99.4455, 50.6929], [99.4441, 50.6886], [99.4415, 50.6846], [99.4409, 50.6812], [99.4418, 50.677], [99.4412, 50.6732], [99.434, 50.6726], [99.4272, 50.6708], [99.4187, 50.6678], [99.4132, 50.6635], [99.4072, 50.6612], [99.402, 50.6574], [99.3969, 50.6537], [99.3847, 50.6515], [99.3674, 50.6463], [99.3561, 50.6438], [99.3448, 50.6406], [99.3353, 50.6376], [99.3225, 50.6329], [99.3142, 50.6308], [99.302, 50.628], [99.2954, 50.6253], [99.2894, 50.6249], [99.2845, 50.6251], [99.2744, 50.6246], [99.266, 50.6247], [99.2539, 50.6217], [99.2495, 50.6192], [99.2378, 50.6137], [99.2309, 50.61], [99.2264, 50.6057], [99.2229, 50.6025], [99.2208, 50.5987], [99.2181, 50.5942], [99.2176, 50.5882], [99.2171, 50.5825], [99.2194, 50.5766], [99.2219, 50.5694], [99.2205, 50.5598], [99.22, 50.554], [99.2214, 50.5499], [99.224, 50.5445], [99.2281, 50.5366], [99.2315, 50.5286], [99.2316, 50.5202], [99.227, 50.5087], [99.2158, 50.4994], [99.2129, 50.4922], [99.2129, 50.4875], [99.2092, 50.4835], [99.1984, 50.4783], [99.1851, 50.4718], [99.1729, 50.466], [99.164, 50.4602], [99.1549, 50.4502], [99.1507, 50.4445], [99.1458, 50.4412], [99.1362, 50.4345], [99.129, 50.4291], [99.114, 50.4207], [99.1026, 50.4131], [99.0977, 50.4015], [99.0902, 50.3899], [99.0819, 50.3783], [99.0795, 50.3737], [99.0778, 50.3708], [99.073, 50.3626], [99.0693, 50.3572], [99.0599, 50.3438], [99.0551, 50.3398], [99.0472, 50.3341], [99.0386, 50.3309], [99.0294, 50.3283], [99.0102, 50.3277], [99.0061, 50.3272]]}}, {"type": "Feature", "properties": {"name": "Khovsgol Fault"}, "geometry": {"type": "LineString", "coordinates": [[100.14, 51.5977], [100.1484, 51.5918], [100.1518, 51.5879], [100.1549, 51.5811], [100.1576, 51.5765], [100.1618, 51.5706], [100.1647, 51.5647], [100.1647, 51.5576], [100.1656, 51.5492], [100.1669, 51.5451], [100.1689, 51.5403], [100.1703, 51.5341], [100.17, 51.5305], [100.1678, 51.5262], [100.1661, 51.5188], [100.1668, 51.5122], [100.1696, 51.5056], [100.1709, 51.5013], [100.1736, 51.4971], [100.1745, 51.4917], [100.1757, 51.4865], [100.1767, 51.4792], [100.177, 51.4713], [100.1771, 51.4657], [100.1822, 51.4576], [100.1866, 51.4502], [100.1871, 51.4469], [100.1886, 51.4427], [100.193, 51.437], [100.195, 51.4324], [100.1953, 51.4283], [100.1934, 51.4252], [100.195, 51.4221], [100.1962, 51.4188], [100.1903, 51.4054], [100.1844, 51.4014], [100.1824, 51.3985], [100.1831, 51.3915], [100.1845, 51.3878], [100.1886, 51.381], [100.1911, 51.3745], [100.1893, 51.368], [100.1872, 51.3648], [100.1871, 51.3598], [100.1926, 51.3495], [100.1968, 51.3437], [100.1999, 51.3363], [100.2014, 51.3306], [100.2011, 51.3223], [100.2062, 51.3149], [100.2093, 51.3112], [100.2099, 51.3072], [100.2137, 51.303], [100.2173, 51.2989], [100.2209, 51.294], [100.225, 51.2907], [100.2282, 51.2849], [100.2307, 51.2808], [100.2325, 51.278], [100.2343, 51.2736], [100.2362, 51.2685], [100.2392, 51.2619], [100.2444, 51.255], [100.2467, 51.2517], [100.2484, 51.2479], [100.2533, 51.2435], [100.2564, 51.2377], [100.2601, 51.2344], [100.2668, 51.2288], [100.2709, 51.2231], [100.2745, 51.2175], [100.2798, 51.2099], [100.2868, 51.2028], [100.2916, 51.1948], [100.2935, 51.1904], [100.2953, 51.1838], [100.2984, 51.177], [100.3036, 51.1708], [100.3073, 51.1639], [100.3136, 51.1544], [100.3235, 51.1428], [100.3259, 51.1294], [100.3159, 51.1171], [100.3096, 51.1058], [100.3048, 51.0946], [100.3027, 51.0803], [100.3004, 51.0675], [100.2986, 51.052], [100.2926, 51.0393], [100.2893, 51.0272], [100.2855, 51.0162], [100.2798, 51.0029], [100.2732, 50.9912], [100.2613, 50.9762], [100.2498, 50.967], [100.2436, 50.9588], [100.2383, 50.9498], [100.242, 50.942], [100.2436, 50.9346], [100.2393, 50.9251], [100.237, 50.9188], [100.2369, 50.9104], [100.2375, 50.9024], [100.2358, 50.8924], [100.2326, 50.8865], [100.2288, 50.8759], [100.227, 50.8672], [100.2287, 50.861], [100.227, 50.8533], [100.2274, 50.8416], [100.2277, 50.8341], [100.2269, 50.8239], [100.2272, 50.8135], [100.2262, 50.8059], [100.2215, 50.7965], [100.2156, 50.7697], [100.2093, 50.7575], [100.2072, 50.7462], [100.2054, 50.734], [100.2077, 50.7264], [100.2087, 50.7185], [100.2076, 50.7071], [100.2083, 50.7004], [100.2067, 50.6913], [100.2099, 50.6817], [100.2073, 50.6719], [100.2063, 50.6586], [100.2104, 50.6518], [100.2104, 50.6518]]}}, {"type": "Feature", "properties": {"name": "Azas-Sentsa Fault"}, "geometry": {"type": "LineString", "coordinates": [[97.9686, 52.5195], [97.9984, 52.5214], [98.0308, 52.5257], [98.0488, 52.5289], [98.0701, 52.5336], [98.08, 52.5392], [98.0957, 52.5441], [98.1122, 52.5485], [98.1332, 52.5523], [98.1533, 52.5546], [98.166, 52.5573], [98.188, 52.5596], [98.208, 52.5636], [98.2304, 52.5669], [98.244, 52.5679], [98.2628, 52.5698], [98.2811, 52.5714], [98.2987, 52.5716], [98.3239, 52.5735], [98.3364, 52.5726], [98.3484, 52.5714], [98.363, 52.5681], [98.3778, 52.5666], [98.3918, 52.5668], [98.4212, 52.5663], [98.4384, 52.5685], [98.4552, 52.5686], [98.4852, 52.5697], [98.5164, 52.5727], [98.5348, 52.5763], [98.5538, 52.5781], [98.5921, 52.5797], [98.6193, 52.5788], [98.6502, 52.5808], [98.6841, 52.582], [98.7099, 52.5791], [98.7365, 52.5796], [98.7522, 52.5807], [98.7828, 52.5825], [98.8149, 52.5912], [98.8371, 52.5961], [98.8536, 52.5967], [98.8657, 52.6014], [98.8768, 52.6028], [98.8992, 52.6073], [98.9246, 52.6117], [98.9459, 52.6159]]}}, {"type": "Feature", "properties": {"name": "Central Sayan Fault"}, "geometry": {"type": "LineString", "coordinates": [[96.6007, 53.4301], [96.6121, 53.4253], [96.6208, 53.4206], [96.6346, 53.4166], [96.6485, 53.4132], [96.6569, 53.4097], [96.67, 53.4064], [96.6832, 53.4035], [96.6985, 53.4001], [96.7114, 53.3979], [96.7289, 53.3941], [96.7359, 53.3934], [96.7482, 53.3919], [96.7584, 53.3908], [96.7676, 53.3886], [96.781, 53.3865], [96.8043, 53.3835], [96.8169, 53.3842], [96.8299, 53.3847], [96.8524, 53.3843], [96.8679, 53.3812], [96.886, 53.3803], [96.8976, 53.3787], [96.9147, 53.376], [96.929, 53.3743], [96.9423, 53.3737], [96.9493, 53.3736], [96.9846, 53.3696], [97.0146, 53.366], [97.0544, 53.3622], [97.0833, 53.36], [97.1309, 53.3534], [97.1533, 53.3507], [97.1753, 53.3491], [97.1985, 53.3488], [97.2241, 53.3494], [97.2481, 53.3467], [97.2793, 53.3394], [97.3103, 53.3332], [97.3581, 53.3322], [97.398, 53.3358], [97.4218, 53.329], [97.4485, 53.3222], [97.4715, 53.3143], [97.5045, 53.3101], [97.5217, 53.3081], [97.5447, 53.3056], [97.5657, 53.3032], [97.6012, 53.3012], [97.6215, 53.3034], [97.6406, 53.3022], [97.6592, 53.2989], [97.7, 53.2983], [97.737, 53.2944], [97.7873, 53.2937], [97.8106, 53.2924], [97.8336, 53.2909], [97.8545, 53.29], [97.8982, 53.2886], [97.9274, 53.2879], [97.964, 53.2859], [98.0346, 53.2871], [98.0706, 53.2908], [98.115, 53.2973], [98.1678, 53.3029], [98.1969, 53.3086], [98.2351, 53.3131], [98.2637, 53.3161], [98.2937, 53.3186], [98.3263, 53.3233], [98.3516, 53.3251], [98.3846, 53.3262], [98.401, 53.3272], [98.4661, 53.327], [98.5025, 53.327], [98.5222, 53.3275], [98.533, 53.3261], [98.5514, 53.3257], [98.5783, 53.3225], [98.5978, 53.3213], [98.6332, 53.3181], [98.6523, 53.3173], [98.6715, 53.3181], [98.6835, 53.3192], [98.7036, 53.3167], [98.764, 53.3134], [98.7931, 53.313], [98.8244, 53.3096], [98.8552, 53.3088], [98.8683, 53.3085], [98.9107, 53.3056], [98.9671, 53.304], [99.042, 53.2973], [99.0749, 53.296], [99.1138, 53.2946], [99.161, 53.2941], [99.1753, 53.2937], [99.1924, 53.2927], [99.2173, 53.2935], [99.2336, 53.2944], [99.2589, 53.2948], [99.2822, 53.2933], [99.3523, 53.2908], [99.4365, 53.2801], [99.4894, 53.2763], [99.5484, 53.277], [99.6277, 53.2681], [99.685, 53.2658], [99.7712, 53.2541], [99.8126, 53.2501], [99.8652, 53.2432], [99.9237, 53.2391], [99.9957, 53.229], [100.0482, 53.2168], [100.0961, 53.2021], [100.1356, 53.1903], [100.1642, 53.182]]}}, {"type": "Feature", "properties": {"name": "Gunzhin Fault"}, "geometry": {"type": "LineString", "coordinates": [[107.0944, 47.925], [107.1008, 47.9274], [107.1091, 47.9283], [107.1175, 47.9317], [107.1208, 47.9322], [107.1236, 47.9335], [107.1256, 47.9355], [107.1281, 47.9363], [107.1325, 47.9382], [107.1385, 47.9408], [107.143, 47.9431], [107.1513, 47.9469], [107.1559, 47.9526], [107.1564, 47.9577], [107.1565, 47.9633], [107.1569, 47.9655], [107.1575, 47.9683], [107.1582, 47.9713], [107.1624, 47.9769], [107.1644, 47.9809], [107.1703, 47.9862], [107.175, 47.991], [107.1796, 47.9966], [107.185, 48.0021], [107.1913, 48.0068], [107.1975, 48.0108], [107.2018, 48.0138], [107.2051, 48.0174], [107.212, 48.022], [107.2198, 48.0294], [107.2259, 48.0343], [107.2393, 48.047], [107.2489, 48.0525], [107.2577, 48.0567], [107.2617, 48.0611], [107.2645, 48.0661], [107.2653, 48.0687], [107.2679, 48.0726], [107.2696, 48.0754], [107.2731, 48.0798], [107.2814, 48.0818], [107.2885, 48.0861], [107.2974, 48.0896], [107.305, 48.096]]}}, {"type": "Feature", "properties": {"name": "Emeelt Fault"}, "geometry": {"type": "LineString", "coordinates": [[106.5199, 47.9758], [106.5262, 47.9679], [106.5419, 47.9591], [106.5547, 47.9474], [106.5662, 47.942], [106.5775, 47.9289], [106.5795, 47.9278], [106.5817, 47.9268], [106.583, 47.9261], [106.5836, 47.9249], [106.5862, 47.9238], [106.5876, 47.9228], [106.5914, 47.9214], [106.5947, 47.9186], [106.5956, 47.9173], [106.6005, 47.9137], [106.6014, 47.9126], [106.6034, 47.9115], [106.6047, 47.9101], [106.6064, 47.9068], [106.6082, 47.9039], [106.6078, 47.9013], [106.6078, 47.8999], [106.6086, 47.8986], [106.6092, 47.8967], [106.6089, 47.895], [106.61, 47.8924], [106.6152, 47.8885], [106.6184, 47.8822], [106.6217, 47.8728], [106.6267, 47.8667], [106.6321, 47.8615], [106.6369, 47.8564], [106.6434, 47.8488], [106.6589, 47.8364], [106.6783, 47.8169]]}}, {"type": "Feature", "properties": {}, "geometry": {"type": "LineString", "coordinates": [[100.3681, 51.7092], [100.385, 51.7118], [100.3904, 51.712], [100.4018, 51.7095], [100.4242, 51.7097], [100.4319, 51.7093], [100.4471, 51.7087], [100.4616, 51.7079], [100.4731, 51.7097], [100.4901, 51.7096], [100.5102, 51.7073], [100.5235, 51.7062], [100.5403, 51.7072], [100.5566, 51.7084], [100.566, 51.7069], [100.5724, 51.7026], [100.5861, 51.7], [100.6068, 51.6976], [100.6202, 51.6973], [100.6347, 51.6934], [100.6471, 51.6951], [100.6549, 51.6955], [100.6667, 51.6945], [100.6857, 51.6937], [100.7041, 51.6929], [100.7175, 51.6924], [100.736, 51.692], [100.7514, 51.6939], [100.8001, 51.6915], [100.8332, 51.689]]}}, {"type": "Feature", "properties": {"name": "Mondy Fault"}, "geometry": {"type": "LineString", "coordinates": [[100.8477, 51.689], [100.861, 51.6905], [100.8717, 51.6915], [100.8822, 51.6911], [100.8977, 51.6904], [100.909, 51.6893], [100.9158, 51.6892], [100.925, 51.6892], [100.9348, 51.6884], [100.9528, 51.6879], [100.9622, 51.6887], [100.9844, 51.6893], [101.008, 51.6898], [101.0223, 51.6904], [101.0327, 51.6905], [101.0433, 51.69], [101.0552, 51.6898], [101.0661, 51.6886], [101.0793, 51.688], [101.0917, 51.6878], [101.1034, 51.6871], [101.1142, 51.6868], [101.1254, 51.6865], [101.1418, 51.686], [101.1574, 51.6831], [101.1669, 51.6818], [101.1765, 51.6791], [101.1872, 51.6773], [101.1929, 51.678], [101.1979, 51.6791], [101.2067, 51.6784], [101.2164, 51.6759], [101.2249, 51.6746], [101.2326, 51.6742], [101.2416, 51.6745], [101.2543, 51.6744], [101.2733, 51.671], [101.2901, 51.6695], [101.3102, 51.6658]]}}, {"type": "Feature", "properties": {"name": "Tunka Fault"}, "geometry": {"type": "LineString", "coordinates": [[101.3968, 51.7678], [101.4249, 51.7631], [101.4378, 51.7662], [101.4513, 51.7698], [101.4592, 51.7683], [101.4716, 51.7661], [101.4839, 51.7663], [101.4928, 51.7662], [101.4967, 51.7671], [101.5093, 51.7675], [101.5204, 51.769], [101.534, 51.7713], [101.5405, 51.7723], [101.5499, 51.7741], [101.559, 51.7777], [101.5692, 51.7831], [101.5826, 51.7901], [101.602, 51.8016], [101.6084, 51.8044], [101.6176, 51.8064], [101.6278, 51.8059], [101.6408, 51.8065], [101.6533, 51.813], [101.6652, 51.8149], [101.6865, 51.8153], [101.6978, 51.8148], [101.7122, 51.8131], [101.7253, 51.8133], [101.7346, 51.8134], [101.7483, 51.8104], [101.7663, 51.8067], [101.7818, 51.8059], [101.7957, 51.8069], [101.813, 51.8042], [101.8324, 51.8012], [101.8425, 51.7998], [101.854, 51.7982], [101.8633, 51.7975], [101.8708, 51.7982], [101.8773, 51.8012], [101.8876, 51.8036], [101.8946, 51.8065], [101.9039, 51.8092], [101.9086, 51.8105], [101.9117, 51.8119], [101.9214, 51.8116], [101.9349, 51.8128], [101.9465, 51.8166], [101.956, 51.8164], [101.9651, 51.816], [101.9769, 51.8171], [101.9887, 51.817], [101.9966, 51.8172], [102.0024, 51.8175], [102.0056, 51.8179], [102.0134, 51.8169], [102.0171, 51.8185], [102.0238, 51.8196], [102.0272, 51.8213], [102.0383, 51.8217], [102.0497, 51.8229], [102.0553, 51.8234], [102.0663, 51.8235], [102.0747, 51.8247], [102.0815, 51.8257], [102.0895, 51.8258], [102.0985, 51.8274], [102.1084, 51.8284], [102.1298, 51.8364], [102.1409, 51.8382], [102.1464, 51.8408], [102.1538, 51.8433], [102.1644, 51.8451], [102.1709, 51.8466], [102.1758, 51.8484], [102.1816, 51.8505], [102.191, 51.8514], [102.2028, 51.855], [102.2123, 51.8571], [102.2241, 51.8599], [102.2354, 51.8625], [102.246, 51.8676], [102.2567, 51.8713], [102.2617, 51.8749], [102.2655, 51.8781], [102.2705, 51.8805], [102.2768, 51.8829], [102.2797, 51.8839], [102.2875, 51.8851], [102.2975, 51.887], [102.3049, 51.8895], [102.3111, 51.8932], [102.3153, 51.8952], [102.325, 51.8981], [102.3306, 51.9009], [102.3389, 51.9056], [102.3464, 51.9078], [102.3506, 51.909], [102.3579, 51.9116], [102.3666, 51.9146], [102.3738, 51.9156], [102.3811, 51.9158], [102.3895, 51.9177], [102.3978, 51.9182], [102.4068, 51.9188], [102.4135, 51.9188], [102.4215, 51.921], [102.4299, 51.9203], [102.44, 51.9215], [102.4429, 51.9219], [102.4504, 51.9228], [102.4589, 51.9222], [102.4674, 51.9219], [102.4762, 51.9203], [102.4864, 51.9204], [102.4951, 51.9192], [102.5018, 51.918], [102.5114, 51.9161], [102.5187, 51.9167], [102.5264, 51.9167], [102.5371, 51.9175], [102.5452, 51.9183], [102.553, 51.9191], [102.5586, 51.921], [102.5681, 51.9208], [102.5753, 51.9203], [102.5849, 51.918], [102.5944, 51.9164], [102.6025, 51.9151], [102.6096, 51.9136], [102.6203, 51.9112], [102.6301, 51.9096], [102.6432, 51.9101], [102.6542, 51.9095], [102.6647, 51.9071], [102.6782, 51.905], [102.6895, 51.902], [102.7009, 51.9003], [102.7116, 51.8972], [102.7209, 51.8951], [102.7329, 51.8929], [102.7453, 51.8918], [102.7545, 51.8911], [102.7626, 51.8909], [102.767, 51.8906], [102.7756, 51.8888], [102.7838, 51.8886], [102.7905, 51.8881], [102.8023, 51.8865], [102.8077, 51.8859], [102.8114, 51.8862], [102.8219, 51.8835], [102.8335, 51.8818], [102.8396, 51.8802], [102.8496, 51.879], [102.8601, 51.8766], [102.8742, 51.8758], [102.8842, 51.8736], [102.8947, 51.8724], [102.9054, 51.8706], [102.9155, 51.8698], [102.9255, 51.8675], [102.9348, 51.8649], [102.9519, 51.8599], [102.9576, 51.8587], [102.9677, 51.8582], [102.9846, 51.855], [102.998, 51.8533], [103.0119, 51.8499], [103.0374, 51.8476], [103.0436, 51.8473]]}}, {"type": "Feature", "properties": {"name": "South Main Sayan Fault"}, "geometry": {"type": "LineString", "coordinates": [[103.7119, 51.7143], [103.6632, 51.7266], [103.6017, 51.7435], [103.5336, 51.7612], [103.4833, 51.7752], [103.4519, 51.786], [103.4218, 51.7941], [103.4048, 51.8005], [103.3761, 51.8084], [103.3181, 51.8245], [103.2678, 51.8366], [103.2312, 51.8442], [103.1784, 51.8551], [103.1593, 51.8581], [103.1412, 51.8638], [103.1215, 51.8679], [103.105, 51.8712], [103.0592, 51.8811], [103.0124, 51.8922], [102.9925, 51.8994], [102.9747, 51.9007], [102.9184, 51.9159], [102.8858, 51.9323], [102.8305, 51.9562], [102.7902, 51.9685], [102.7065, 52.0084], [102.6951, 52.0185], [102.6647, 52.0392], [102.6156, 52.0612], [102.5756, 52.0738], [102.5226, 52.0822], [102.484, 52.0967], [102.4298, 52.1178], [102.3989, 52.138], [102.3627, 52.1547], [102.3195, 52.1688], [102.2585, 52.1902], [102.2266, 52.2033], [102.2051, 52.2137], [102.1427, 52.2386], [102.0817, 52.2583], [102.0488, 52.267], [102.0296, 52.2747], [101.9744, 52.3022], [101.9042, 52.3287], [101.8504, 52.3517], [101.8056, 52.3679], [101.7829, 52.3766], [101.7596, 52.3866], [101.7406, 52.396], [101.7215, 52.4075], [101.711, 52.4132], [101.6697, 52.4329], [101.6389, 52.4481], [101.6084, 52.461], [101.5855, 52.4709], [101.566, 52.4789], [101.5462, 52.4911], [101.5284, 52.4983], [101.5012, 52.5091], [101.4803, 52.519], [101.4478, 52.5314], [101.4269, 52.5412], [101.3919, 52.5552], [101.3595, 52.5703], [101.3219, 52.5931], [101.29, 52.61], [101.2695, 52.6181], [101.262, 52.6223], [101.2533, 52.6276], [101.2471, 52.6336], [101.2374, 52.6403], [101.2253, 52.6507], [101.217, 52.6564], [101.1854, 52.6797], [101.1629, 52.6927], [101.1307, 52.7131], [101.1119, 52.7211], [101.0998, 52.7275], [101.0721, 52.7425], [101.0526, 52.7561], [101.0305, 52.7642], [101.0129, 52.7727], [100.9833, 52.786], [100.9554, 52.7977], [100.9219, 52.8106], [100.8947, 52.8233], [100.8795, 52.8295], [100.8304, 52.8557], [100.7742, 52.8853], [100.725, 52.9124], [100.6951, 52.9291], [100.6706, 52.9393], [100.633, 52.9675], [100.5985, 52.9871], [100.5834, 52.9946], [100.551, 53.0146], [100.5207, 53.0346], [100.4793, 53.0595], [100.4182, 53.0898], [100.3812, 53.1019], [100.3607, 53.1137], [100.3278, 53.1332], [100.2798, 53.1464], [100.2236, 53.1599], [100.1828, 53.175]]}}, {"type": "Feature", "properties": {"name": "Oka-Jombolok Fault"}, "geometry": {"type": "LineString", "coordinates": [[98.9557, 52.6019], [98.9859, 52.6076], [99.02, 52.6143], [99.0426, 52.622], [99.0638, 52.6288], [99.0824, 52.6332], [99.1236, 52.6363], [99.1675, 52.6435], [99.1846, 52.6479], [99.2075, 52.6508], [99.2284, 52.6558], [99.2597, 52.6621], [99.2905, 52.6653], [99.3079, 52.6699], [99.3374, 52.6798], [99.352, 52.6846], [99.3664, 52.6885], [99.3876, 52.6924], [99.4071, 52.6988], [99.4208, 52.702], [99.4344, 52.705], [99.4503, 52.7083], [99.461, 52.7101], [99.4773, 52.7119], [99.4932, 52.7153], [99.5171, 52.7214], [99.5281, 52.7236], [99.5471, 52.7262], [99.564, 52.7297], [99.5821, 52.7344], [99.6456, 52.7496], [99.7898, 52.7831], [99.9378, 52.8019], [100.1078, 52.8283], [100.2317, 52.8431], [100.3114, 52.8517], [100.328, 52.8506], [100.3444, 52.8491], [100.3723, 52.8449], [100.3993, 52.8421], [100.4166, 52.8414], [100.4474, 52.8367], [100.4894, 52.8288], [100.5683, 52.8197], [100.6122, 52.8124], [100.6629, 52.8091], [100.7055, 52.807], [100.7701, 52.802], [100.8043, 52.7961], [100.8489, 52.7864], [100.91, 52.782]]}}, {"type": "Feature", "properties": {"name": "Yamaatinskiy Fault"}, "geometry": {"type": "LineString", "coordinates": [[98.8551, 52.1524], [98.8879, 52.1404], [98.9337, 52.1182], [98.956, 52.1107], [98.9854, 52.0994], [99.0121, 52.0864], [99.052, 52.0745], [99.1251, 52.0576], [99.1887, 52.0501], [99.2398, 52.0442], [99.3237, 52.0368], [99.3708, 52.0323], [99.4053, 52.03], [99.457, 52.02], [99.4962, 52.0128], [99.5286, 52.0018], [99.5483, 51.9972], [99.5805, 51.9888], [99.6176, 51.9809], [99.6446, 51.9752], [99.704, 51.9627], [99.77, 51.95], [99.8051, 51.9444], [99.8333, 51.9382], [99.8585, 51.9287], [99.881, 51.9229], [99.9059, 51.9166], [99.9259, 51.9094], [99.9477, 51.8994], [100.0059, 51.8859], [100.0781, 51.8769], [100.1334, 51.8675], [100.1977, 51.8577], [100.2315, 51.849], [100.3054, 51.8403], [100.3753, 51.8398], [100.43, 51.8369]]}}, {"type": "Feature", "properties": {"name": "NE Erzin-Agar-Dag Fault"}, "geometry": {"type": "LineString", "coordinates": [[94.9019, 50.4219], [94.9252, 50.4326], [94.9496, 50.4448], [94.9668, 50.456], [94.99, 50.4666], [95.0138, 50.4738], [95.0272, 50.4786], [95.0467, 50.4796], [95.065, 50.48], [95.0844, 50.4861], [95.1, 50.4917], [95.1572, 50.5099], [95.2201, 50.5258], [95.2758, 50.54], [95.3383, 50.5523], [95.3845, 50.5652], [95.4015, 50.5729], [95.4343, 50.5817], [95.4706, 50.5925], [95.5121, 50.6029], [95.5434, 50.6074], [95.5726, 50.6095], [95.5947, 50.614], [95.6054, 50.6206], [95.6244, 50.625], [95.6793, 50.6424], [95.7447, 50.6507], [95.8174, 50.6564], [95.9187, 50.6672]]}}, {"type": "Feature", "properties": {"name": "Hustai Fault"}, "geometry": {"type": "LineString", "coordinates": [[105.6992, 47.3957], [105.7017, 47.3986], [105.7062, 47.4032], [105.709, 47.407], [105.7101, 47.4105], [105.7113, 47.4136], [105.7139, 47.4176], [105.7182, 47.4238], [105.7225, 47.428], [105.7257, 47.4304], [105.729, 47.4344], [105.7321, 47.4377], [105.7348, 47.4407], [105.7359, 47.4444], [105.7395, 47.4501], [105.7469, 47.4541], [105.749, 47.4577], [105.7518, 47.4623], [105.7537, 47.4668], [105.7591, 47.4709], [105.7613, 47.4753], [105.7656, 47.481], [105.7683, 47.4877], [105.7743, 47.4974], [105.7773, 47.5052], [105.7812, 47.5112], [105.7837, 47.5171], [105.7868, 47.5209], [105.7903, 47.525], [105.7935, 47.5299], [105.7951, 47.5333], [105.7961, 47.5368], [105.7974, 47.5402], [105.7991, 47.5444], [105.8007, 47.5485], [105.8023, 47.5546], [105.803, 47.561], [105.8028, 47.5735], [105.8086, 47.5848], [105.8146, 47.5892], [105.832, 47.5958], [105.8413, 47.5984], [105.8519, 47.6022], [105.8562, 47.6032], [105.8637, 47.6044], [105.8712, 47.607], [105.8811, 47.6106], [105.8865, 47.6112], [105.8923, 47.6115], [105.8985, 47.6133], [105.9123, 47.6203], [105.9228, 47.6284], [105.9416, 47.6394], [105.9597, 47.6481], [105.9753, 47.6533], [105.9851, 47.6565], [106.0024, 47.6628], [106.0118, 47.6679], [106.0186, 47.6707], [106.0311, 47.6756], [106.0481, 47.6835], [106.0559, 47.6873], [106.0609, 47.6903], [106.0667, 47.6934], [106.0719, 47.6963], [106.0797, 47.7009], [106.0873, 47.7061], [106.0953, 47.7101], [106.101, 47.712], [106.1056, 47.7138], [106.1079, 47.7195], [106.1093, 47.7252], [106.1133, 47.7268], [106.1189, 47.7293], [106.129, 47.7325], [106.1308, 47.7345], [106.1364, 47.7368], [106.1428, 47.7404], [106.1476, 47.7441], [106.1553, 47.7494], [106.1669, 47.7589], [106.1724, 47.7641], [106.1871, 47.7679], [106.1933, 47.7696], [106.205, 47.7735], [106.2123, 47.7754], [106.224, 47.7791], [106.2272, 47.7805], [106.2394, 47.7834], [106.2474, 47.7842], [106.2584, 47.786], [106.2727, 47.7886], [106.2827, 47.7895], [106.2978, 47.7917], [106.309, 47.7933], [106.3167, 47.7962], [106.3247, 47.7999], [106.3422, 47.8048], [106.3471, 47.8061], [106.3558, 47.8122], [106.3658, 47.8188], [106.3756, 47.8209], [106.3866, 47.823], [106.3919, 47.8236], [106.4009, 47.8243], [106.4074, 47.8244], [106.41, 47.8245], [106.4151, 47.8231], [106.4163, 47.8221], [106.4183, 47.8223], [106.4209, 47.822], [106.4257, 47.8229], [106.4275, 47.8235], [106.4332, 47.8277], [106.4387, 47.8298], [106.4446, 47.8325], [106.454, 47.8336], [106.4646, 47.8344], [106.4649, 47.8343], [106.4712, 47.8338], [106.4716, 47.8336], [106.4831, 47.8338], [106.4875, 47.8332], [106.4912, 47.8338], [106.495, 47.8347], [106.4987, 47.8346], [106.5091, 47.8372]]}}, {"type": "Feature", "properties": {}, "geometry": {"type": "LineString", "coordinates": [[107.705, 47.887], [107.7283, 47.8898], [107.7517, 47.8942], [107.7592, 47.8954], [107.7712, 47.8985], [107.7798, 47.9009], [107.7885, 47.9033], [107.8171, 47.908], [107.8559, 47.9172], [107.875, 47.9196], [107.895, 47.9206], [107.9141, 47.9243], [107.9261, 47.9251], [107.9471, 47.9278], [107.9714, 47.9448], [108.0223, 47.9583], [108.0848, 47.9628], [108.103, 47.9671], [108.1141, 47.9695], [108.1402, 47.9748], [108.1584, 47.9788], [108.1659, 47.9807], [108.1812, 47.9854], [108.1976, 47.9918], [108.2294, 47.9972], [108.268, 48.0029], [108.3021, 48.0088]]}}, {"type": "Feature", "properties": {}, "geometry": {"type": "LineString", "coordinates": [[109.0807, 48.009], [109.1, 48.0136], [109.1186, 48.0187], [109.1291, 48.0211], [109.137, 48.023], [109.144, 48.025], [109.1484, 48.0262], [109.1512, 48.0269], [109.1526, 48.0272], [109.1549, 48.0279], [109.1567, 48.0284], [109.1616, 48.0298], [109.168, 48.0317], [109.1729, 48.0333], [109.181, 48.0351], [109.1866, 48.0369], [109.1944, 48.0398], [109.23, 48.0501], [109.2474, 48.0525], [109.2755, 48.0584], [109.2895, 48.0599], [109.2949, 48.061], [109.3006, 48.0617], [109.307, 48.0621], [109.3302, 48.0672], [109.3545, 48.072], [109.3787, 48.0772], [109.4152, 48.0821], [109.4339, 48.0865], [109.4541, 48.0896], [109.4741, 48.0931], [109.4975, 48.0958], [109.5189, 48.097], [109.5451, 48.102], [109.5775, 48.1108], [109.591, 48.1139], [109.6121, 48.1196], [109.6406, 48.1284], [109.6578, 48.1335], [109.6723, 48.1368], [109.6875, 48.1411], [109.7048, 48.1455], [109.7132, 48.1473], [109.7217, 48.1482], [109.7346, 48.1502], [109.7541, 48.1562], [109.7724, 48.161]]}}, {"type": "Feature", "properties": {}, "geometry": {"type": "LineString", "coordinates": [[108.5401, 47.9125], [108.7594, 47.971], [108.809, 47.9809], [108.834, 47.9863], [108.8575, 47.992], [108.8755, 48.0], [108.9023, 48.0087], [108.9246, 48.0122], [108.9504, 48.019], [108.9741, 48.0214], [108.9857, 48.0222], [108.9965, 48.0248], [109.0097, 48.0281], [109.0247, 48.0323], [109.0373, 48.0342], [109.053, 48.0392], [109.0709, 48.0436]]}}, {"type": "Feature", "properties": {"name": "South Baikal Fault"}, "geometry": {"type": "LineString", "coordinates": [[103.6857, 51.6642], [103.6951, 51.6623], [103.7088, 51.6564], [103.7163, 51.6527], [103.7284, 51.6518], [103.7385, 51.6505], [103.7468, 51.6484], [103.7552, 51.6439], [103.7615, 51.6406], [103.7657, 51.6381], [103.7698, 51.6373], [103.7751, 51.6349], [103.7809, 51.6332], [103.7867, 51.6303], [103.7916, 51.6268], [103.7938, 51.6235], [103.7988, 51.6215], [103.8062, 51.618], [103.8146, 51.6139], [103.8253, 51.6115], [103.8376, 51.61], [103.8535, 51.6072], [103.8653, 51.6078], [103.8745, 51.6093], [103.8796, 51.6095], [103.8838, 51.6081], [103.8869, 51.6066], [103.8922, 51.6061], [103.8956, 51.6068], [103.9001, 51.6056], [103.906, 51.6032], [103.9158, 51.6007], [103.927, 51.5999], [103.9387, 51.5986], [103.9417, 51.595], [103.9459, 51.5925], [103.9499, 51.5897], [103.953, 51.5866], [103.9579, 51.5824], [103.9657, 51.5797], [103.9714, 51.5771], [103.9777, 51.574], [103.9827, 51.5709], [103.9884, 51.5676], [103.995, 51.5634], [103.9992, 51.5613], [104.0069, 51.5567], [104.0127, 51.5533], [104.0175, 51.5513], [104.0291, 51.5475], [104.0415, 51.5413], [104.043, 51.5365], [104.0424, 51.5335], [104.0427, 51.5328], [104.0429, 51.5306], [104.0448, 51.5275], [104.053, 51.5246], [104.0602, 51.5252], [104.0662, 51.5239], [104.0715, 51.5195], [104.0772, 51.5148], [104.086, 51.5156], [104.093, 51.5165], [104.1047, 51.5152], [104.1112, 51.5126], [104.1187, 51.5078], [104.1261, 51.5057], [104.1364, 51.5034], [104.1503, 51.5045], [104.1659, 51.5029], [104.1741, 51.504], [104.1821, 51.5039], [104.1929, 51.5024], [104.1976, 51.5002], [104.2029, 51.4963], [104.208, 51.493], [104.2109, 51.4889], [104.2153, 51.4868], [104.2222, 51.4839], [104.2332, 51.4833], [104.241, 51.4845], [104.245, 51.4862], [104.2468, 51.488], [104.2518, 51.4884], [104.2556, 51.4893], [104.2594, 51.4902], [104.2633, 51.4906], [104.2694, 51.4913], [104.2748, 51.4916], [104.2839, 51.4906], [104.2912, 51.4886], [104.2981, 51.4871], [104.3035, 51.4849], [104.3098, 51.4835], [104.317, 51.481], [104.3207, 51.4792], [104.3309, 51.4787], [104.3403, 51.4794], [104.3493, 51.4773], [104.3572, 51.4746], [104.3674, 51.472], [104.3768, 51.4713], [104.3866, 51.4691], [104.3926, 51.4635], [104.3981, 51.4591], [104.405, 51.4558], [104.4122, 51.4512], [104.4183, 51.4467]]}}, {"type": "Feature", "properties": {"name": "Chersky Fault"}, "geometry": {"type": "LineString", "coordinates": [[104.4598, 51.3839], [104.4707, 51.3797], [104.48, 51.3773], [104.4858, 51.3783], [104.493, 51.3797], [104.5006, 51.3797], [104.5105, 51.3797], [104.5177, 51.3777], [104.5287, 51.3768], [104.5415, 51.3769], [104.5503, 51.378], [104.5611, 51.3801], [104.5685, 51.3839], [104.5771, 51.3863], [104.5872, 51.3877], [104.5964, 51.389], [104.604, 51.3917], [104.6099, 51.3922], [104.6176, 51.3939], [104.626, 51.3963], [104.6313, 51.3977], [104.6405, 51.3978], [104.6498, 51.3967], [104.664, 51.3951], [104.6738, 51.4015], [104.6812, 51.4086], [104.6897, 51.4097], [104.6958, 51.413], [104.7015, 51.4157], [104.7121, 51.4172], [104.7238, 51.4178], [104.729, 51.4167], [104.7411, 51.4168], [104.75, 51.4193], [104.7594, 51.4211], [104.7691, 51.4234], [104.7815, 51.4226], [104.7897, 51.4253], [104.7959, 51.4273], [104.803, 51.4287], [104.8096, 51.4321], [104.8159, 51.4341], [104.8346, 51.4404], [104.8456, 51.4423], [104.8591, 51.4428], [104.8667, 51.4405], [104.8828, 51.4389], [104.8963, 51.44], [104.9093, 51.4434], [104.9161, 51.4454], [104.9235, 51.4463], [104.9308, 51.4452], [104.937, 51.4459], [104.9461, 51.4508], [104.9495, 51.4522], [104.9613, 51.4523], [104.9672, 51.4584], [104.9702, 51.4625], [104.9778, 51.4625], [104.9927, 51.464], [105.0059, 51.4689], [105.0148, 51.4766], [105.0188, 51.4839], [105.0276, 51.4907], [105.0348, 51.4941], [105.039, 51.4977], [105.0494, 51.5014], [105.056, 51.5047], [105.0606, 51.5092], [105.0673, 51.5122], [105.0721, 51.5131], [105.0779, 51.5168], [105.0868, 51.52], [105.0941, 51.5219], [105.1006, 51.525], [105.1111, 51.5268], [105.1217, 51.5288], [105.137, 51.5279], [105.1485, 51.5272], [105.161, 51.53], [105.1677, 51.5292], [105.1723, 51.5279], [105.1859, 51.5304], [105.1955, 51.5308], [105.2138, 51.5333], [105.2282, 51.5369], [105.236, 51.541], [105.2478, 51.5455], [105.2574, 51.5511], [105.2639, 51.5514], [105.2702, 51.5509], [105.2746, 51.5536], [105.2803, 51.5553], [105.2897, 51.5559], [105.2966, 51.557], [105.3055, 51.5563], [105.3134, 51.5531], [105.3249, 51.5502], [105.3369, 51.5506], [105.346, 51.5504], [105.3588, 51.55], [105.3705, 51.5496], [105.3785, 51.5498], [105.3878, 51.5522], [105.3968, 51.5547], [105.408, 51.5569], [105.4178, 51.5581], [105.4232, 51.5599], [105.4252, 51.564], [105.4299, 51.5713], [105.441, 51.5758], [105.4472, 51.5764], [105.4529, 51.5796], [105.4634, 51.5804], [105.4755, 51.5841], [105.4843, 51.5847], [105.4982, 51.5859], [105.5116, 51.5872], [105.519, 51.592], [105.524, 51.5954], [105.5263, 51.6009], [105.5271, 51.6023], [105.5356, 51.6056], [105.538, 51.6079], [105.5396, 51.6094], [105.5455, 51.6114], [105.55, 51.6134], [105.557, 51.6135], [105.5659, 51.615], [105.5737, 51.6189], [105.5782, 51.6214], [105.5896, 51.6244], [105.6094, 51.6223], [105.6135, 51.6258], [105.6198, 51.6294], [105.625, 51.6315], [105.6334, 51.6374], [105.6444, 51.6477], [105.6651, 51.6508], [105.686, 51.6551], [105.6964, 51.6517], [105.7107, 51.6555], [105.7224, 51.66], [105.7424, 51.6672], [105.7636, 51.6741], [105.7805, 51.6789], [105.7953, 51.6813], [105.802, 51.6845], [105.813, 51.6931], [105.8412, 51.6943], [105.8683, 51.6936], [105.8896, 51.6962], [105.9023, 51.6997], [105.9161, 51.7102], [105.9232, 51.7126], [105.9283, 51.7183], [105.9414, 51.7234], [105.9489, 51.731], [105.9551, 51.7391], [105.9676, 51.7443], [105.9812, 51.7494], [105.9887, 51.7549], [106.0023, 51.7643], [106.0191, 51.7685], [106.0382, 51.7677], [106.0536, 51.7708], [106.0664, 51.7789], [106.0812, 51.7796], [106.0972, 51.7867], [106.1056, 51.7899], [106.1222, 51.7973], [106.1238, 51.8034], [106.1367, 51.8105], [106.1443, 51.8142], [106.1606, 51.8167], [106.1674, 51.8196], [106.1838, 51.8293], [106.1924, 51.8328], [106.2023, 51.8355], [106.2128, 51.8404], [106.2222, 51.8447], [106.2289, 51.8558], [106.2431, 51.866], [106.2471, 51.8765]]}}, {"type": "Feature", "properties": {"name": "Obruchev Fault"}, "geometry": {"type": "LineString", "coordinates": [[103.7784, 51.7101], [103.8328, 51.7098], [103.8854, 51.7152], [103.9441, 51.7225], [104.0292, 51.7291], [104.0994, 51.7396], [104.1574, 51.747], [104.1855, 51.7537], [104.222, 51.7569], [104.2482, 51.7629], [104.3074, 51.7633], [104.3394, 51.7606], [104.3834, 51.7667], [104.4162, 51.7686], [104.4866, 51.7725], [104.5439, 51.7734], [104.5759, 51.7718], [104.6097, 51.7696], [104.6332, 51.7732], [104.6903, 51.8048], [104.7278, 51.823], [104.7645, 51.8272], [104.8202, 51.825], [104.8683, 51.8135], [104.9043, 51.8146], [104.9421, 51.8274], [104.9844, 51.8395], [105.0313, 51.8608], [105.0715, 51.8665], [105.1231, 51.8665], [105.1748, 51.8693], [105.2348, 51.8597], [105.308, 51.8666], [105.3719, 51.8734], [105.419, 51.886], [105.468, 51.901], [105.5185, 51.9177], [105.5932, 51.9476], [105.6425, 51.9664], [105.6945, 51.9729], [105.7164, 51.9756], [105.7402, 51.9861], [105.7906, 52.0077], [105.8241, 52.0046], [105.8776, 52.0246], [105.9257, 52.0546]]}}, {"type": "Feature", "properties": {"name": "Primorsky Fault"}, "geometry": {"type": "LineString", "coordinates": [[105.2188, 51.8833], [105.2781, 51.9007], [105.3399, 51.9363], [105.3736, 51.9618], [105.4331, 51.9905], [105.4804, 52.0065], [105.5038, 52.0226], [105.5353, 52.0503], [105.5775, 52.08], [105.6033, 52.1062], [105.6439, 52.1344], [105.687, 52.1701], [105.7458, 52.2177], [105.7943, 52.2543], [105.814, 52.2987], [105.8537, 52.3304], [105.8801, 52.3738], [105.9166, 52.4036], [105.9684, 52.4513], [106.03, 52.5084], [106.0336, 52.5241], [106.0461, 52.5354], [106.0558, 52.5424], [106.0618, 52.5462], [106.0688, 52.5517], [106.0792, 52.5641], [106.088, 52.5759], [106.0965, 52.5825], [106.1076, 52.5932], [106.1181, 52.6007], [106.133, 52.6093], [106.1433, 52.6181], [106.1503, 52.6244], [106.159, 52.6326], [106.1689, 52.6412], [106.1769, 52.6484], [106.1857, 52.6576], [106.1918, 52.6624], [106.1975, 52.6677], [106.2008, 52.6717], [106.2062, 52.6764], [106.2116, 52.6799], [106.2175, 52.6871], [106.2256, 52.6948], [106.2359, 52.7026], [106.2447, 52.7111], [106.252, 52.7171], [106.2603, 52.7254], [106.2682, 52.7316], [106.2822, 52.7426], [106.2851, 52.7451], [106.2908, 52.7495], [106.2944, 52.7523], [106.2991, 52.7563], [106.305, 52.7608], [106.312, 52.766], [106.3156, 52.7687], [106.3192, 52.7715], [106.3252, 52.7761], [106.3316, 52.7807], [106.3385, 52.7859], [106.3459, 52.791], [106.35, 52.7939], [106.3562, 52.7982], [106.3637, 52.8027], [106.3696, 52.8076], [106.3772, 52.8135], [106.385, 52.8196], [106.3951, 52.8273], [106.4145, 52.8409], [106.4355, 52.8544], [106.4515, 52.8657], [106.471, 52.8788], [106.5019, 52.9004], [106.5225, 52.915], [106.5405, 52.9275], [106.5647, 52.9447], [106.587, 52.9612], [106.6083, 52.9732], [106.6286, 52.9863], [106.6489, 52.9972], [106.6617, 53.006], [106.6872, 53.0244], [106.7017, 53.0346], [106.7155, 53.0433], [106.7359, 53.0577], [106.7569, 53.0723], [106.7767, 53.0857], [106.8, 53.1005], [106.8282, 53.1189], [106.8774, 53.1518], [106.9351, 53.1833], [106.9953, 53.2189], [107.0531, 53.2497], [107.0958, 53.2727], [107.1723, 53.3101], [107.2271, 53.3242], [107.2885, 53.3467], [107.3449, 53.3673], [107.3987, 53.3873], [107.4783, 53.4201], [107.5536, 53.4543], [107.6148, 53.4778], [107.6925, 53.5034], [107.783, 53.5392], [107.8601, 53.5673]]}}, {"type": "Feature", "properties": {"name": "Morsky Faults"}, "geometry": {"type": "LineString", "coordinates": [[106.0946, 52.5299], [106.1382, 52.5461], [106.196, 52.5521], [106.2268, 52.5585], [106.2529, 52.573], [106.2951, 52.5872], [106.3612, 52.6021], [106.4204, 52.6134], [106.4683, 52.6384], [106.5014, 52.6567], [106.5412, 52.6969], [106.579, 52.7302], [106.6241, 52.7577], [106.644, 52.7801], [106.6989, 52.8001], [106.7544, 52.8102], [106.7945, 52.8561], [106.7964, 52.8789], [106.8099, 52.9036], [106.8915, 52.9376], [106.9655, 52.9729], [107.0613, 52.9955], [107.1924, 53.0214], [107.2679, 53.0313], [107.384, 53.0405], [107.4173, 53.0502], [107.4699, 53.0812], [107.5176, 53.0985], [107.5621, 53.1345], [107.5917, 53.1486], [107.6311, 53.1737], [107.6628, 53.1919], [107.7468, 53.2048], [107.769, 53.2284], [107.8275, 53.2837], [107.9, 53.3255], [107.9749, 53.365], [108.0496, 53.4104], [108.1685, 53.4324], [108.2647, 53.474], [108.3979, 53.5503], [108.4557, 53.6277], [108.5143, 53.7341], [108.5683, 53.7778], [108.6168, 53.8066], [108.7002, 53.8258], [108.7611, 53.8396], [108.7897, 53.8639]]}}, {"type": "Feature", "properties": {"name": "Kocherikovsky Fault"}, "geometry": {"type": "LineString", "coordinates": [[107.5717, 53.5322], [107.6082, 53.5634], [107.6732, 53.6162], [107.7552, 53.6575], [107.7935, 53.6841], [107.8212, 53.7037], [107.8766, 53.7307], [107.9573, 53.7679], [108.0055, 53.8028], [108.0759, 53.8175], [108.112, 53.8346], [108.1735, 53.8771], [108.2177, 53.9105], [108.2387, 53.9346], [108.2314, 53.9545], [108.2535, 53.9807], [108.3016, 54.0102], [108.3061, 54.0116], [108.3372, 54.0407], [108.3589, 54.0736], [108.3909, 54.1081], [108.4586, 54.1456], [108.4993, 54.1743], [108.5415, 54.2173], [108.5363, 54.245], [108.5737, 54.2934]]}}, {"type": "Feature", "properties": {}, "geometry": {"type": "LineString", "coordinates": [[109.2542, 53.5062], [109.2599, 53.5115], [109.2652, 53.5151], [109.2693, 53.5185], [109.271, 53.5219], [109.2739, 53.526], [109.2767, 53.5277], [109.2804, 53.5312], [109.2824, 53.5326], [109.2924, 53.5352], [109.2968, 53.5375], [109.3018, 53.5401], [109.3052, 53.5421], [109.3091, 53.5455], [109.3123, 53.5472], [109.3163, 53.5489], [109.32, 53.5509], [109.323, 53.5542], [109.3262, 53.5563], [109.3298, 53.5583], [109.3351, 53.5596], [109.3427, 53.5613], [109.3529, 53.5608], [109.3625, 53.5619], [109.371, 53.5646], [109.3773, 53.5688], [109.3809, 53.5697], [109.3849, 53.5701], [109.3876, 53.5709], [109.3912, 53.5725], [109.395, 53.5722], [109.4025, 53.5718], [109.4097, 53.5707], [109.4165, 53.57], [109.4239, 53.5714], [109.4308, 53.5723], [109.4357, 53.5738], [109.4432, 53.575], [109.4477, 53.5758], [109.4544, 53.5772], [109.4615, 53.5792], [109.4692, 53.5809], [109.4755, 53.5818], [109.481, 53.5841], [109.4882, 53.5861], [109.4972, 53.5882], [109.501, 53.5893], [109.5053, 53.5906], [109.5108, 53.5921], [109.5175, 53.5936], [109.5249, 53.5951], [109.5315, 53.5962], [109.5361, 53.5977], [109.5408, 53.6005], [109.548, 53.6027], [109.5542, 53.6051], [109.5594, 53.6075], [109.5636, 53.6105], [109.5662, 53.6117], [109.5688, 53.6143], [109.5785, 53.6155], [109.5839, 53.6178], [109.5877, 53.619], [109.5921, 53.6212], [109.5972, 53.6226], [109.6054, 53.624], [109.6094, 53.625], [109.6181, 53.624], [109.6218, 53.6263], [109.6272, 53.6286], [109.6361, 53.6319], [109.6399, 53.6336], [109.6472, 53.6364], [109.6526, 53.6398], [109.6603, 53.6428], [109.6644, 53.6441], [109.6705, 53.647], [109.676, 53.6492], [109.6852, 53.6522], [109.689, 53.653], [109.6963, 53.6549], [109.7038, 53.6572], [109.7116, 53.6638], [109.7165, 53.6678], [109.7184, 53.6738], [109.7317, 53.6747], [109.7395, 53.6774], [109.7435, 53.6817], [109.7444, 53.686], [109.7447, 53.6919], [109.7447, 53.6943], [109.7481, 53.6969], [109.7523, 53.7019], [109.7558, 53.7051], [109.7604, 53.7101], [109.7638, 53.715], [109.7643, 53.7183], [109.7696, 53.7208], [109.7737, 53.7255], [109.7823, 53.7302], [109.7894, 53.7327], [109.7945, 53.7366], [109.7966, 53.7466], [109.8047, 53.7488], [109.813, 53.7497], [109.8181, 53.7531], [109.8251, 53.757], [109.8315, 53.761], [109.8385, 53.7643], [109.842, 53.7694], [109.8479, 53.7736], [109.8542, 53.7776], [109.8559, 53.7795], [109.859, 53.7815], [109.8635, 53.7839], [109.8672, 53.7885], [109.8666, 53.792], [109.8689, 53.7985], [109.8702, 53.8029], [109.8733, 53.8085], [109.8801, 53.8139], [109.8882, 53.8187], [109.8891, 53.8243], [109.894, 53.8292], [109.8922, 53.8337], [109.91, 53.837], [109.9229, 53.8407], [109.9342, 53.8447], [109.9387, 53.8546], [109.9412, 53.8601], [109.937, 53.8712]]}}, {"type": "Feature", "properties": {}, "geometry": {"type": "LineString", "coordinates": [[109.5032, 53.6437], [109.5134, 53.6478], [109.5226, 53.6501], [109.5271, 53.6522], [109.5335, 53.6543], [109.5426, 53.6573], [109.5502, 53.6596], [109.5585, 53.6624], [109.5667, 53.6639], [109.5734, 53.6669], [109.5824, 53.6697], [109.5902, 53.6726], [109.601, 53.6762], [109.6087, 53.6786], [109.6153, 53.6824], [109.6231, 53.6894], [109.6308, 53.693], [109.6354, 53.6981], [109.6401, 53.7048], [109.6397, 53.7102], [109.6439, 53.7111], [109.6563, 53.7124], [109.6603, 53.7139], [109.6612, 53.7172], [109.6569, 53.7225], [109.655, 53.7267], [109.6512, 53.7365], [109.6477, 53.7434], [109.6448, 53.7481], [109.6362, 53.7533], [109.6394, 53.7565], [109.6432, 53.7628], [109.6471, 53.7707], [109.6484, 53.7727], [109.6505, 53.775], [109.6555, 53.7774], [109.6616, 53.7778], [109.6666, 53.7787], [109.6705, 53.7815], [109.6799, 53.7842], [109.6839, 53.7853], [109.6917, 53.7871], [109.6991, 53.7897], [109.7058, 53.7919], [109.7098, 53.7949], [109.7124, 53.7979], [109.7159, 53.8005], [109.7223, 53.8017], [109.728, 53.8044], [109.7311, 53.8065], [109.737, 53.8113], [109.7429, 53.8167], [109.7443, 53.8214], [109.749, 53.8242], [109.7577, 53.8256], [109.7688, 53.8291], [109.7757, 53.8326], [109.7852, 53.8369], [109.7877, 53.8399], [109.7876, 53.8438], [109.7947, 53.8507], [109.8032, 53.8542], [109.8057, 53.8586], [109.8115, 53.8603], [109.8198, 53.8635], [109.8232, 53.8675], [109.8258, 53.8725], [109.8301, 53.8757], [109.8369, 53.8781], [109.8443, 53.8815], [109.8519, 53.8852], [109.8552, 53.8898], [109.8625, 53.8927], [109.8706, 53.8954], [109.8783, 53.8996], [109.8851, 53.9024], [109.8891, 53.9059], [109.8958, 53.9094], [109.9012, 53.9111], [109.9056, 53.9127], [109.9111, 53.914], [109.9168, 53.916], [109.924, 53.9171], [109.9299, 53.9197], [109.9333, 53.9234], [109.9366, 53.9261], [109.9417, 53.9298], [109.9534, 53.9329], [109.9613, 53.9364], [109.9708, 53.9413], [109.9749, 53.9493], [109.9735, 53.9565], [109.9722, 53.96], [109.9736, 53.9643], [109.9746, 53.9677], [109.9778, 53.9713], [109.9831, 53.976], [109.9852, 53.9777], [109.9904, 53.9805], [109.9953, 53.9839], [109.9972, 53.9886], [109.9959, 53.9942], [109.9964, 53.9984], [110.0003, 54.0025], [110.0087, 54.0063], [110.016, 54.009], [110.0213, 54.0124], [110.0245, 54.0146], [110.0303, 54.0172], [110.0386, 54.0169], [110.0455, 54.021], [110.0498, 54.0279], [110.0498, 54.0315], [110.0533, 54.0366], [110.0557, 54.0456], [110.053, 54.0498], [110.0511, 54.0553], [110.0498, 54.0601], [110.0563, 54.0647], [110.0618, 54.0674], [110.066, 54.0697], [110.071, 54.0757], [110.0746, 54.0797], [110.0846, 54.0864], [110.0941, 54.0943], [110.1, 54.1013], [110.1035, 54.106], [110.1144, 54.1094], [110.119, 54.1167], [110.1233, 54.1246], [110.1207, 54.1327], [110.1196, 54.1365], [110.1212, 54.143], [110.1172, 54.1518], [110.1145, 54.1585], [110.1226, 54.1618], [110.1273, 54.1671], [110.1314, 54.1715], [110.1383, 54.1773], [110.1471, 54.1829], [110.1557, 54.1891], [110.1638, 54.1991], [110.1693, 54.2027], [110.1777, 54.2085], [110.1878, 54.2158], [110.1957, 54.2312], [110.1999, 54.2423], [110.1987, 54.2526], [110.203, 54.263], [110.2004, 54.2753], [110.1937, 54.2778], [110.1832, 54.2808], [110.1842, 54.2881], [110.1824, 54.2977], [110.1824, 54.3067], [110.1843, 54.3156], [110.1861, 54.3239], [110.1809, 54.3316], [110.1801, 54.3396], [110.1845, 54.3474], [110.1869, 54.3539], [110.196, 54.3566], [110.2126, 54.3604], [110.2188, 54.3637], [110.223, 54.3684], [110.2273, 54.3734], [110.229, 54.3804], [110.2369, 54.3868], [110.2433, 54.3882], [110.2565, 54.3898], [110.271, 54.3922], [110.2754, 54.3959], [110.2837, 54.3999], [110.2913, 54.4028], [110.302, 54.4079], [110.3118, 54.414], [110.3178, 54.418], [110.3306, 54.4261], [110.3409, 54.4274], [110.3539, 54.4297], [110.3724, 54.4345], [110.3786, 54.4391], [110.3864, 54.4413], [110.4093, 54.4396], [110.4316, 54.4414], [110.4448, 54.4467], [110.4526, 54.4528], [110.4606, 54.4607], [110.4672, 54.4704], [110.469, 54.4772], [110.47, 54.4799], [110.4761, 54.485], [110.479, 54.487], [110.4827, 54.4913], [110.4833, 54.4944], [110.4872, 54.4974], [110.4882, 54.5005]]}}, {"type": "Feature", "properties": {}, "geometry": {"type": "LineString", "coordinates": [[107.8545, 52.2955], [107.8545, 52.3106], [107.8575, 52.3182], [107.8613, 52.326], [107.8605, 52.3353], [107.8732, 52.3423], [107.8768, 52.3461], [107.8792, 52.351], [107.8852, 52.357], [107.89, 52.3644], [107.8949, 52.3702], [107.9033, 52.3766], [107.9097, 52.3814], [107.9169, 52.3856], [107.9273, 52.3911], [107.9344, 52.3969], [107.945, 52.4029], [107.9558, 52.4065], [107.9652, 52.414], [107.9747, 52.4247], [107.9832, 52.4344], [107.9915, 52.4447], [107.9998, 52.4539], [108.023, 52.4617], [108.0362, 52.4705], [108.0452, 52.4777], [108.0506, 52.4886], [108.0545, 52.4966], [108.0565, 52.5015], [108.0602, 52.5088], [108.0651, 52.516], [108.0707, 52.5185], [108.0745, 52.5218], [108.0786, 52.5261], [108.0835, 52.5302], [108.0856, 52.5339], [108.0897, 52.5383], [108.0927, 52.5429], [108.0984, 52.5511], [108.1009, 52.5554], [108.1014, 52.5607], [108.0954, 52.5672], [108.0938, 52.5698], [108.0931, 52.5721], [108.0919, 52.575], [108.0937, 52.5786], [108.0998, 52.5807], [108.1041, 52.5818], [108.1098, 52.5843], [108.1119, 52.5865], [108.1154, 52.5899], [108.1221, 52.5935], [108.1248, 52.5953], [108.1257, 52.598], [108.1287, 52.6008], [108.1319, 52.6025], [108.1393, 52.6039], [108.1432, 52.6056], [108.1463, 52.6082], [108.1511, 52.6106], [108.1514, 52.6139], [108.1504, 52.6153], [108.1513, 52.618], [108.154, 52.6198], [108.1564, 52.6208], [108.1588, 52.6236], [108.1622, 52.6257], [108.1669, 52.6278], [108.17, 52.6296], [108.1702, 52.6317], [108.1718, 52.6328], [108.174, 52.6348], [108.1744, 52.6364], [108.1767, 52.6386], [108.1819, 52.6395], [108.1863, 52.6412], [108.1899, 52.6435], [108.1941, 52.6457], [108.1997, 52.6465], [108.206, 52.6482], [108.2105, 52.6508], [108.2146, 52.652], [108.2184, 52.6543], [108.2224, 52.6578], [108.2244, 52.6615], [108.2272, 52.6641], [108.2306, 52.6662], [108.2385, 52.668], [108.243, 52.6707], [108.2493, 52.6736], [108.2552, 52.6768], [108.2586, 52.679], [108.2612, 52.6799], [108.2643, 52.6818], [108.2689, 52.685], [108.2717, 52.687], [108.2741, 52.69], [108.2785, 52.6939], [108.2811, 52.6967], [108.2826, 52.6987], [108.2853, 52.7011], [108.2873, 52.7032], [108.2901, 52.7066], [108.292, 52.7095], [108.294, 52.7122], [108.2965, 52.7149], [108.2991, 52.7194], [108.3035, 52.7224], [108.3078, 52.7271], [108.3102, 52.7311], [108.3114, 52.7351], [108.3136, 52.7372], [108.318, 52.7409], [108.3239, 52.7453], [108.3282, 52.7501], [108.3311, 52.753], [108.3381, 52.7565], [108.3424, 52.7593], [108.3482, 52.7638]]}}, {"type": "Feature", "properties": {}, "geometry": {"type": "LineString", "coordinates": [[108.421, 50.3364], [108.4276, 50.3407], [108.4312, 50.3438], [108.4388, 50.3463], [108.4482, 50.3489], [108.4515, 50.3518], [108.454, 50.3546], [108.4618, 50.3568], [108.4722, 50.3588], [108.4775, 50.3597], [108.4845, 50.3613], [108.503, 50.3637], [108.5222, 50.3673], [108.5323, 50.3698], [108.541, 50.3682], [108.5587, 50.3671], [108.5704, 50.3687], [108.5789, 50.3704], [108.5886, 50.3727], [108.5947, 50.3737], [108.6028, 50.3741], [108.6134, 50.3742], [108.6266, 50.377], [108.641, 50.3793], [108.6517, 50.3826], [108.6628, 50.3845], [108.6729, 50.3882], [108.6913, 50.3903], [108.7054, 50.3926], [108.724, 50.3951], [108.7413, 50.4001], [108.7485, 50.404], [108.7562, 50.4067], [108.7617, 50.4085], [108.7655, 50.4105], [108.7712, 50.4113], [108.776, 50.4127], [108.7809, 50.4164], [108.7956, 50.4222], [108.8049, 50.4258], [108.8113, 50.4293], [108.8198, 50.4327], [108.8267, 50.4368], [108.8288, 50.4406], [108.8379, 50.4418], [108.8442, 50.4444], [108.8551, 50.4468], [108.8652, 50.4505], [108.8779, 50.458], [108.8881, 50.4607], [108.8997, 50.4616], [108.9103, 50.4622], [108.9324, 50.4649], [108.9358, 50.4694], [108.9474, 50.4747], [108.9552, 50.478], [108.9656, 50.4807], [108.9743, 50.4861], [108.9922, 50.4874], [109.0005, 50.4882], [109.0194, 50.4888], [109.0289, 50.4916], [109.0414, 50.4989], [109.0547, 50.5008], [109.0708, 50.4991], [109.0887, 50.4977], [109.1091, 50.4941], [109.1187, 50.4931], [109.1364, 50.4907], [109.1485, 50.4918], [109.1574, 50.4951], [109.1654, 50.4991], [109.1832, 50.5015], [109.1891, 50.51], [109.1995, 50.5217], [109.2121, 50.5276], [109.2309, 50.528], [109.2463, 50.5348], [109.2563, 50.5409], [109.266, 50.5511], [109.2759, 50.5583], [109.2891, 50.5679], [109.2977, 50.5712], [109.3244, 50.5709], [109.3382, 50.5703], [109.3502, 50.5723], [109.3659, 50.5791], [109.3829, 50.5835], [109.397, 50.5895], [109.4057, 50.5947], [109.4292, 50.5973], [109.4423, 50.5982], [109.4593, 50.5973], [109.4792, 50.6017], [109.49, 50.602], [109.511, 50.6008], [109.5186, 50.6005], [109.531, 50.6027], [109.5463, 50.6036], [109.5668, 50.602], [109.5943, 50.6044], [109.6073, 50.6171], [109.6231, 50.6266], [109.6389, 50.6333], [109.6526, 50.6378], [109.6832, 50.6392], [109.7, 50.628], [109.7213, 50.6195], [109.7474, 50.6101], [109.7706, 50.6033], [109.7866, 50.5988], [109.8134, 50.593], [109.8324, 50.5953], [109.8431, 50.5956], [109.8578, 50.5942], [109.8872, 50.59], [109.9044, 50.5883], [109.9204, 50.5914], [109.9298, 50.5962], [109.9384, 50.6009], [109.9521, 50.6038], [109.9657, 50.6063], [109.983, 50.609], [109.9963, 50.612], [110.0259, 50.6229], [110.056, 50.628], [110.0905, 50.6302], [110.1093, 50.629], [110.1397, 50.6242], [110.1587, 50.6211], [110.1916, 50.6178], [110.2407, 50.6141], [110.2669, 50.6233], [110.2994, 50.6341], [110.3291, 50.6272], [110.3627, 50.6259], [110.3769, 50.6269], [110.3932, 50.6297], [110.412, 50.6465], [110.4273, 50.6485], [110.4585, 50.6388], [110.4861, 50.6323], [110.5204, 50.6284], [110.5432, 50.6257], [110.5731, 50.6246], [110.5953, 50.63], [110.6254, 50.6424], [110.6613, 50.6466], [110.6932, 50.6523], [110.7193, 50.6581], [110.7475, 50.6614], [110.7748, 50.6638], [110.7984, 50.6662], [110.8129, 50.6678], [110.8471, 50.6689], [110.8635, 50.6716], [110.8705, 50.6731], [110.889, 50.6705], [110.9115, 50.6669]]}}, {"type": "Feature", "properties": {}, "geometry": {"type": "LineString", "coordinates": [[103.2861, 50.7479], [103.3037, 50.7486], [103.321, 50.7517], [103.3454, 50.7539], [103.3612, 50.7567], [103.3748, 50.7595], [103.3854, 50.7621], [103.394, 50.7673], [103.4021, 50.7697], [103.4108, 50.7717], [103.4207, 50.7729], [103.428, 50.7752], [103.4397, 50.779], [103.4553, 50.7833], [103.4637, 50.7853], [103.4811, 50.7915], [103.4928, 50.794], [103.5167, 50.7949], [103.5274, 50.7976], [103.5356, 50.8011], [103.5443, 50.8019], [103.5523, 50.8037], [103.5621, 50.8055], [103.5723, 50.808], [103.5815, 50.8094], [103.5919, 50.8102], [103.6011, 50.8107], [103.6145, 50.8098], [103.6246, 50.8103], [103.6341, 50.8113], [103.6429, 50.8125], [103.6584, 50.8134], [103.67, 50.8139]]}}, {"type": "Feature", "properties": {}, "geometry": {"type": "LineString", "coordinates": [[101.7127, 49.2076], [101.7227, 49.2069], [101.732, 49.2092], [101.7432, 49.2115], [101.7495, 49.2135], [101.7554, 49.2153], [101.7621, 49.2166], [101.7705, 49.2183], [101.7825, 49.2189], [101.7941, 49.2189], [101.803, 49.2199], [101.8095, 49.2209], [101.8185, 49.2211], [101.8253, 49.2219], [101.8385, 49.2254], [101.8513, 49.2286], [101.859, 49.2314], [101.868, 49.2351], [101.875, 49.2385], [101.8877, 49.2426], [101.8892, 49.248], [101.8937, 49.2575], [101.8999, 49.2661], [101.9046, 49.2732], [101.9204, 49.28], [101.9282, 49.2855], [101.935, 49.2913], [101.9503, 49.2954], [101.9592, 49.3005], [101.9675, 49.3051], [101.9805, 49.3132], [101.9865, 49.318], [101.9964, 49.322], [102.011, 49.3268], [102.0182, 49.33], [102.0314, 49.335], [102.0434, 49.3387], [102.0538, 49.3407], [102.0722, 49.3462], [102.0867, 49.3518], [102.1081, 49.359], [102.1246, 49.3635], [102.1457, 49.3669], [102.1587, 49.3672], [102.1694, 49.3667], [102.1765, 49.3678], [102.2036, 49.372], [102.2169, 49.3723], [102.2265, 49.3706], [102.2414, 49.3721], [102.253, 49.3733], [102.2621, 49.3722], [102.273, 49.3727], [102.2809, 49.3752], [102.2919, 49.3748], [102.3024, 49.3775], [102.3143, 49.3797], [102.3267, 49.3877], [102.3346, 49.3923], [102.3534, 49.3968], [102.3728, 49.4013], [102.3859, 49.4043], [102.4035, 49.4106], [102.4151, 49.4139], [102.4208, 49.4173], [102.4329, 49.4217], [102.4531, 49.425], [102.4671, 49.4287], [102.4734, 49.4324], [102.487, 49.4342], [102.5013, 49.4358], [102.5199, 49.4365], [102.5404, 49.4351], [102.5727, 49.4342], [102.586, 49.4327], [102.6029, 49.433], [102.6138, 49.4345], [102.6261, 49.434], [102.6354, 49.4334], [102.6612, 49.4325], [102.6785, 49.4313], [102.6893, 49.4282], [102.699, 49.4234], [102.7089, 49.42], [102.7202, 49.4161], [102.7339, 49.4115], [102.7487, 49.4084], [102.7707, 49.404]]}}, {"type": "Feature", "properties": {}, "geometry": {"type": "LineString", "coordinates": [[102.8411, 49.4731], [102.8535, 49.475], [102.8684, 49.4795], [102.879, 49.4823], [102.8903, 49.4857], [102.9021, 49.4907], [102.9124, 49.4954], [102.9241, 49.4993], [102.9367, 49.5042], [102.9571, 49.5103], [102.9696, 49.5129], [102.9795, 49.5141], [102.989, 49.5164], [102.9984, 49.5196], [103.0182, 49.5249], [103.0298, 49.5265], [103.0366, 49.5293], [103.0458, 49.5314], [103.0592, 49.5354], [103.0746, 49.5396], [103.0889, 49.5438], [103.1018, 49.5415], [103.1411, 49.5335], [103.1672, 49.5339], [103.1973, 49.5368], [103.2119, 49.5458], [103.2236, 49.5566], [103.2303, 49.5642]]}}, {"type": "Feature", "properties": {}, "geometry": {"type": "LineString", "coordinates": [[103.6924, 49.5126], [103.7109, 49.5152], [103.7261, 49.5196], [103.7353, 49.5234], [103.7459, 49.5289], [103.7538, 49.5311], [103.7663, 49.5306], [103.7794, 49.529], [103.7938, 49.5283], [103.8082, 49.5292], [103.8191, 49.5328], [103.8371, 49.5362], [103.8517, 49.5387], [103.8689, 49.5419], [103.8791, 49.5429], [103.8893, 49.5414], [103.902, 49.5386], [103.9131, 49.5373], [103.9222, 49.5358], [103.9327, 49.5356], [103.946, 49.5337], [103.96, 49.5303], [103.9691, 49.5286], [103.981, 49.5301], [103.9912, 49.5303], [104.0045, 49.5291], [104.0163, 49.5295], [104.0268, 49.5308], [104.0381, 49.5327], [104.0511, 49.534], [104.0639, 49.5335], [104.0951, 49.5455], [104.1086, 49.5471], [104.1285, 49.5482], [104.1406, 49.5507], [104.1629, 49.5517], [104.1782, 49.5534], [104.1908, 49.5516], [104.2206, 49.553], [104.2331, 49.5586], [104.2432, 49.5632], [104.2511, 49.5675], [104.264, 49.5712], [104.2714, 49.5745], [104.2826, 49.5785], [104.2937, 49.5832], [104.3113, 49.589], [104.3265, 49.5973], [104.3381, 49.6025], [104.3497, 49.6068], [104.3622, 49.6123], [104.3728, 49.6175], [104.3788, 49.6227], [104.3862, 49.6291], [104.3968, 49.6376], [104.4033, 49.6422], [104.4135, 49.6489], [104.4228, 49.6504], [104.4307, 49.6541], [104.44, 49.6563], [104.4525, 49.659], [104.4697, 49.6618], [104.5163, 49.6681], [104.5349, 49.6712], [104.5517, 49.6767]]}}, {"type": "Feature", "properties": {}, "geometry": {"type": "LineString", "coordinates": [[104.6004, 50.2173], [104.6095, 50.2192], [104.6156, 50.2219], [104.6274, 50.2257], [104.6335, 50.2286], [104.6415, 50.2312], [104.6486, 50.2335], [104.6549, 50.2375], [104.6605, 50.2398], [104.6695, 50.2445], [104.677, 50.2474], [104.6826, 50.2505], [104.6911, 50.2531], [104.7, 50.256], [104.7121, 50.2594], [104.7201, 50.2609], [104.7304, 50.2631], [104.737, 50.2652], [104.7479, 50.2681], [104.7608, 50.2708], [104.7705, 50.2758], [104.7792, 50.2793], [104.7903, 50.2818], [104.8016, 50.2845], [104.8087, 50.288], [104.8214, 50.295], [104.836, 50.3026], [104.8423, 50.307], [104.8525, 50.3114], [104.8619, 50.3147], [104.8685, 50.3165], [104.8768, 50.3198], [104.8815, 50.322], [104.8855, 50.3261], [104.894, 50.328], [104.8992, 50.3308], [104.907, 50.3347], [104.9122, 50.3386], [104.9171, 50.3418], [104.9242, 50.3441], [104.9282, 50.3463], [104.9339, 50.3504], [104.9426, 50.3516], [104.9535, 50.355], [104.9639, 50.3551], [104.9854, 50.3563], [104.996, 50.356], [105.0048, 50.3583], [105.0133, 50.361], [105.0296, 50.3657], [105.0391, 50.3678], [105.0495, 50.3695], [105.0625, 50.3724], [105.0726, 50.3734], [105.0845, 50.3728], [105.096, 50.3738], [105.1031, 50.3766], [105.1161, 50.3787], [105.1237, 50.3811], [105.1355, 50.3836], [105.1455, 50.3859], [105.1597, 50.3895], [105.1691, 50.3921], [105.1781, 50.3943], [105.1845, 50.3981], [105.1914, 50.4002], [105.1985, 50.4017], [105.2042, 50.4033], [105.2118, 50.4038], [105.22, 50.4044], [105.2262, 50.4056], [105.2333, 50.4059], [105.2421, 50.4062], [105.2482, 50.408], [105.2612, 50.4114], [105.2728, 50.4135], [105.2823, 50.4148], [105.288, 50.4186], [105.298, 50.4239], [105.3134, 50.4303], [105.3283, 50.4338], [105.3542, 50.4366], [105.3734, 50.4413], [105.3819, 50.4436], [105.4144, 50.4516], [105.431, 50.454]]}}, {"type": "Feature", "properties": {}, "geometry": {"type": "LineString", "coordinates": [[103.8687, 50.8286], [103.8882, 50.8331], [103.8941, 50.8349], [103.9012, 50.8379], [103.9109, 50.841], [103.92, 50.8423], [103.9333, 50.843], [103.9509, 50.846], [103.9672, 50.8537], [103.9773, 50.8628], [103.9884, 50.8681], [103.9928, 50.8738], [103.999, 50.8786], [104.0135, 50.8814], [104.0266, 50.8832], [104.0375, 50.8866], [104.0458, 50.8891], [104.0561, 50.8899], [104.0737, 50.8926], [104.0866, 50.8901], [104.1065, 50.8885], [104.1184, 50.8873], [104.1311, 50.888], [104.1475, 50.8922], [104.1592, 50.8956], [104.1723, 50.8959], [104.1835, 50.8967], [104.2035, 50.8992], [104.2181, 50.9011], [104.2352, 50.9031], [104.2445, 50.9063], [104.2652, 50.9103], [104.2748, 50.913], [104.2938, 50.9172], [104.3083, 50.9213], [104.3203, 50.9229], [104.332, 50.9231], [104.3423, 50.9235]]}}, {"type": "Feature", "properties": {}, "geometry": {"type": "LineString", "coordinates": [[106.082, 50.9714], [106.0919, 50.9748], [106.0998, 50.977], [106.1093, 50.9816], [106.1146, 50.9846], [106.1178, 50.988], [106.1236, 50.9916], [106.1302, 50.9964], [106.1365, 51.0028], [106.1439, 51.0085], [106.1517, 51.0164], [106.1571, 51.0224], [106.16, 51.0311], [106.1661, 51.0382], [106.1698, 51.0436], [106.1724, 51.0511], [106.1756, 51.0552], [106.1762, 51.06], [106.1785, 51.0669], [106.178, 51.0727], [106.186, 51.0779], [106.1888, 51.0831], [106.1889, 51.0872], [106.1866, 51.093], [106.1886, 51.0969], [106.1885, 51.1037], [106.1899, 51.1099], [106.1926, 51.1142], [106.1937, 51.1192], [106.1998, 51.1234], [106.2004, 51.1302], [106.203, 51.1356], [106.2002, 51.1416], [106.1999, 51.1466], [106.2039, 51.1516], [106.2067, 51.1583], [106.2092, 51.1628], [106.2112, 51.1683], [106.2178, 51.1729], [106.2196, 51.1753], [106.2248, 51.181], [106.2299, 51.185], [106.2324, 51.1903], [106.2361, 51.1943], [106.2465, 51.1966], [106.2637, 51.2008], [106.2689, 51.2047], [106.2867, 51.2059], [106.2909, 51.2091], [106.2953, 51.2139], [106.3047, 51.2243], [106.3141, 51.2344], [106.3195, 51.2389], [106.3215, 51.2485], [106.3284, 51.2557], [106.3346, 51.262], [106.3357, 51.2683], [106.3358, 51.2714], [106.3434, 51.2757], [106.3512, 51.279], [106.3585, 51.283], [106.3668, 51.2879], [106.3733, 51.293], [106.3743, 51.2966], [106.3826, 51.3001], [106.3883, 51.3042], [106.3997, 51.3077], [106.4058, 51.3105], [106.4104, 51.3131], [106.4151, 51.317], [106.4167, 51.3212], [106.4202, 51.3257], [106.4384, 51.3308], [106.4416, 51.3336], [106.4499, 51.3433], [106.4616, 51.3477], [106.47, 51.3549], [106.4769, 51.3614], [106.4782, 51.3717], [106.4727, 51.3808], [106.4687, 51.3926], [106.4729, 51.4047], [106.4839, 51.4151], [106.4899, 51.4217], [106.4945, 51.4304], [106.513, 51.4347], [106.529, 51.4384], [106.5446, 51.4431], [106.5607, 51.4468], [106.5759, 51.4538], [106.5924, 51.4545], [106.6051, 51.461], [106.6223, 51.4674], [106.6288, 51.4758], [106.6363, 51.4836], [106.6577, 51.4857], [106.677, 51.4851], [106.6863, 51.4865], [106.6954, 51.4864], [106.7201, 51.4855]]}}, {"type": "Feature", "properties": {}, "geometry": {"type": "LineString", "coordinates": [[89.3248, 52.1671], [89.349, 52.1761], [89.3787, 52.1859], [89.4098, 52.1977], [89.4443, 52.2122], [89.4823, 52.224], [89.5219, 52.2332], [89.5495, 52.2383], [89.579, 52.2476], [89.6081, 52.2567], [89.6393, 52.2659], [89.6686, 52.2738], [89.6966, 52.2826], [89.7126, 52.2891], [89.736, 52.2955], [89.7548, 52.3015], [89.7688, 52.3056], [89.7975, 52.3162], [89.821, 52.3234], [89.8551, 52.3323], [89.8804, 52.3419], [89.9155, 52.3535], [89.9487, 52.3691], [89.9812, 52.38], [90.0101, 52.3908], [90.0271, 52.3978], [90.058, 52.4107], [90.0794, 52.4199], [90.1097, 52.4324], [90.1451, 52.4508], [90.1724, 52.4694], [90.2088, 52.487], [90.2475, 52.5123], [90.2873, 52.5433], [90.3348, 52.575], [90.3539, 52.5941], [90.3733, 52.6044], [90.391, 52.6151]]}}, {"type": "Feature", "properties": {}, "geometry": {"type": "LineString", "coordinates": [[87.6347, 51.7718], [87.6545, 51.7861], [87.6777, 51.8026], [87.7, 51.8195], [87.7178, 51.8324], [87.7315, 51.8406], [87.75, 51.8495], [87.7758, 51.8576], [87.7954, 51.8655], [87.8173, 51.8768], [87.8429, 51.8905], [87.8593, 51.8998], [87.8873, 51.9141], [87.9212, 51.9399], [87.944, 51.9563], [87.9587, 51.9666], [87.9788, 51.9732], [87.9971, 51.9845], [88.0167, 51.9939], [88.0358, 52.0052], [88.0622, 52.0158]]}}, {"type": "Feature", "properties": {"name": "Teletsk Graben"}, "geometry": {"type": "LineString", "coordinates": [[87.6263, 51.7358], [87.6334, 51.7314], [87.6356, 51.7265], [87.6325, 51.7238], [87.6296, 51.7176], [87.6299, 51.7105], [87.631, 51.7035], [87.6333, 51.6998], [87.6355, 51.6975], [87.6413, 51.6943], [87.643, 51.6845], [87.6417, 51.6777], [87.6397, 51.6717], [87.6388, 51.6653], [87.6371, 51.6536], [87.6344, 51.6457], [87.6337, 51.6387], [87.6357, 51.6304], [87.6348, 51.6191], [87.6342, 51.6078], [87.6339, 51.6023], [87.6354, 51.5942], [87.6345, 51.5855], [87.6394, 51.577], [87.6429, 51.5709], [87.6474, 51.5638], [87.6531, 51.5542], [87.6568, 51.5479], [87.6616, 51.5445], [87.6685, 51.5369], [87.6746, 51.5314], [87.6812, 51.5235], [87.6822, 51.5167], [87.6837, 51.5089], [87.6869, 51.4984], [87.6923, 51.4874], [87.7018, 51.4761], [87.7103, 51.459], [87.7162, 51.4475], [87.7254, 51.4295], [87.7335, 51.4083], [87.7379, 51.3934], [87.744, 51.3684], [87.7451, 51.3614], [87.7389, 51.3571], [87.7287, 51.3522], [87.7186, 51.3293], [87.7179, 51.3197], [87.7128, 51.3173], [87.71, 51.3083], [87.7029, 51.3053]]}}, {"type": "Feature", "properties": {}, "geometry": {"type": "LineString", "coordinates": [[89.0664, 50.8791], [89.0439, 50.8953], [89.0169, 50.9144], [89.0026, 50.9248], [88.9897, 50.938], [88.9564, 50.9692], [88.9432, 50.9886], [88.9277, 51.0026], [88.9088, 51.0382], [88.9015, 51.067], [88.8988, 51.0781], [88.8908, 51.1145], [88.8878, 51.1307], [88.8671, 51.1759], [88.8599, 51.1887], [88.8562, 51.1998], [88.8531, 51.2086], [88.8486, 51.2173], [88.8457, 51.2275], [88.8431, 51.2394], [88.8407, 51.2499], [88.8369, 51.2607], [88.8279, 51.2891], [88.8248, 51.312], [88.8251, 51.3258], [88.8227, 51.335], [88.8201, 51.3537], [88.8174, 51.3604], [88.8161, 51.389], [88.809, 51.4121], [88.7974, 51.4351], [88.7943, 51.4465], [88.7905, 51.4573], [88.7854, 51.4662], [88.7828, 51.4741], [88.7801, 51.4806], [88.7797, 51.4874], [88.783, 51.5002], [88.7817, 51.5183], [88.7772, 51.5453], [88.772, 51.5607]]}}, {"type": "Feature", "properties": {}, "geometry": {"type": "LineString", "coordinates": [[86.1872, 48.8751], [86.1858, 48.8699], [86.1883, 48.8622], [86.1914, 48.856], [86.1978, 48.8446], [86.212, 48.8329], [86.2165, 48.8278], [86.2268, 48.8199], [86.2367, 48.8133], [86.2442, 48.8096], [86.2624, 48.7959], [86.2726, 48.7884], [86.2879, 48.7808], [86.2951, 48.7705], [86.3092, 48.759], [86.3171, 48.7518], [86.3299, 48.7413], [86.3422, 48.7317], [86.3508, 48.7242], [86.3594, 48.7162], [86.3766, 48.7013], [86.3862, 48.6925], [86.3952, 48.6842], [86.4054, 48.6746], [86.4139, 48.6658], [86.4216, 48.6592], [86.4254, 48.6549], [86.4288, 48.6488], [86.4314, 48.6443], [86.4354, 48.6401], [86.441, 48.6335], [86.4483, 48.6277], [86.4588, 48.6185], [86.4672, 48.6126], [86.4809, 48.6014], [86.4938, 48.5961], [86.5123, 48.5869], [86.5255, 48.5782], [86.5316, 48.5705], [86.5436, 48.5572], [86.5496, 48.5521], [86.5509, 48.5475], [86.5554, 48.5422], [86.5596, 48.5366], [86.5608, 48.5328], [86.5682, 48.5244], [86.5723, 48.519], [86.5769, 48.5134], [86.5825, 48.5056], [86.588, 48.4988], [86.5948, 48.4872], [86.5997, 48.4808], [86.6079, 48.4695], [86.6207, 48.458], [86.6277, 48.4511], [86.6315, 48.4452], [86.6342, 48.4396], [86.6389, 48.426], [86.6451, 48.4078], [86.655, 48.3929], [86.6609, 48.3838], [86.6676, 48.3764], [86.6739, 48.3685], [86.6815, 48.3607], [86.6867, 48.3551], [86.6976, 48.3429], [86.7043, 48.3344], [86.7127, 48.3229], [86.7175, 48.3172], [86.7235, 48.3102], [86.7304, 48.3012], [86.738, 48.293], [86.7448, 48.2848], [86.7539, 48.2719], [86.7641, 48.2604], [86.7801, 48.2453], [86.7975, 48.2306], [86.8113, 48.2177]]}}, {"type": "Feature", "properties": {}, "geometry": {"type": "LineString", "coordinates": [[85.1069, 49.1436], [85.12, 49.1441], [85.135, 49.1469], [85.1496, 49.1469], [85.161, 49.1445], [85.1787, 49.1427], [85.1931, 49.1415], [85.2078, 49.1444], [85.2334, 49.1457], [85.2507, 49.1483], [85.2755, 49.1577], [85.2918, 49.1647], [85.3025, 49.1718], [85.3189, 49.1723], [85.3323, 49.168], [85.3537, 49.1607], [85.3689, 49.1643], [85.374, 49.1717], [85.3955, 49.1738], [85.4007, 49.1786], [85.404, 49.182], [85.4157, 49.182], [85.4236, 49.1781], [85.4294, 49.174], [85.4448, 49.1709], [85.4538, 49.1653], [85.4582, 49.1601], [85.4663, 49.1511], [85.4737, 49.1463], [85.4874, 49.144], [85.5165, 49.1388], [85.5373, 49.1403], [85.5549, 49.1448], [85.5608, 49.1547], [85.5684, 49.1597], [85.573, 49.1624], [85.5808, 49.1609], [85.5955, 49.154], [85.6064, 49.1522], [85.6169, 49.1503], [85.6273, 49.15], [85.6422, 49.1508], [85.6513, 49.1538], [85.6616, 49.1542], [85.6702, 49.1499], [85.6839, 49.1515], [85.6922, 49.1529], [85.6967, 49.1547], [85.7059, 49.1533], [85.7167, 49.1507], [85.7276, 49.1495], [85.7368, 49.148], [85.7519, 49.15], [85.7687, 49.15], [85.779, 49.1502], [85.7843, 49.1575], [85.7883, 49.1636], [85.7987, 49.1683], [85.8123, 49.1732], [85.8313, 49.176], [85.8449, 49.1761], [85.8547, 49.1742], [85.8687, 49.1711], [85.8861, 49.1693], [85.9179, 49.1658], [85.9334, 49.1667], [85.9488, 49.1679], [85.9603, 49.1692], [85.9692, 49.1717], [85.9826, 49.1738], [85.989, 49.172], [86.0001, 49.1752], [86.0077, 49.1808], [86.0159, 49.1831], [86.032, 49.1831], [86.0398, 49.1863], [86.0444, 49.1887], [86.0569, 49.1902], [86.0755, 49.19], [86.0853, 49.1898], [86.1252, 49.191], [86.1421, 49.1925], [86.1596, 49.1963], [86.1685, 49.2012], [86.1754, 49.2057], [86.1814, 49.2086], [86.1936, 49.2092], [86.2041, 49.2085], [86.2243, 49.2099], [86.2334, 49.2112], [86.2454, 49.2135], [86.267, 49.2156], [86.2782, 49.22], [86.2898, 49.2241], [86.3034, 49.2267], [86.3125, 49.2292], [86.3281, 49.2305], [86.3411, 49.2304]]}}, {"type": "Feature", "properties": {}, "geometry": {"type": "LineString", "coordinates": [[97.4794, 52.5428], [97.491, 52.5481], [97.5032, 52.5534], [97.5162, 52.5552], [97.5308, 52.5574], [97.5419, 52.5592], [97.5549, 52.5612], [97.5646, 52.5633], [97.5737, 52.5642], [97.5866, 52.5667], [97.5941, 52.5676], [97.604, 52.5684], [97.6115, 52.5693], [97.6187, 52.572], [97.6306, 52.5759], [97.6397, 52.5797], [97.6592, 52.5838], [97.6712, 52.5855], [97.6818, 52.5872], [97.6913, 52.5884], [97.7185, 52.5901], [97.7379, 52.5894], [97.7486, 52.5885], [97.7602, 52.5855], [97.7745, 52.5827], [97.7812, 52.5813], [97.7916, 52.579], [97.8023, 52.5763], [97.8117, 52.5732], [97.8229, 52.5677], [97.8314, 52.5655], [97.8409, 52.5631], [97.8568, 52.5572], [97.8647, 52.557], [97.876, 52.5555], [97.883, 52.5525], [97.8896, 52.5499], [97.8999, 52.5465], [97.9087, 52.5434], [97.9224, 52.5387], [97.9403, 52.5352], [97.9581, 52.5322], [97.9647, 52.526], [97.9675, 52.5216]]}}, {"type": "Feature", "properties": {}, "geometry": {"type": "LineString", "coordinates": [[96.9584, 52.4367], [97.044, 52.45], [97.1158, 52.4683], [97.1618, 52.4816], [97.1906, 52.4913], [97.2273, 52.4995], [97.2441, 52.5025], [97.272, 52.5081], [97.3131, 52.5123], [97.3572, 52.5208], [97.3903, 52.5248], [97.42, 52.5289], [97.4547, 52.5355], [97.4781, 52.5425]]}}, {"type": "Feature", "properties": {}, "geometry": {"type": "LineString", "coordinates": [[96.9585, 52.4365], [96.9231, 52.4295], [96.8915, 52.4255], [96.8439, 52.4233], [96.7894, 52.4194], [96.7366, 52.4143], [96.6662, 52.4018], [96.6442, 52.3987], [96.6237, 52.3935], [96.603, 52.3899], [96.5821, 52.3807], [96.5654, 52.3758], [96.5437, 52.3681], [96.5258, 52.3639], [96.5131, 52.3564], [96.4859, 52.3463], [96.4629, 52.337], [96.4412, 52.3314]]}}, {"type": "Feature", "properties": {}, "geometry": {"type": "LineString", "coordinates": [[109.8915, 51.002], [109.9046, 51.0009], [109.9191, 51.0057], [109.9339, 51.0116], [109.9507, 51.0174], [109.959, 51.0205], [109.9662, 51.024], [109.9786, 51.0298], [109.9903, 51.035], [110.0003, 51.0419], [110.0106, 51.0481], [110.0217, 51.055], [110.0454, 51.0557], [110.0644, 51.0564], [110.0726, 51.0591], [110.0823, 51.0553], [110.0943, 51.0533], [110.1098, 51.0529], [110.1191, 51.0539], [110.1244, 51.057], [110.133, 51.0577], [110.1406, 51.0584], [110.1527, 51.0591], [110.1699, 51.0622], [110.1806, 51.0619], [110.1874, 51.0656], [110.196, 51.066], [110.2164, 51.0663]]}}, {"type": "Feature", "properties": {"name": "Chita Fault, western segment"}, "geometry": {"type": "LineString", "coordinates": [[110.675, 51.0436], [110.6867, 51.0448], [110.6991, 51.0477], [110.7078, 51.0496], [110.7156, 51.0481], [110.7306, 51.0474], [110.7425, 51.0474], [110.7554, 51.0495], [110.7628, 51.0484], [110.7715, 51.0467], [110.7851, 51.0464], [110.7951, 51.0453], [110.8044, 51.0412], [110.8182, 51.0388], [110.8387, 51.0359], [110.8476, 51.0343], [110.8619, 51.0316], [110.8736, 51.0302], [110.8857, 51.0266], [110.8998, 51.0226], [110.9137, 51.0218], [110.9294, 51.0178], [110.9385, 51.0188], [110.9545, 51.018], [110.9688, 51.014], [110.9866, 51.0078], [111.0019, 51.0049], [111.028, 51.0064], [111.0473, 51.01], [111.0716, 51.0154], [111.0857, 51.0156], [111.0988, 51.0174], [111.1183, 51.0261], [111.1331, 51.0302], [111.141, 51.034], [111.1558, 51.0381], [111.1744, 51.0405], [111.1988, 51.0484], [111.2195, 51.0533], [111.2339, 51.0567], [111.2424, 51.0631], [111.2496, 51.0662], [111.2646, 51.0684], [111.2742, 51.0731], [111.2835, 51.0756], [111.3018, 51.0762], [111.3143, 51.0792], [111.325, 51.0829], [111.3433, 51.0849], [111.3567, 51.0834], [111.3649, 51.0844], [111.3822, 51.0834], [111.3989, 51.0817], [111.4162, 51.0775], [111.4331, 51.0784], [111.4498, 51.0815], [111.4686, 51.0822], [111.4784, 51.0839], [111.4855, 51.087], [111.4913, 51.0887], [111.5006, 51.0879], [111.5044, 51.0904], [111.5152, 51.0901], [111.5176, 51.0899], [111.5297, 51.0899], [111.5381, 51.0899], [111.5519, 51.0877], [111.5584, 51.088], [111.5684, 51.0879], [111.5782, 51.0865], [111.5912, 51.0832], [111.5987, 51.0823], [111.6125, 51.0799], [111.6254, 51.0798], [111.6344, 51.0768]]}}, {"type": "Feature", "properties": {"name": "Chita Fault"}, "geometry": {"type": "LineString", "coordinates": [[111.6049, 51.0875], [111.617, 51.0927], [111.6311, 51.0992], [111.6383, 51.1047], [111.6438, 51.1126], [111.6559, 51.1192], [111.6645, 51.1264], [111.6772, 51.134], [111.6807, 51.1429], [111.6848, 51.1485], [111.703, 51.1571], [111.7096, 51.1598], [111.7179, 51.166], [111.7285, 51.1736], [111.7395, 51.1767], [111.7499, 51.1794], [111.7619, 51.1829], [111.7692, 51.188], [111.7798, 51.1925], [111.7908, 51.196], [111.805, 51.2035], [111.8163, 51.2087], [111.8353, 51.2111], [111.8494, 51.2159], [111.8614, 51.2187], [111.8821, 51.2225], [111.8921, 51.2287], [111.9055, 51.2353], [111.9103, 51.2392], [111.9177, 51.2425], [111.9241, 51.2464], [111.9283, 51.2511], [111.9311, 51.2546], [111.9393, 51.2578], [111.9434, 51.2616], [111.9459, 51.2657], [111.9526, 51.2684], [111.9574, 51.2715], [111.9617, 51.2739], [111.9669, 51.2771], [111.9744, 51.2849], [111.9818, 51.2895], [111.9884, 51.2959], [112.0037, 51.3061], [112.0109, 51.3092], [112.0175, 51.3117], [112.0225, 51.3172], [112.0268, 51.3195], [112.0374, 51.3191], [112.051, 51.3214], [112.0628, 51.3226], [112.0746, 51.3257], [112.0824, 51.3276], [112.0881, 51.3295], [112.0936, 51.3312], [112.0989, 51.3321], [112.1044, 51.3326], [112.1135, 51.3364], [112.1215, 51.3405], [112.1295, 51.3427], [112.1344, 51.3477], [112.1404, 51.352], [112.1485, 51.3598], [112.1552, 51.3672], [112.1629, 51.3756], [112.1719, 51.387], [112.185, 51.4033], [112.1946, 51.4126], [112.196, 51.4185], [112.1981, 51.4243], [112.2012, 51.4291], [112.2125, 51.434], [112.2256, 51.4395], [112.2387, 51.4464], [112.2544, 51.452], [112.2631, 51.4541], [112.2729, 51.4586], [112.2805, 51.4612], [112.2914, 51.4644], [112.3022, 51.471], [112.3113, 51.4753], [112.322, 51.4784], [112.3325, 51.4773], [112.342, 51.4792], [112.3508, 51.4827], [112.3656, 51.4866], [112.3757, 51.4882], [112.3936, 51.4897], [112.4043, 51.4884], [112.4208, 51.4873], [112.4308, 51.4849], [112.4518, 51.4849], [112.4635, 51.4891], [112.4773, 51.4894], [112.4845, 51.4935], [112.5048, 51.4952], [112.5245, 51.4942], [112.5319, 51.4959], [112.5455, 51.499], [112.5551, 51.4999], [112.5647, 51.4994], [112.5766, 51.4997], [112.5914, 51.4989], [112.6061, 51.5016], [112.6224, 51.504], [112.6412, 51.5107], [112.6534, 51.5147], [112.6639, 51.5176], [112.671, 51.5269], [112.6856, 51.5299], [112.697, 51.5328], [112.7088, 51.5373], [112.7183, 51.5404], [112.7259, 51.5426], [112.7333, 51.5464], [112.7396, 51.5509], [112.7503, 51.554], [112.7591, 51.5555], [112.7691, 51.5586], [112.7784, 51.561], [112.7841, 51.5651], [112.792, 51.5694], [112.7997, 51.5725], [112.8064, 51.5781], [112.8121, 51.5861], [112.8178, 51.5917], [112.8238, 51.5975], [112.8338, 51.6077], [112.8393, 51.6147], [112.8515, 51.6197], [112.8608, 51.6259], [112.8664, 51.6307], [112.8729, 51.6335], [112.9008, 51.6417], [112.9063, 51.649], [112.9166, 51.6562], [112.9237, 51.6641], [112.9309, 51.671], [112.9402, 51.6765], [112.9479, 51.6848]]}}, {"type": "Feature", "properties": {"name": "Ulaan Ude Fault"}, "geometry": {"type": "LineString", "coordinates": [[107.0795, 51.7603], [107.093, 51.7675], [107.1095, 51.7744], [107.115, 51.783], [107.1215, 51.7906], [107.1308, 51.7983], [107.1427, 51.8033], [107.1477, 51.8057], [107.1515, 51.808], [107.1637, 51.8121], [107.1715, 51.813], [107.1766, 51.8143], [107.1839, 51.8148], [107.1923, 51.8138], [107.2018, 51.8114], [107.2095, 51.8112], [107.2167, 51.8097], [107.2298, 51.8102], [107.2393, 51.8083], [107.2474, 51.8092], [107.2553, 51.8086], [107.2648, 51.8064], [107.2763, 51.8069], [107.2859, 51.808], [107.2909, 51.8116], [107.3006, 51.8112], [107.3066, 51.8078], [107.3135, 51.8054], [107.3221, 51.8081], [107.3321, 51.8131], [107.3472, 51.8171], [107.3545, 51.8222], [107.3651, 51.8276], [107.3706, 51.8314], [107.378, 51.8331], [107.3841, 51.8341], [107.3928, 51.8345], [107.4109, 51.8393], [107.4245, 51.8391], [107.4352, 51.8357], [107.4478, 51.8334], [107.4646, 51.8327], [107.4793, 51.8324], [107.4863, 51.836], [107.4956, 51.8451], [107.5555, 51.8517], [107.58, 51.8469], [107.6113, 51.8458], [107.6271, 51.8448], [107.6358, 51.8438], [107.6447, 51.8434], [107.671, 51.84], [107.6781, 51.8403], [107.6871, 51.8443], [107.7013, 51.8501], [107.7161, 51.8673], [107.723, 51.8721], [107.7327, 51.8752], [107.7461, 51.8786], [107.7592, 51.8776], [107.7764, 51.8803], [107.7902, 51.8865], [107.806, 51.8934], [107.8329, 51.9027]]}}, {"type": "Feature", "properties": {}, "geometry": {"type": "LineString", "coordinates": [[107.6979, 51.9096], [107.711, 51.912], [107.7182, 51.915], [107.722, 51.916], [107.7272, 51.916], [107.7316, 51.9165], [107.7356, 51.9177], [107.7406, 51.918], [107.7449, 51.9186], [107.7506, 51.9186], [107.7561, 51.9189], [107.7662, 51.9203], [107.7754, 51.921], [107.7812, 51.9241], [107.7859, 51.9263], [107.791, 51.9282], [107.7946, 51.9294], [107.7988, 51.9318], [107.8003, 51.937], [107.8069, 51.942], [107.8186, 51.9489], [107.8306, 51.9513], [107.8389, 51.9552], [107.8465, 51.9566], [107.8521, 51.9592], [107.8564, 51.9602], [107.8687, 51.9616], [107.8774, 51.9619], [107.8904, 51.965], [107.8978, 51.9661], [107.9052, 51.9675], [107.9079, 51.9681], [107.9121, 51.9673], [107.9186, 51.9671], [107.9244, 51.969], [107.9313, 51.9702], [107.9391, 51.9724], [107.943, 51.9742], [107.947, 51.9745], [107.9535, 51.9728], [107.9601, 51.9738], [107.9678, 51.9733], [107.9775, 51.9757], [107.985, 51.9805], [107.9916, 51.9804], [107.9945, 51.9811], [108.0023, 51.9802], [108.0086, 51.9802], [108.0207, 51.983], [108.0331, 51.9864], [108.0403, 51.9883], [108.0549, 51.9902], [108.0635, 51.9929], [108.0711, 51.9945], [108.0756, 51.9953], [108.087, 51.996], [108.0949, 51.9969], [108.1024, 51.9978], [108.1074, 52.0007], [108.119, 52.0036], [108.131, 52.0089], [108.1376, 52.0163], [108.1434, 52.0234], [108.1451, 52.0294], [108.1515, 52.0329], [108.1639, 52.0398], [108.1732, 52.0437], [108.1784, 52.0468], [108.1859, 52.0497], [108.1956, 52.0501], [108.21, 52.0496], [108.2202, 52.0509], [108.2281, 52.0575], [108.2369, 52.0618], [108.2555, 52.0671], [108.2713, 52.0675], [108.2904, 52.069], [108.3089, 52.0695], [108.3252, 52.0749], [108.3397, 52.0811], [108.3581, 52.0869], [108.3693, 52.0881], [108.3769, 52.0897], [108.3848, 52.0928], [108.3932, 52.0945], [108.4013, 52.0974], [108.4051, 52.0986], [108.4116, 52.099], [108.4201, 52.099], [108.4307, 52.1017], [108.4361, 52.1076], [108.4381, 52.114], [108.4455, 52.1176], [108.4535, 52.1219], [108.4605, 52.1248], [108.4678, 52.1267], [108.4791, 52.1296], [108.4879, 52.1341], [108.4927, 52.1358], [108.5029, 52.1412], [108.5135, 52.1425]]}}]}